record_id,source_type,is_synthetic,citation,doi,sensor_noise_applied,validation_status,feedstock_name,feedstock_category,carbon_pct,hydrogen_pct,oxygen_pct,nitrogen_pct,sulfur_pct,ash_pct,moisture_ar_pct,volatile_matter_pct,fixed_carbon_pct,particle_size_mm,bulk_density_kg_m3,feedstock_hhv_dry_mj_kg,feedstock_lhv_ar_mj_kg,feed_rate_wet_kg_h,dryer_temp_c,dried_biomass_moisture_pct,reactor_temp_c,heating_rate_c_min,residence_time_min,biochar_yield_dry_pct,bio_oil_yield_dry_pct,syngas_yield_dry_pct,recovered_biochar_kg_h,recovered_bio_oil_kg_h,clean_syngas_kg_h,dryer_exhaust_water_kg_h,mass_balance_closure_pct,syngas_co_vol_pct,syngas_co2_vol_pct,syngas_ch4_vol_pct,syngas_h2_vol_pct,syngas_c2h6_vol_pct,syngas_mw_kg_kmol,syngas_volume_flow_nm3_h,syngas_lhv_vol_mj_nm3,bio_oil_water_pct,bio_oil_hhv_mj_kg,bio_oil_predicted_ph,bio_oil_tan_mg_koh_g,bio_oil_density_kg_m3,bio_oil_kinematic_viscosity_cst,drying_thermal_duty_kw,reactor_thermal_duty_kw,gross_thermal_demand_kw,combustor_heat_recovered_kw,thermal_self_sufficiency_index_pct,is_thermally_self_sufficient,energy_recovery_ratio_pct,net_thermal_efficiency_pct,second_law_exergy_efficiency_pct
SYN_00001,SYNTHETIC_SIMULATED,True,,,True,VERIFIED,Pine Sawdust,woody_biomass,51.5,6.3,41.6,0.2,0.05,0.35,27.866038729678944,82.5,17.15,2.0,420.0,21.095,13.544,72.25274291248024,105.0,8.0,575.73,56.21,0.11,15.73,47.6,36.67,8.031,28.129,20.201,15.602,100.0,47.34,21.72,14.68,9.62,4.55,27.11,16.77,15.17,25.59,14.34,2.22,96.4,1163.7,20.4,17.64,26.29,43.94,59.15,134.63,True,77.54,76.59,77.22
SYN_00002,SYNTHETIC_SIMULATED,True,,,True,VERIFIED,Beech Wood,woody_biomass,49.5,6.1,43.8,0.2,0.02,0.38,9.37297773328248,84.0,15.62,2.0,460.0,19.93,16.627,487.8157139958128,105.0,8.0,750.62,33.94,28.64,12.67,7.58,79.75,55.065,69.166,357.094,7.28,100.0,46.68,14.68,15.65,16.51,4.59,24.1,330.6,16.2,59.01,6.33,2.37,47.9,1090.2,5.0,30.12,326.35,356.48,1245.39,349.36,True,60.99,60.6,59.86
SYN_00003,SYNTHETIC_SIMULATED,True,,,True,VERIFIED,Olive Pomace,agricultural_residue,50.2,6.2,39.8,1.4,0.1,2.3,7.770866264335465,76.5,21.2,2.0,550.0,20.655,17.612,409.1195040246686,105.0,7.770866264335465,627.59,119.3,0.84,15.41,38.22,46.37,57.353,169.341,179.751,0.0,100.0,47.34,17.86,15.26,12.97,4.57,25.56,159.59,15.75,27.9,13.51,2.23,90.6,1158.6,16.8,0.0,215.39,215.39,584.54,271.38,True,69.27,69.19,69.05
SYN_00004,SYNTHETIC_SIMULATED,True,,,True,VERIFIED,Wheat Straw,agricultural_residue,46.5,5.9,41.2,0.7,0.1,5.6,23.840108804470255,75.0,19.4,2.0,220.0,18.806,12.76,495.2247164127556,105.0,8.0,727.12,150.43,0.47,17.1,24.95,57.95,63.504,121.946,223.709,85.265,100.0,46.75,14.95,15.61,16.21,4.58,24.22,206.93,16.16,34.74,10.81,2.27,77.3,1143.6,9.4,101.26,266.36,367.63,777.52,211.5,True,64.61,64.11,63.95
SYN_00005,SYNTHETIC_SIMULATED,True,,,True,VERIFIED,Rice Husk,agricultural_residue,39.5,5.1,36.5,0.4,0.1,18.4,25.54859768117549,63.5,18.1,2.0,340.0,15.64,10.192,478.75227599927945,105.0,8.0,483.47,130.25,33.72,39.75,39.72,20.53,141.045,164.1,79.872,91.32,100.0,43.24,34.5,11.91,3.91,4.2,30.95,58.0,12.82,27.81,10.15,2.22,98.3,1158.8,16.9,105.97,141.76,247.72,172.87,69.78,False,80.98,74.81,77.94
SYN_00006,SYNTHETIC_SIMULATED,True,,,True,VERIFIED,Sugarcane Bagasse,agricultural_residue,48.0,5.8,43.5,0.3,0.05,2.35,22.53811269953161,81.0,16.65,2.0,180.0,19.044,13.221,185.2680368381046,105.0,8.0,607.82,30.05,0.76,16.32,41.19,42.49,23.158,68.984,65.246,29.277,100.0,47.44,19.17,15.08,11.7,4.57,26.12,54.78,15.56,27.34,12.51,2.23,92.5,1159.9,17.6,35.5,78.01,113.52,198.23,174.63,True,72.73,72.1,72.79
SYN_00007,SYNTHETIC_SIMULATED,True,,,True,VERIFIED,Miscanthus,energy_crop,48.5,5.7,42.6,0.6,0.1,2.5,10.111922035065579,79.5,18.0,2.0,200.0,19.191,15.885,394.113170121081,105.0,8.0,352.4,7.54,0.22,64.65,22.93,12.43,227.627,107.28,48.114,9.047,100.0,32.08,54.9,6.76,0.98,3.09,35.58,30.56,8.54,36.2,10.8,2.22,98.1,1140.4,8.3,27.21,94.59,121.8,60.7,49.84,False,101.6,97.66,100.84
SYN_00008,SYNTHETIC_SIMULATED,True,,,True,VERIFIED,Almond Shells,nut_shells,51.0,6.0,39.5,0.5,0.05,2.95,22.419309379338845,73.5,23.55,2.0,480.0,20.725,14.516,494.83791089154596,105.0,8.0,535.36,110.08,9.97,21.3,47.9,30.8,80.993,209.273,127.336,77.557,100.0,46.42,26.25,13.8,6.89,4.47,28.64,99.32,14.39,25.52,14.13,2.22,98.6,1163.9,20.6,94.25,175.51,269.76,332.35,123.2,True,77.59,77.15,77.83
SYN_00009,SYNTHETIC_SIMULATED,True,,,True,VERIFIED,Pine Sawdust,woody_biomass,51.5,6.3,41.6,0.2,0.05,0.35,14.484889034729026,82.5,17.15,2.0,420.0,21.095,16.51,131.08286308401205,105.0,8.0,701.12,450.91,21.2,12.45,16.21,71.33,13.709,26.767,81.548,9.24,100.0,46.86,15.38,15.55,15.71,4.58,24.43,74.4,16.09,42.72,10.48,2.29,68.9,1126.0,5.0,14.71,75.12,89.83,278.44,309.97,True,63.89,63.31,62.67
SYN_00010,SYNTHETIC_SIMULATED,True,,,True,VERIFIED,Beech Wood,woody_biomass,49.5,6.1,43.8,0.2,0.02,0.38,27.084206668560075,84.0,15.62,2.0,460.0,19.93,12.9,154.53820908214792,105.0,8.0,484.81,17.48,4.82,27.7,50.37,21.92,30.502,64.288,27.223,32.057,100.0,43.28,34.42,11.93,3.93,4.2,30.93,19.83,12.83,24.95,13.63,2.21,102.2,1165.1,21.6,36.55,44.87,81.42,59.18,72.69,False,87.56,82.85,85.27
SYN_00011,SYNTHETIC_SIMULATED,True,,,True,VERIFIED,Olive Pomace,agricultural_residue,50.2,6.2,39.8,1.4,0.1,2.3,21.612368742686186,76.5,21.2,2.0,550.0,20.655,14.603,158.44612912199852,105.0,8.0,387.68,379.68,3.28,52.23,33.94,13.83,63.805,51.471,19.227,23.444,100.0,34.61,50.61,7.87,1.32,3.37,34.67,12.47,9.48,29.95,13.06,2.2,104.2,1154.1,14.1,28.92,37.23,66.15,27.49,41.56,False,97.78,91.16,93.83
SYN_00012,SYNTHETIC_SIMULATED,True,,,True,VERIFIED,Wheat Straw,agricultural_residue,46.5,5.9,41.2,0.7,0.1,5.6,26.548523707312402,75.0,19.4,2.0,220.0,18.806,12.22,187.28476971361414,105.0,8.0,732.24,217.2,0.79,17.08,24.17,58.75,23.257,43.096,82.581,37.759,100.0,46.73,14.88,15.62,16.29,4.58,24.19,76.56,16.17,35.29,10.7,2.27,76.4,1142.4,9.0,43.3,98.19,141.49,287.86,203.44,True,64.82,64.15,64.03
SYN_00013,SYNTHETIC_SIMULATED,True,,,True,VERIFIED,Rice Husk,agricultural_residue,39.5,5.1,36.5,0.4,0.1,18.4,17.862119073773975,63.5,18.1,2.0,340.0,15.64,11.496,170.0887212276187,105.0,8.0,413.51,20.29,17.29,55.82,29.75,14.43,76.494,51.387,22.507,18.233,100.0,36.94,46.57,8.9,1.75,3.61,33.79,14.8,10.34,31.9,9.44,2.22,98.8,1149.8,12.0,24.75,45.53,70.27,35.58,50.63,False,82.93,75.79,79.57
SYN_00014,SYNTHETIC_SIMULATED,True,,,True,VERIFIED,Sugarcane Bagasse,agricultural_residue,48.0,5.8,43.5,0.3,0.05,2.35,14.225105714001852,81.0,16.65,2.0,180.0,19.044,14.902,115.77660363526672,105.0,8.0,374.96,79.85,29.41,53.93,32.75,13.32,52.99,39.61,14.712,7.834,100.0,33.74,52.08,7.49,1.19,3.28,34.98,9.53,9.16,30.46,11.87,2.2,104.6,1153.0,13.5,12.69,28.73,41.42,20.3,49.02,False,97.31,92.23,95.42
SYN_00015,SYNTHETIC_SIMULATED,True,,,True,VERIFIED,Miscanthus,energy_crop,48.5,5.7,42.6,0.6,0.1,2.5,22.258476363250704,79.5,18.0,2.0,200.0,19.191,13.409,228.72854857260887,105.0,8.0,476.53,370.19,1.67,29.45,49.7,20.85,50.999,100.182,41.064,35.449,100.0,42.64,35.79,11.59,3.59,4.15,31.28,29.55,12.56,25.1,13.1,2.21,102.6,1164.8,21.3,43.2,69.31,112.51,86.31,76.71,False,85.01,81.36,83.67
SYN_00016,SYNTHETIC_SIMULATED,True,,,True,VERIFIED,Almond Shells,nut_shells,51.0,6.0,39.5,0.5,0.05,2.95,18.011645682603074,73.5,23.55,2.0,480.0,20.725,15.479,244.58544717583146,105.0,8.0,738.42,520.12,0.28,15.03,25.94,59.03,29.372,66.743,122.059,26.616,100.0,46.71,14.8,15.63,16.38,4.58,24.15,112.44,16.18,34.09,12.22,2.27,77.5,1145.0,9.9,35.95,145.02,180.97,423.08,233.79,True,65.78,65.29,64.9
SYN_00017,SYNTHETIC_SIMULATED,True,,,True,VERIFIED,Pine Sawdust,woody_biomass,51.5,6.3,41.6,0.2,0.05,0.35,18.075972689043176,82.5,17.15,2.0,420.0,21.095,15.714,448.5174452801543,105.0,8.0,711.39,13.94,11.81,13.32,16.71,69.98,47.964,89.935,261.854,49.122,100.0,46.81,15.17,15.58,15.96,4.58,24.33,240.32,16.12,42.12,10.61,2.29,69.2,1127.3,5.0,66.21,252.05,318.26,901.14,283.15,True,65.1,64.68,64.04
SYN_00018,SYNTHETIC_SIMULATED,True,,,True,VERIFIED,Beech Wood,woody_biomass,49.5,6.1,43.8,0.2,0.02,0.38,9.12540253820118,84.0,15.62,2.0,460.0,19.93,16.679,97.24604001384931,105.0,8.0,449.58,5.23,11.98,36.3,45.14,18.55,32.111,45.87,18.399,1.19,100.0,40.63,39.81,10.6,2.75,3.97,32.25,12.72,11.75,26.21,13.36,2.21,103.2,1162.3,19.4,5.77,32.33,38.1,34.73,91.17,False,89.31,87.91,90.08
SYN_00019,SYNTHETIC_SIMULATED,True,,,True,VERIFIED,Olive Pomace,agricultural_residue,50.2,6.2,39.8,1.4,0.1,2.3,24.649481534973592,76.5,21.2,2.0,550.0,20.655,13.942,355.1701555801643,105.0,8.0,467.72,12.74,6.35,33.88,46.14,19.98,87.972,141.655,59.074,64.276,100.0,41.97,37.18,11.25,3.27,4.09,31.62,42.06,12.28,25.95,13.94,2.21,102.2,1162.9,19.8,75.46,102.07,177.53,120.14,67.67,False,87.96,83.29,85.39
SYN_00020,SYNTHETIC_SIMULATED,True,,,True,VERIFIED,Wheat Straw,agricultural_residue,46.5,5.9,41.2,0.7,0.1,5.6,7.038180899546827,75.0,19.4,2.0,220.0,18.806,16.114,284.44200387330454,105.0,7.038180899546827,552.22,5.44,0.5,23.45,44.58,31.97,60.976,132.628,89.494,0.0,100.0,46.92,24.28,14.2,7.94,4.51,28.01,72.06,14.74,24.78,12.84,2.22,98.7,1165.5,21.9,0.0,124.93,124.93,246.95,197.67,True,72.86,72.75,73.54
SYN_00021,SYNTHETIC_SIMULATED,True,,,True,VERIFIED,Rice Husk,agricultural_residue,39.5,5.1,36.5,0.4,0.1,18.4,25.695585429550114,63.5,18.1,2.0,340.0,15.64,10.167,327.36275810376,105.0,8.0,547.58,6.11,0.21,34.05,36.5,29.45,80.803,107.444,77.388,62.966,100.0,46.77,24.9,14.08,7.59,4.5,28.21,60.4,14.63,28.93,9.95,2.23,93.6,1156.4,15.4,72.93,114.19,187.12,205.46,109.8,True,77.6,76.91,78.3
SYN_00022,SYNTHETIC_SIMULATED,True,,,True,VERIFIED,Sugarcane Bagasse,agricultural_residue,48.0,5.8,43.5,0.3,0.05,2.35,13.033571630769021,81.0,16.65,2.0,180.0,19.044,15.143,186.06368029080173,105.0,8.0,544.61,96.63,6.26,19.47,48.99,31.54,31.356,89.543,55.28,10.18,100.0,46.64,25.42,13.97,7.31,4.49,28.38,43.25,14.54,25.27,12.93,2.22,98.6,1164.4,21.0,18.21,75.18,93.39,146.22,156.58,True,75.9,75.35,76.48
SYN_00023,SYNTHETIC_SIMULATED,True,,,True,VERIFIED,Miscanthus,energy_crop,48.5,5.7,42.6,0.6,0.1,2.5,10.479903097485066,79.5,18.0,2.0,200.0,19.191,15.81,388.3236560782761,105.0,8.0,625.97,101.17,8.66,15.39,34.37,50.24,52.045,145.444,182.269,10.467,100.0,47.36,17.99,15.24,12.83,4.57,25.62,158.01,15.73,29.77,12.13,2.24,88.4,1154.5,14.3,28.22,197.57,225.79,578.05,256.01,True,68.14,67.71,67.97
SYN_00024,SYNTHETIC_SIMULATED,True,,,True,VERIFIED,Almond Shells,nut_shells,51.0,6.0,39.5,0.5,0.05,2.95,10.67668056108364,73.5,23.55,2.0,480.0,20.725,17.082,261.46186059921365,105.0,8.0,697.19,37.97,0.22,15.69,28.98,55.33,35.742,84.076,130.803,7.607,100.0,46.89,15.47,15.54,15.61,4.58,24.47,121.59,16.08,32.31,12.62,2.26,81.7,1148.9,11.5,19.51,155.14,174.65,454.73,260.37,True,66.31,65.87,65.61
SYN_00025,SYNTHETIC_SIMULATED,True,,,True,VERIFIED,Pine Sawdust,woody_biomass,51.5,6.3,41.6,0.2,0.05,0.35,6.314979469153684,82.5,17.15,2.0,420.0,21.095,18.32,139.43827684614809,105.0,6.314979469153684,617.7,32.33,5.38,14.3,39.01,46.68,18.17,57.507,62.948,0.0,100.0,47.41,18.56,15.16,12.28,4.57,25.87,54.92,15.65,24.97,14.48,2.22,95.0,1165.1,21.6,0.0,71.8,71.8,199.87,278.37,True,71.12,70.91,70.99
SYN_00026,SYNTHETIC_SIMULATED,True,,,True,VERIFIED,Beech Wood,woody_biomass,49.5,6.1,43.8,0.2,0.02,0.38,16.864041418736505,84.0,15.62,2.0,460.0,19.93,15.051,121.05994362777402,105.0,8.0,451.92,19.31,1.71,34.45,46.92,18.63,34.212,53.595,21.131,11.664,100.0,40.7,39.66,10.64,2.77,3.97,32.22,14.6,11.78,25.76,13.46,2.21,103.8,1163.3,20.2,16.42,36.91,53.33,39.99,74.99,False,89.66,86.37,88.75
SYN_00027,SYNTHETIC_SIMULATED,True,,,True,VERIFIED,Olive Pomace,agricultural_residue,50.2,6.2,39.8,1.4,0.1,2.3,10.307025701551932,76.5,21.2,2.0,550.0,20.655,17.061,464.60522832431906,105.0,8.0,393.53,340.74,0.45,50.12,35.63,14.25,204.461,173.942,65.618,11.651,100.0,35.31,49.41,8.18,1.44,3.45,34.41,43.5,9.73,29.26,13.21,2.2,104.4,1155.6,15.0,32.97,128.29,161.26,98.49,61.07,False,94.66,91.43,93.69
SYN_00028,SYNTHETIC_SIMULATED,True,,,True,VERIFIED,Wheat Straw,agricultural_residue,46.5,5.9,41.2,0.7,0.1,5.6,21.269064083376385,75.0,19.4,2.0,220.0,18.806,13.273,354.1488801886368,105.0,8.0,698.13,487.85,12.8,17.26,15.68,67.05,48.199,65.306,188.432,51.079,100.0,46.9,15.5,15.54,15.57,4.57,24.49,173.62,16.07,43.39,9.06,2.3,68.4,1124.5,5.0,63.43,184.51,247.94,649.1,261.8,True,61.63,61.11,60.67
SYN_00029,SYNTHETIC_SIMULATED,True,,,True,VERIFIED,Rice Husk,agricultural_residue,39.5,5.1,36.5,0.4,0.1,18.4,18.49535831829686,63.5,18.1,2.0,340.0,15.64,11.389,190.77270126229146,105.0,8.0,448.9,17.4,14.85,47.86,35.11,17.04,73.809,65.114,29.268,21.763,100.0,40.26,40.5,10.43,2.62,3.93,32.42,20.2,11.6,29.47,9.86,2.22,99.0,1155.2,14.7,28.95,56.26,85.21,54.51,63.97,False,81.34,75.53,78.79
SYN_00030,SYNTHETIC_SIMULATED,True,,,True,VERIFIED,Sugarcane Bagasse,agricultural_residue,48.0,5.8,43.5,0.3,0.05,2.35,18.219953842782793,81.0,16.65,2.0,180.0,19.044,14.094,430.26229135268204,105.0,8.0,687.62,190.01,10.7,14.27,21.56,64.17,49.238,101.766,230.593,47.796,100.0,46.94,15.68,15.52,15.36,4.57,24.57,209.85,16.05,37.29,10.46,2.27,76.1,1138.0,7.6,64.12,229.03,293.15,783.3,267.2,True,64.78,64.31,64.15
SYN_00031,SYNTHETIC_SIMULATED,True,,,True,VERIFIED,Miscanthus,energy_crop,48.5,5.7,42.6,0.6,0.1,2.5,11.607583576267135,79.5,18.0,2.0,200.0,19.191,15.58,187.76398370585676,105.0,8.0,615.85,38.54,19.32,16.1,32.39,51.51,26.422,65.213,88.303,7.363,100.0,47.4,18.5,15.17,12.34,4.57,25.84,76.52,15.66,30.63,11.95,2.24,87.7,1152.6,13.3,15.73,92.44,108.18,278.65,257.58,True,68.24,67.71,67.98
SYN_00032,SYNTHETIC_SIMULATED,True,,,True,VERIFIED,Almond Shells,nut_shells,51.0,6.0,39.5,0.5,0.05,2.95,9.624494088972819,73.5,23.55,2.0,480.0,20.725,17.312,81.06883768643308,105.0,8.0,543.53,31.3,1.93,21.54,47.78,30.68,15.524,40.013,23.789,1.431,100.0,46.62,25.51,13.95,7.26,4.49,28.41,19.04,14.52,25.55,14.12,2.22,98.3,1163.8,20.5,5.21,33.98,39.18,64.3,164.09,True,75.94,75.24,75.99
SYN_00033,SYNTHETIC_SIMULATED,True,,,True,VERIFIED,Pine Sawdust,woody_biomass,51.5,6.3,41.6,0.2,0.05,0.35,21.479269938658053,82.5,17.15,2.0,420.0,21.095,14.96,461.4735002578897,105.0,8.0,368.21,586.66,0.3,54.23,32.67,13.1,193.6,146.105,52.628,67.612,100.0,33.24,52.94,7.27,1.12,3.22,35.17,34.08,8.97,30.5,13.23,2.2,105.2,1152.9,13.5,83.61,102.5,186.11,71.1,38.2,False,101.35,94.91,97.68
SYN_00034,SYNTHETIC_SIMULATED,True,,,True,VERIFIED,Beech Wood,woody_biomass,49.5,6.1,43.8,0.2,0.02,0.38,12.887360237135356,84.0,15.62,2.0,460.0,19.93,15.887,407.7476876316374,105.0,8.0,427.52,90.8,0.13,39.24,44.39,16.37,138.901,179.884,65.561,21.661,100.0,38.21,44.29,9.48,2.04,3.74,33.29,44.22,10.82,26.41,13.31,2.2,105.4,1161.9,19.1,39.32,120.62,159.94,111.26,69.56,False,91.87,88.74,91.26
SYN_00035,SYNTHETIC_SIMULATED,True,,,True,VERIFIED,Olive Pomace,agricultural_residue,50.2,6.2,39.8,1.4,0.1,2.3,16.520220913922127,76.5,21.2,2.0,550.0,20.655,15.71,452.4561639316866,105.0,8.0,674.9,745.53,4.86,14.68,28.61,56.71,54.701,136.965,220.619,41.902,100.0,47.02,16.04,15.47,14.95,4.57,24.74,199.18,16.0,32.51,12.49,2.25,82.5,1148.5,11.4,59.84,238.97,298.81,741.21,248.05,True,66.93,66.51,66.13
SYN_00036,SYNTHETIC_SIMULATED,True,,,True,VERIFIED,Wheat Straw,agricultural_residue,46.5,5.9,41.2,0.7,0.1,5.6,13.259029555964808,75.0,19.4,2.0,220.0,18.806,14.872,451.25034303901305,105.0,8.0,666.14,7.9,37.12,18.73,18.8,62.47,72.008,102.694,248.384,25.795,100.0,47.09,16.36,15.44,14.59,4.57,24.89,224.11,15.96,39.83,9.78,2.28,74.0,1132.4,6.1,45.17,242.18,287.35,831.68,289.44,True,62.6,62.16,61.9
SYN_00037,SYNTHETIC_SIMULATED,True,,,True,VERIFIED,Rice Husk,agricultural_residue,39.5,5.1,36.5,0.4,0.1,18.4,16.018851229726327,63.5,18.1,2.0,340.0,15.64,11.809,462.4409504844765,105.0,8.0,446.61,128.05,0.32,46.18,36.87,16.95,177.336,169.365,72.51,40.307,100.0,40.17,40.68,10.38,2.59,3.92,32.46,50.34,11.57,28.79,9.98,2.21,100.1,1156.7,15.6,58.88,140.11,198.99,135.42,68.06,False,80.66,75.91,78.88
SYN_00038,SYNTHETIC_SIMULATED,True,,,True,VERIFIED,Sugarcane Bagasse,agricultural_residue,48.0,5.8,43.5,0.3,0.05,2.35,22.511033900066195,81.0,16.65,2.0,180.0,19.044,13.226,63.0198838586653,105.0,8.0,397.45,58.69,0.16,49.49,36.19,14.32,23.588,21.172,7.839,9.94,100.0,35.42,49.22,8.22,1.46,3.46,34.37,5.13,9.77,29.05,12.16,2.2,104.6,1156.1,15.2,12.06,15.09,27.15,11.67,42.96,False,96.66,88.92,92.36
SYN_00039,SYNTHETIC_SIMULATED,True,,,True,VERIFIED,Miscanthus,energy_crop,48.5,5.7,42.6,0.6,0.1,2.5,26.54471614583292,79.5,18.0,2.0,200.0,19.191,12.535,340.7284776350309,105.0,8.0,568.13,8.02,1.83,19.34,45.38,35.28,47.539,130.579,93.844,68.682,100.0,47.22,22.62,14.52,8.99,4.54,27.44,76.55,15.02,26.15,12.88,2.22,96.1,1162.5,19.5,78.76,123.51,202.27,267.38,132.19,True,76.83,76.27,77.21
SYN_00040,SYNTHETIC_SIMULATED,True,,,True,VERIFIED,Almond Shells,nut_shells,51.0,6.0,39.5,0.5,0.05,2.95,7.873571185669428,73.5,23.55,2.0,480.0,20.725,17.695,368.5693207917978,105.0,7.873571185669428,734.93,11.86,0.15,16.05,25.43,58.52,53.724,109.271,204.972,0.0,100.0,46.72,14.85,15.62,16.32,4.58,24.18,188.48,16.17,34.14,12.21,2.27,77.7,1144.9,9.9,0.0,243.08,243.08,708.84,291.6,True,65.28,65.2,64.72
SYN_00041,SYNTHETIC_SIMULATED,True,,,True,VERIFIED,Pine Sawdust,woody_biomass,51.5,6.3,41.6,0.2,0.05,0.35,13.14552646101813,82.5,17.15,2.0,420.0,21.095,16.807,324.3632184326408,105.0,8.0,488.77,72.95,5.15,25.47,51.87,22.66,71.122,164.714,70.223,18.142,100.0,43.7,33.5,12.15,4.18,4.24,30.69,51.6,13.01,24.63,14.56,2.21,102.4,1165.8,22.2,32.1,113.84,145.94,156.19,107.02,True,83.77,83.35,84.59
SYN_00042,SYNTHETIC_SIMULATED,True,,,True,VERIFIED,Beech Wood,woody_biomass,49.5,6.1,43.8,0.2,0.02,0.38,7.315337604406938,84.0,15.62,2.0,460.0,19.93,17.06,132.60417276342326,105.0,7.315337604406938,360.5,111.77,34.83,55.21,31.95,12.84,67.189,46.899,17.868,0.0,100.0,32.75,53.77,7.06,1.06,3.17,35.34,11.25,8.79,29.43,12.67,2.2,107.5,1155.3,14.8,0.0,33.82,33.82,23.0,68.0,False,99.42,97.46,100.34
SYN_00043,SYNTHETIC_SIMULATED,True,,,True,VERIFIED,Olive Pomace,agricultural_residue,50.2,6.2,39.8,1.4,0.1,2.3,22.91843327577917,76.5,21.2,2.0,550.0,20.655,14.319,257.53673430085587,105.0,8.0,670.89,565.8,3.94,14.72,29.85,55.43,29.01,73.71,113.362,41.761,100.0,47.05,16.13,15.46,14.84,4.57,24.78,102.29,15.99,31.85,12.64,2.25,83.5,1149.9,12.0,50.32,124.71,175.03,380.34,217.29,True,68.2,67.67,67.36
SYN_00044,SYNTHETIC_SIMULATED,True,,,True,VERIFIED,Wheat Straw,agricultural_residue,46.5,5.9,41.2,0.7,0.1,5.6,6.98189963401974,75.0,19.4,2.0,220.0,18.806,16.125,217.31782529183744,105.0,6.98189963401974,686.45,80.41,0.12,17.42,28.86,53.71,34.757,71.25,111.473,0.0,100.0,46.94,15.7,15.51,15.34,4.57,24.58,101.7,16.05,30.16,11.74,2.25,84.8,1153.6,13.9,0.0,130.55,130.55,379.55,290.72,True,63.92,63.77,63.65
SYN_00045,SYNTHETIC_SIMULATED,True,,,True,VERIFIED,Rice Husk,agricultural_residue,39.5,5.1,36.5,0.4,0.1,18.4,20.162243016612955,63.5,18.1,2.0,340.0,15.64,11.106,76.96687623537406,105.0,8.0,390.78,8.54,5.13,62.6,24.25,13.15,37.906,19.453,9.011,10.175,100.0,34.85,50.19,7.98,1.36,3.4,34.58,5.76,9.57,35.23,8.86,2.22,96.1,1142.5,9.0,12.95,18.6,31.54,12.82,40.64,False,84.63,75.63,79.99
SYN_00046,SYNTHETIC_SIMULATED,True,,,True,VERIFIED,Sugarcane Bagasse,agricultural_residue,48.0,5.8,43.5,0.3,0.05,2.35,25.450559196206264,81.0,16.65,2.0,180.0,19.044,12.632,225.17174283290842,105.0,8.0,511.58,35.65,0.17,24.06,50.57,25.37,39.81,95.667,46.306,42.711,100.0,45.13,30.06,12.96,5.28,4.36,29.77,35.07,13.68,24.91,13.01,2.21,100.8,1165.2,21.7,49.62,71.73,121.35,111.58,91.95,False,82.0,80.14,81.92
SYN_00047,SYNTHETIC_SIMULATED,True,,,True,VERIFIED,Miscanthus,energy_crop,48.5,5.7,42.6,0.6,0.1,2.5,17.629467489581966,79.5,18.0,2.0,200.0,19.191,14.353,193.85680520388635,105.0,8.0,522.45,31.87,13.95,22.66,48.66,28.68,35.726,88.517,49.764,20.291,100.0,45.84,28.09,13.4,6.05,4.42,29.2,37.97,14.05,25.34,13.05,2.21,99.6,1164.2,20.9,27.76,70.58,98.34,124.08,126.18,True,78.7,78.13,79.39
SYN_00048,SYNTHETIC_SIMULATED,True,,,True,VERIFIED,Almond Shells,nut_shells,51.0,6.0,39.5,0.5,0.05,2.95,14.617683375886038,73.5,23.55,2.0,480.0,20.725,16.221,393.5345227309832,105.0,8.0,654.81,26.06,0.88,16.31,32.96,50.73,54.395,134.267,174.68,28.307,100.0,47.15,16.63,15.41,14.29,4.57,25.01,157.79,15.92,30.37,13.05,2.25,86.1,1153.2,13.6,44.66,204.43,249.09,584.2,234.54,True,68.36,67.94,67.83
SYN_00049,SYNTHETIC_SIMULATED,True,,,True,VERIFIED,Pine Sawdust,woody_biomass,51.5,6.3,41.6,0.2,0.05,0.35,14.025743731448216,82.5,17.15,2.0,420.0,21.095,16.612,419.2733234540433,105.0,8.0,399.86,250.92,1.31,47.33,38.23,14.45,170.0,162.726,59.171,27.461,100.0,35.51,49.05,8.27,1.47,3.47,34.33,38.41,9.81,28.31,13.73,2.2,105.6,1157.7,16.2,45.14,111.81,156.95,87.64,55.84,False,96.36,92.37,94.83
SYN_00050,SYNTHETIC_SIMULATED,True,,,True,VERIFIED,Beech Wood,woody_biomass,49.5,6.1,43.8,0.2,0.02,0.38,24.831683985675305,84.0,15.62,2.0,460.0,19.93,13.374,480.9317460403142,105.0,8.0,353.54,12.11,1.58,61.73,25.76,12.51,222.251,120.276,49.687,87.988,100.0,32.14,54.81,6.79,0.98,3.09,35.56,31.66,8.56,34.21,11.65,2.21,101.1,1144.7,9.8,103.05,96.82,199.87,63.05,31.54,False,105.96,97.81,101.07
SYN_00051,SYNTHETIC_SIMULATED,True,,,True,VERIFIED,Olive Pomace,agricultural_residue,50.2,6.2,39.8,1.4,0.1,2.3,14.865983717837521,76.5,21.2,2.0,550.0,20.655,16.07,450.5256765126194,105.0,8.0,679.77,8.73,1.99,15.84,29.58,54.59,60.336,140.351,213.467,33.623,100.0,47.01,15.97,15.48,15.03,4.57,24.71,195.27,16.01,31.99,12.61,2.25,83.1,1149.6,11.9,52.24,243.89,296.13,727.08,245.53,True,67.88,67.46,67.19
SYN_00052,SYNTHETIC_SIMULATED,True,,,True,VERIFIED,Wheat Straw,agricultural_residue,46.5,5.9,41.2,0.7,0.1,5.6,9.30792116880487,75.0,19.4,2.0,220.0,18.806,15.661,293.41186756319485,105.0,8.0,734.97,6.26,0.55,18.32,23.06,58.63,47.9,81.328,160.337,4.171,100.0,46.72,14.85,15.62,16.33,4.58,24.18,147.76,16.17,36.1,10.54,2.27,75.3,1140.6,8.4,17.93,190.81,208.74,555.73,266.23,True,63.06,62.6,62.46
SYN_00053,SYNTHETIC_SIMULATED,True,,,True,VERIFIED,Rice Husk,agricultural_residue,39.5,5.1,36.5,0.4,0.1,18.4,9.427976262707322,63.5,18.1,2.0,340.0,15.64,12.927,346.6392341054,105.0,8.0,721.04,70.38,21.89,28.07,3.94,68.0,86.016,38.194,214.152,5.38,100.0,46.77,15.02,15.6,16.13,4.58,24.26,198.72,16.15,72.57,2.34,2.46,32.6,1060.3,5.0,21.59,219.53,241.13,746.18,309.46,True,62.41,61.87,61.8
SYN_00054,SYNTHETIC_SIMULATED,True,,,True,VERIFIED,Sugarcane Bagasse,agricultural_residue,48.0,5.8,43.5,0.3,0.05,2.35,24.609535044819307,81.0,16.65,2.0,180.0,19.044,12.802,68.31022120415156,105.0,8.0,540.34,10.58,0.34,21.16,48.59,30.25,10.619,28.264,16.855,12.333,100.0,46.58,25.69,13.92,7.17,4.48,28.47,13.2,14.49,25.36,12.92,2.22,98.6,1164.2,20.9,14.49,23.8,38.29,44.47,116.14,True,79.01,77.97,79.33
SYN_00055,SYNTHETIC_SIMULATED,True,,,True,VERIFIED,Miscanthus,energy_crop,48.5,5.7,42.6,0.6,0.1,2.5,6.558473784636153,79.5,18.0,2.0,200.0,19.191,16.61,364.1386590072275,105.0,6.558473784636153,615.78,607.8,0.17,15.68,40.69,43.62,52.235,154.385,154.95,0.0,100.0,47.41,18.65,15.15,12.19,4.57,25.9,134.06,15.64,24.95,13.13,2.22,95.1,1165.1,21.6,0.0,186.7,186.7,487.53,261.13,True,69.88,69.79,70.17
SYN_00056,SYNTHETIC_SIMULATED,True,,,True,VERIFIED,Almond Shells,nut_shells,51.0,6.0,39.5,0.5,0.05,2.95,23.212608143519788,73.5,23.55,2.0,480.0,20.725,14.342,237.7434788309163,105.0,8.0,691.99,195.73,0.31,15.27,29.98,54.75,27.549,67.504,103.017,39.312,100.0,46.92,15.6,15.53,15.45,4.57,24.53,93.9,16.06,31.79,12.73,2.25,82.6,1150.1,12.1,47.14,119.71,166.86,350.74,210.21,True,67.86,67.33,67.09
SYN_00057,SYNTHETIC_SIMULATED,True,,,True,VERIFIED,Pine Sawdust,woody_biomass,51.5,6.3,41.6,0.2,0.05,0.35,6.061102640088328,82.5,17.15,2.0,420.0,21.095,18.377,277.218246842005,105.0,6.061102640088328,453.0,467.24,1.09,33.48,48.2,18.32,86.024,134.851,53.478,0.0,100.0,40.4,40.25,10.49,2.67,3.94,32.36,36.98,11.65,22.39,15.06,2.19,108.8,1170.7,26.8,0.0,93.38,93.38,100.24,107.35,True,87.95,87.84,89.43
SYN_00058,SYNTHETIC_SIMULATED,True,,,True,VERIFIED,Beech Wood,woody_biomass,49.5,6.1,43.8,0.2,0.02,0.38,21.02895252378752,84.0,15.62,2.0,460.0,19.93,14.174,197.7070939194347,105.0,8.0,633.59,30.36,2.68,13.86,38.19,47.95,21.095,70.285,77.659,27.999,100.0,47.33,17.76,15.27,13.07,4.57,25.52,68.33,15.76,28.32,12.91,2.24,90.0,1157.7,16.2,34.94,89.63,124.58,250.48,201.06,True,72.2,71.62,72.02
SYN_00059,SYNTHETIC_SIMULATED,True,,,True,VERIFIED,Olive Pomace,agricultural_residue,50.2,6.2,39.8,1.4,0.1,2.3,12.842271395617882,76.5,21.2,2.0,550.0,20.655,16.51,264.43346641211923,105.0,8.0,524.59,12.46,3.43,23.38,48.65,27.97,53.167,128.033,69.794,13.918,100.0,45.93,27.84,13.46,6.15,4.43,29.13,53.67,14.1,25.34,14.08,2.21,99.5,1164.2,20.9,25.38,102.33,127.71,175.99,137.8,True,78.78,78.33,79.12
SYN_00060,SYNTHETIC_SIMULATED,True,,,True,VERIFIED,Wheat Straw,agricultural_residue,46.5,5.9,41.2,0.7,0.1,5.6,24.085664508177754,75.0,19.4,2.0,220.0,18.806,12.711,228.00850798709263,105.0,8.0,528.38,15.99,3.24,25.32,46.63,28.04,43.136,91.679,52.092,39.866,100.0,46.02,27.55,13.52,6.28,4.44,29.04,40.42,14.15,25.83,12.62,2.22,98.7,1163.2,20.0,47.18,77.25,124.43,133.04,106.92,True,77.36,76.75,77.88
SYN_00061,SYNTHETIC_SIMULATED,True,,,True,VERIFIED,Rice Husk,agricultural_residue,39.5,5.1,36.5,0.4,0.1,18.4,19.815058821282605,63.5,18.1,2.0,340.0,15.64,11.165,240.81166680264093,105.0,8.0,658.78,9.87,1.22,29.6,21.66,48.74,56.427,57.189,96.815,30.926,100.0,47.11,16.45,15.43,14.49,4.57,24.93,86.73,15.94,37.21,8.51,2.27,77.4,1138.1,7.6,39.68,118.78,158.46,321.62,202.96,True,69.94,69.25,69.89
SYN_00062,SYNTHETIC_SIMULATED,True,,,True,VERIFIED,Sugarcane Bagasse,agricultural_residue,48.0,5.8,43.5,0.3,0.05,2.35,13.160159880158185,81.0,16.65,2.0,180.0,19.044,15.117,382.4473649611706,105.0,8.0,657.03,297.65,2.84,14.61,33.21,52.18,47.63,133.349,180.28,21.451,100.0,47.15,16.64,15.4,14.27,4.57,25.02,160.25,15.92,30.26,11.91,2.25,86.2,1153.4,13.7,37.91,201.84,239.75,593.22,247.43,True,67.73,67.28,67.53
SYN_00063,SYNTHETIC_SIMULATED,True,,,True,VERIFIED,Miscanthus,energy_crop,48.5,5.7,42.6,0.6,0.1,2.5,11.103242744635079,79.5,18.0,2.0,200.0,19.191,15.683,286.11420902329513,105.0,8.0,669.1,536.09,8.02,14.71,27.42,57.87,37.294,88.753,150.904,9.651,100.0,47.08,16.29,15.44,14.66,4.57,24.86,136.03,15.97,33.19,11.42,2.26,82.1,1147.0,10.7,22.55,158.04,180.59,505.11,279.7,True,65.71,65.25,65.25
SYN_00064,SYNTHETIC_SIMULATED,True,,,True,VERIFIED,Almond Shells,nut_shells,51.0,6.0,39.5,0.5,0.05,2.95,8.116877014784896,73.5,23.55,2.0,480.0,20.725,17.642,422.05334276117446,105.0,8.0,403.08,149.17,0.72,49.2,36.17,14.63,186.797,165.079,63.137,0.536,100.0,35.94,48.31,8.45,1.55,3.51,34.17,41.79,9.97,29.06,13.34,2.2,104.0,1156.1,15.2,20.83,122.13,142.97,96.87,67.76,False,93.0,90.4,92.63
SYN_00065,SYNTHETIC_SIMULATED,True,,,True,VERIFIED,Pine Sawdust,woody_biomass,51.5,6.3,41.6,0.2,0.05,0.35,6.62380806483618,82.5,17.15,2.0,420.0,21.095,18.252,69.73782129474878,105.0,6.62380806483618,521.3,8.1,35.07,22.1,49.27,28.63,14.142,34.822,20.104,0.0,100.0,45.77,28.31,13.35,5.95,4.41,29.27,15.4,14.01,23.07,14.91,2.21,102.7,1169.2,25.3,0.0,28.41,28.41,50.19,176.65,True,79.83,79.4,80.35
SYN_00066,SYNTHETIC_SIMULATED,True,,,True,VERIFIED,Beech Wood,woody_biomass,49.5,6.1,43.8,0.2,0.02,0.38,10.126396328913374,84.0,15.62,2.0,460.0,19.93,16.468,457.92390184579244,105.0,8.0,741.2,100.42,3.31,12.19,24.3,63.52,48.942,129.96,266.151,10.584,100.0,46.7,14.76,15.64,16.43,4.59,24.14,247.81,16.19,35.19,11.43,2.27,76.1,1142.6,9.0,31.68,299.59,331.27,932.8,281.59,True,65.5,65.1,64.87
SYN_00067,SYNTHETIC_SIMULATED,True,,,True,VERIFIED,Olive Pomace,agricultural_residue,50.2,6.2,39.8,1.4,0.1,2.3,22.575763392616544,76.5,21.2,2.0,550.0,20.655,14.393,222.41999560997178,105.0,8.0,581.92,138.33,1.88,17.02,44.55,38.44,29.076,86.679,68.751,35.238,100.0,47.4,21.04,14.79,10.13,4.56,26.86,58.3,15.27,26.37,13.85,2.22,95.0,1162.0,19.1,42.71,88.44,131.15,207.1,157.91,True,74.21,73.67,73.96
SYN_00068,SYNTHETIC_SIMULATED,True,,,True,VERIFIED,Wheat Straw,agricultural_residue,46.5,5.9,41.2,0.7,0.1,5.6,15.13918314815437,75.0,19.4,2.0,220.0,18.806,14.497,183.9429247655398,105.0,8.0,614.11,10.42,0.12,19.63,37.26,43.11,30.212,69.086,69.854,14.274,100.0,47.42,18.69,15.15,12.15,4.57,25.92,60.66,15.63,28.65,12.05,2.24,90.4,1157.0,15.8,21.82,86.3,108.12,220.5,203.93,True,68.83,68.25,68.7
SYN_00069,SYNTHETIC_SIMULATED,True,,,True,VERIFIED,Rice Husk,agricultural_residue,39.5,5.1,36.5,0.4,0.1,18.4,20.720123519624728,63.5,18.1,2.0,340.0,15.64,11.011,134.8073425698313,105.0,8.0,528.47,14.9,0.14,35.01,38.17,26.82,36.859,47.91,31.048,18.639,100.0,46.17,27.07,13.62,6.5,4.45,28.9,23.79,14.24,28.33,10.06,2.22,95.2,1157.7,16.2,23.42,48.12,71.53,78.78,110.13,True,77.36,76.5,78.03
SYN_00070,SYNTHETIC_SIMULATED,True,,,True,VERIFIED,Sugarcane Bagasse,agricultural_residue,48.0,5.8,43.5,0.3,0.05,2.35,7.08147823935676,81.0,16.65,2.0,180.0,19.044,16.346,178.26905275277414,105.0,7.08147823935676,440.54,21.01,14.41,39.24,43.4,17.36,63.994,82.737,32.092,0.0,100.0,39.48,41.98,10.06,2.38,3.86,32.76,21.99,11.3,25.15,12.96,2.2,105.9,1164.7,21.2,0.0,58.14,58.14,57.79,99.39,False,88.33,88.1,90.3
SYN_00071,SYNTHETIC_SIMULATED,True,,,True,VERIFIED,Miscanthus,energy_crop,48.5,5.7,42.6,0.6,0.1,2.5,23.49671761088303,79.5,18.0,2.0,200.0,19.191,13.156,468.5192257534612,105.0,8.0,607.13,69.27,5.48,16.14,39.4,44.46,57.287,166.446,166.648,78.919,100.0,47.44,19.21,15.07,11.67,4.57,26.14,142.59,15.55,27.91,12.51,2.23,91.8,1158.6,16.8,94.22,194.6,288.82,515.81,178.59,True,72.03,71.53,72.03
SYN_00072,SYNTHETIC_SIMULATED,True,,,True,VERIFIED,Almond Shells,nut_shells,51.0,6.0,39.5,0.5,0.05,2.95,22.87114852731886,73.5,23.55,2.0,480.0,20.725,14.417,328.33215068019996,105.0,8.0,677.31,526.06,0.26,15.39,31.57,53.04,38.431,97.435,138.748,53.073,100.0,47.01,15.96,15.48,15.04,4.57,24.7,125.57,16.01,31.0,12.91,2.25,84.2,1151.8,12.9,64.0,161.12,225.12,467.57,207.7,True,68.37,67.88,67.69
SYN_00073,SYNTHETIC_SIMULATED,True,,,True,VERIFIED,Pine Sawdust,woody_biomass,51.5,6.3,41.6,0.2,0.05,0.35,6.447667124929107,82.5,17.15,2.0,420.0,21.095,18.291,63.2361214131318,105.0,6.447667124929107,393.72,302.7,1.43,49.14,36.79,14.07,28.911,24.869,9.421,0.0,100.0,34.91,50.09,8.0,1.37,3.41,34.56,6.07,9.59,25.88,14.28,2.19,109.9,1163.1,19.9,0.0,17.76,17.76,13.53,76.21,False,96.32,94.54,96.85
SYN_00074,SYNTHETIC_SIMULATED,True,,,True,VERIFIED,Beech Wood,woody_biomass,49.5,6.1,43.8,0.2,0.02,0.38,15.001640112000693,84.0,15.62,2.0,460.0,19.93,15.443,256.149572268224,105.0,8.0,586.14,33.63,3.5,15.27,44.67,40.05,32.689,112.397,92.94,19.494,100.0,47.42,20.64,14.86,10.44,4.56,26.71,77.08,15.34,26.34,13.33,2.22,94.8,1162.1,19.2,30.04,113.06,143.1,274.93,192.13,True,74.26,73.77,74.45
SYN_00075,SYNTHETIC_SIMULATED,True,,,True,VERIFIED,Olive Pomace,agricultural_residue,50.2,6.2,39.8,1.4,0.1,2.3,10.503772384010588,76.5,21.2,2.0,550.0,20.655,17.018,484.24053931639264,105.0,8.0,391.13,786.21,1.24,50.91,35.0,14.09,216.497,184.95,68.69,13.179,100.0,35.04,49.86,8.06,1.39,3.42,34.51,44.58,9.64,29.51,13.16,2.2,104.4,1155.1,14.6,35.3,132.11,167.41,99.92,59.69,False,95.11,91.78,94.07
SYN_00076,SYNTHETIC_SIMULATED,True,,,True,VERIFIED,Wheat Straw,agricultural_residue,46.5,5.9,41.2,0.7,0.1,5.6,19.180861828000523,75.0,19.4,2.0,220.0,18.806,13.69,284.7545323832702,105.0,8.0,581.47,16.16,0.29,20.89,42.27,36.85,47.424,112.816,89.269,34.607,100.0,47.37,21.41,14.73,9.85,4.55,27.0,74.29,15.22,27.02,12.38,2.23,94.4,1160.6,18.1,45.14,117.03,162.17,262.89,162.11,True,71.82,71.29,71.97
SYN_00077,SYNTHETIC_SIMULATED,True,,,True,VERIFIED,Rice Husk,agricultural_residue,39.5,5.1,36.5,0.4,0.1,18.4,12.947824616825386,63.5,18.1,2.0,340.0,15.64,12.33,497.99526563558436,105.0,8.0,457.93,18.18,27.63,46.27,36.05,17.68,199.733,184.669,84.169,26.783,100.0,40.93,39.22,10.75,2.86,3.99,32.11,58.91,11.87,29.1,9.92,2.22,98.9,1156.0,15.2,48.32,160.09,208.41,162.57,78.01,False,79.87,76.65,79.23
SYN_00078,SYNTHETIC_SIMULATED,True,,,True,VERIFIED,Sugarcane Bagasse,agricultural_residue,48.0,5.8,43.5,0.3,0.05,2.35,17.949177930789425,81.0,16.65,2.0,180.0,19.044,14.149,51.8758784428242,105.0,8.0,548.03,262.78,4.35,19.05,48.87,32.08,7.979,23.429,14.754,5.61,100.0,46.78,24.86,14.09,7.62,4.5,28.2,11.63,14.64,25.29,12.93,2.22,98.3,1164.4,21.0,7.59,20.0,27.59,39.6,143.5,True,76.28,75.16,76.41
SYN_00079,SYNTHETIC_SIMULATED,True,,,True,VERIFIED,Miscanthus,energy_crop,48.5,5.7,42.6,0.6,0.1,2.5,14.640840304457459,79.5,18.0,2.0,200.0,19.191,14.962,227.0505200133656,105.0,8.0,566.92,41.44,0.22,18.44,46.89,34.67,35.067,103.605,70.811,16.389,100.0,47.21,22.73,14.49,8.91,4.54,27.48,58.32,15.0,25.77,12.96,2.22,96.7,1163.3,20.1,25.82,95.38,121.2,203.44,167.86,True,74.55,74.03,74.94
SYN_00080,SYNTHETIC_SIMULATED,True,,,True,VERIFIED,Almond Shells,nut_shells,51.0,6.0,39.5,0.5,0.05,2.95,12.294259276583315,73.5,23.55,2.0,480.0,20.725,16.729,441.8687297782104,105.0,8.0,618.81,97.32,0.91,16.38,38.75,44.87,62.593,176.573,179.83,20.625,100.0,47.39,18.33,15.2,12.5,4.57,25.77,157.64,15.68,28.13,13.55,2.23,90.7,1158.1,16.5,40.02,217.27,257.29,574.95,223.46,True,69.8,69.41,69.48
SYN_00081,SYNTHETIC_SIMULATED,True,,,True,VERIFIED,Pine Sawdust,woody_biomass,51.5,6.3,41.6,0.2,0.05,0.35,19.867838667864902,82.5,17.15,2.0,420.0,21.095,15.317,376.2479867805779,105.0,8.0,497.87,30.27,0.21,24.48,51.59,23.93,72.077,175.138,78.157,48.535,100.0,44.43,31.81,12.55,4.68,4.3,30.25,58.85,13.35,24.69,14.54,2.21,101.7,1165.7,22.1,62.19,125.17,187.36,182.64,97.48,False,83.97,83.23,84.47
SYN_00082,SYNTHETIC_SIMULATED,True,,,True,VERIFIED,Beech Wood,woody_biomass,49.5,6.1,43.8,0.2,0.02,0.38,26.802851070769737,84.0,15.62,2.0,460.0,19.93,12.959,420.94020116227733,105.0,8.0,551.88,346.16,0.64,16.75,50.47,32.78,50.076,175.608,106.718,86.031,100.0,46.97,24.05,14.25,8.08,4.52,27.93,86.89,14.78,24.93,13.63,2.22,98.4,1165.1,21.6,98.38,147.24,245.62,298.59,121.57,True,79.07,78.55,79.53
SYN_00083,SYNTHETIC_SIMULATED,True,,,True,VERIFIED,Olive Pomace,agricultural_residue,50.2,6.2,39.8,1.4,0.1,2.3,23.227001933533064,76.5,21.2,2.0,550.0,20.655,14.252,469.1201067983014,105.0,8.0,707.29,65.14,1.06,14.63,28.05,57.32,52.575,128.741,208.692,77.644,100.0,46.83,15.27,15.57,15.84,4.58,24.37,194.72,16.11,32.83,12.42,2.26,80.5,1147.8,11.1,93.09,244.31,337.4,729.52,216.21,True,67.64,67.19,66.79
SYN_00084,SYNTHETIC_SIMULATED,True,,,True,VERIFIED,Wheat Straw,agricultural_residue,46.5,5.9,41.2,0.7,0.1,5.6,24.24607332887034,75.0,19.4,2.0,220.0,18.806,12.679,222.85812388824607,105.0,8.0,727.81,6.37,19.55,18.33,6.46,75.2,30.248,24.336,127.864,39.354,100.0,46.75,14.94,15.61,16.22,4.58,24.22,118.44,16.16,62.48,5.18,2.39,44.4,1082.6,5.0,46.46,119.38,165.84,445.04,268.35,True,60.19,59.58,58.93
SYN_00085,SYNTHETIC_SIMULATED,True,,,True,VERIFIED,Rice Husk,agricultural_residue,39.5,5.1,36.5,0.4,0.1,18.4,9.359307240596454,63.5,18.1,2.0,340.0,15.64,12.939,418.17452773124324,105.0,8.0,425.75,38.76,7.91,52.64,32.28,15.07,197.493,148.255,63.702,6.179,100.0,37.86,44.92,9.32,1.95,3.71,33.43,42.47,10.68,30.67,9.65,2.21,99.7,1152.5,13.3,25.77,127.29,153.05,105.54,68.96,False,80.75,77.07,79.94
SYN_00086,SYNTHETIC_SIMULATED,True,,,True,VERIFIED,Sugarcane Bagasse,agricultural_residue,48.0,5.8,43.5,0.3,0.05,2.35,12.330247695398455,81.0,16.65,2.0,180.0,19.044,15.285,135.34387861294388,105.0,8.0,432.52,160.74,2.46,38.42,44.64,16.94,44.635,60.357,22.641,6.37,100.0,38.99,42.87,9.83,2.24,3.81,32.96,15.38,11.11,26.35,12.71,2.2,104.7,1162.0,19.2,12.31,41.28,53.59,39.76,74.19,False,88.76,85.74,88.32
SYN_00087,SYNTHETIC_SIMULATED,True,,,True,VERIFIED,Miscanthus,energy_crop,48.5,5.7,42.6,0.6,0.1,2.5,25.317076541301567,79.5,18.0,2.0,200.0,19.191,12.785,318.4658481868869,105.0,8.0,667.31,6.91,22.26,15.97,20.25,63.79,37.364,65.991,154.49,59.945,100.0,47.07,16.24,15.45,14.72,4.57,24.83,139.41,15.97,38.44,10.33,2.27,75.6,1135.4,6.9,69.76,148.27,218.04,517.86,237.51,True,66.57,66.02,65.87
SYN_00088,SYNTHETIC_SIMULATED,True,,,True,VERIFIED,Almond Shells,nut_shells,51.0,6.0,39.5,0.5,0.05,2.95,27.499850889007607,73.5,23.55,2.0,480.0,20.725,13.405,316.93222745669215,105.0,8.0,739.66,414.29,30.81,15.02,7.28,77.7,34.045,35.151,180.582,67.175,100.0,46.71,14.79,15.63,16.39,4.58,24.15,167.06,16.18,59.91,6.48,2.38,47.1,1088.2,5.0,76.25,166.31,242.56,628.65,259.17,True,61.63,61.1,60.1
SYN_00089,SYNTHETIC_SIMULATED,True,,,True,VERIFIED,Pine Sawdust,woody_biomass,51.5,6.3,41.6,0.2,0.05,0.35,14.148781423859484,82.5,17.15,2.0,420.0,21.095,16.584,264.1286443330148,105.0,8.0,394.48,222.8,0.29,48.5,37.3,14.2,107.842,100.083,36.71,17.653,100.0,35.12,49.72,8.09,1.41,3.43,34.48,23.64,9.67,28.64,13.66,2.2,105.6,1157.0,15.8,28.76,69.33,98.09,53.16,54.19,False,96.99,92.85,95.35
SYN_00090,SYNTHETIC_SIMULATED,True,,,True,VERIFIED,Beech Wood,woody_biomass,49.5,6.1,43.8,0.2,0.02,0.38,20.76635169798081,84.0,15.62,2.0,460.0,19.93,14.23,473.8171689779897,105.0,8.0,635.81,107.52,0.2,13.12,39.25,47.64,49.201,170.94,185.524,65.749,100.0,47.28,17.42,15.31,13.42,4.57,25.37,164.35,15.81,27.96,12.98,2.24,90.0,1158.5,16.7,82.52,218.93,301.45,604.33,200.47,True,71.9,71.44,71.78
SYN_00091,SYNTHETIC_SIMULATED,True,,,True,VERIFIED,Olive Pomace,agricultural_residue,50.2,6.2,39.8,1.4,0.1,2.3,8.574955241325156,76.5,21.2,2.0,550.0,20.655,17.437,98.89198112029712,105.0,8.0,570.67,13.47,0.4,18.8,45.22,35.98,17.04,46.604,34.342,0.618,100.0,47.3,22.04,14.62,9.38,4.55,27.23,28.38,15.11,26.19,13.89,2.22,95.8,1162.4,19.4,5.33,45.24,50.57,99.75,197.25,True,73.86,73.23,73.69
SYN_00092,SYNTHETIC_SIMULATED,True,,,True,VERIFIED,Wheat Straw,agricultural_residue,46.5,5.9,41.2,0.7,0.1,5.6,24.360198113399793,75.0,19.4,2.0,220.0,18.806,12.656,166.72822652515265,105.0,8.0,739.17,154.58,4.52,17.06,18.89,64.06,21.203,33.304,82.091,29.649,100.0,46.7,14.78,15.63,16.4,4.59,24.15,76.28,16.18,39.74,9.8,2.29,70.8,1132.6,6.1,34.95,91.44,126.39,287.09,227.14,True,62.88,62.2,61.91
SYN_00093,SYNTHETIC_SIMULATED,True,,,True,VERIFIED,Rice Husk,agricultural_residue,39.5,5.1,36.5,0.4,0.1,18.4,17.654275049155224,63.5,18.1,2.0,340.0,15.64,11.531,271.22975078563184,105.0,8.0,347.96,27.39,43.71,67.77,20.48,11.75,149.167,62.559,29.087,28.462,100.0,32.19,54.72,6.81,0.99,3.1,35.54,18.2,8.58,38.23,8.33,2.22,94.8,1135.9,7.0,38.91,59.99,98.9,36.32,36.72,False,85.1,77.26,81.4
SYN_00094,SYNTHETIC_SIMULATED,True,,,True,VERIFIED,Sugarcane Bagasse,agricultural_residue,48.0,5.8,43.5,0.3,0.05,2.35,15.103556940158683,81.0,16.65,2.0,180.0,19.044,14.724,68.73955800536913,105.0,8.0,710.84,595.32,7.38,14.13,21.59,64.28,8.111,17.076,37.883,5.308,100.0,46.83,15.24,15.57,15.88,4.58,24.36,35.17,16.11,37.27,10.47,2.28,75.1,1138.0,7.6,8.13,39.72,47.85,131.79,275.39,True,64.27,63.37,63.37
SYN_00095,SYNTHETIC_SIMULATED,True,,,True,VERIFIED,Miscanthus,energy_crop,48.5,5.7,42.6,0.6,0.1,2.5,22.214430099376145,79.5,18.0,2.0,200.0,19.191,13.418,262.03918056387033,105.0,8.0,660.19,319.19,10.4,14.8,26.86,58.34,29.576,68.923,121.625,40.486,100.0,47.13,16.53,15.42,14.39,4.57,24.97,109.34,15.93,33.52,11.35,2.26,82.1,1146.3,10.4,49.38,124.71,174.09,405.17,232.74,True,67.11,66.55,66.56
SYN_00096,SYNTHETIC_SIMULATED,True,,,True,VERIFIED,Almond Shells,nut_shells,51.0,6.0,39.5,0.5,0.05,2.95,16.366359098995503,73.5,23.55,2.0,480.0,20.725,15.839,118.36844804477883,105.0,8.0,594.09,182.54,0.31,17.34,43.11,39.55,16.935,49.825,40.953,10.764,100.0,47.44,20.27,14.91,10.75,4.56,26.56,34.77,15.39,26.77,13.85,2.23,94.0,1161.1,18.5,15.48,51.97,67.44,124.47,184.56,True,72.29,71.66,72.0
SYN_00097,SYNTHETIC_SIMULATED,True,,,True,VERIFIED,Pine Sawdust,woody_biomass,51.5,6.3,41.6,0.2,0.05,0.35,6.111792647563046,82.5,17.15,2.0,420.0,21.095,18.366,317.69752153194116,105.0,6.111792647563046,699.87,5.46,3.96,13.85,26.6,59.55,40.485,94.984,181.882,0.0,100.0,46.88,15.44,15.55,15.64,4.58,24.46,166.39,16.08,29.3,13.51,2.25,85.2,1155.5,14.9,0.0,196.25,196.25,622.41,317.15,True,67.25,67.15,66.76
SYN_00098,SYNTHETIC_SIMULATED,True,,,True,VERIFIED,Beech Wood,woody_biomass,49.5,6.1,43.8,0.2,0.02,0.38,20.327604971519165,84.0,15.62,2.0,460.0,19.93,14.322,106.42321060124047,105.0,8.0,366.86,31.88,0.19,56.8,30.22,12.98,47.534,31.486,12.415,14.26,100.0,33.02,53.31,7.18,1.09,3.2,35.24,7.84,8.89,31.67,12.19,2.21,103.7,1150.3,12.2,18.07,23.75,41.82,16.21,38.77,False,102.43,95.65,98.82
SYN_00099,SYNTHETIC_SIMULATED,True,,,True,VERIFIED,Olive Pomace,agricultural_residue,50.2,6.2,39.8,1.4,0.1,2.3,15.128497718561084,76.5,21.2,2.0,550.0,20.655,16.012,260.72676523917437,105.0,8.0,732.15,10.36,0.14,15.39,26.33,58.28,33.377,73.321,132.595,20.202,100.0,46.74,14.91,15.61,16.26,4.58,24.21,122.29,16.16,33.85,12.2,2.27,78.2,1145.5,10.1,30.91,157.17,188.08,459.65,244.39,True,66.63,66.17,65.78
SYN_00100,SYNTHETIC_SIMULATED,True,,,True,VERIFIED,Wheat Straw,agricultural_residue,46.5,5.9,41.2,0.7,0.1,5.6,23.95280596871968,75.0,19.4,2.0,220.0,18.806,12.738,352.8078409356498,105.0,8.0,403.51,408.38,1.52,49.18,36.22,14.6,129.831,116.205,43.834,61.177,100.0,36.05,48.12,8.5,1.57,3.52,34.13,28.89,10.01,29.04,11.97,2.2,104.0,1156.1,15.3,72.54,84.82,157.36,67.24,42.73,False,92.61,84.85,88.21
SYN_00101,SYNTHETIC_SIMULATED,True,,,True,VERIFIED,Rice Husk,agricultural_residue,39.5,5.1,36.5,0.4,0.1,18.4,10.397587876036393,63.5,18.1,2.0,340.0,15.64,12.763,499.56720145037724,105.0,8.0,380.11,7.27,3.26,64.94,22.33,12.73,286.094,134.904,62.544,13.019,100.0,34.1,51.48,7.65,1.25,3.32,34.86,40.21,9.29,36.66,8.61,2.22,94.8,1139.3,8.0,35.9,131.46,167.36,86.87,51.91,False,83.05,77.99,81.44
SYN_00102,SYNTHETIC_SIMULATED,True,,,True,VERIFIED,Sugarcane Bagasse,agricultural_residue,48.0,5.8,43.5,0.3,0.05,2.35,20.004087008809485,81.0,16.65,2.0,180.0,19.044,13.733,248.4339458390982,105.0,8.0,518.64,72.78,0.35,22.03,50.95,27.02,42.712,113.92,57.916,32.415,100.0,45.73,28.42,13.33,5.91,4.41,29.3,44.71,13.99,24.83,13.02,2.21,100.4,1165.4,21.8,41.4,87.34,128.74,145.49,113.01,True,79.5,78.95,80.33
SYN_00103,SYNTHETIC_SIMULATED,True,,,True,VERIFIED,Miscanthus,energy_crop,48.5,5.7,42.6,0.6,0.1,2.5,25.97108089819594,79.5,18.0,2.0,200.0,19.191,12.652,454.29360193685574,105.0,8.0,365.98,775.24,1.24,55.62,31.37,13.02,185.177,130.055,49.015,88.741,100.0,33.2,53.02,7.25,1.12,3.22,35.18,31.32,8.96,31.1,11.85,2.2,104.3,1151.6,12.8,102.45,94.95,197.39,65.23,33.05,False,100.58,91.78,95.26
SYN_00104,SYNTHETIC_SIMULATED,True,,,True,VERIFIED,Almond Shells,nut_shells,51.0,6.0,39.5,0.5,0.05,2.95,23.670865551222562,73.5,23.55,2.0,480.0,20.725,14.242,497.49433160051063,105.0,8.0,417.17,246.15,0.43,45.46,39.04,15.5,170.302,174.853,66.423,84.741,100.0,37.19,46.11,9.01,1.8,3.64,33.69,43.98,10.43,28.03,13.57,2.2,104.2,1158.3,16.6,100.9,124.8,225.7,106.72,47.29,False,93.69,87.19,89.88
SYN_00105,SYNTHETIC_SIMULATED,True,,,True,VERIFIED,Pine Sawdust,woody_biomass,51.5,6.3,41.6,0.2,0.05,0.35,19.225468224428067,82.5,17.15,2.0,420.0,21.095,15.459,486.44198863693686,105.0,8.0,682.81,532.75,3.17,12.56,30.2,57.24,48.518,147.322,230.264,59.354,100.0,46.95,15.71,15.51,15.33,4.57,24.58,210.64,16.05,31.67,12.97,2.25,82.9,1150.3,12.2,77.32,255.25,332.57,786.11,236.37,True,68.61,68.18,67.92
SYN_00106,SYNTHETIC_SIMULATED,True,,,True,VERIFIED,Beech Wood,woody_biomass,49.5,6.1,43.8,0.2,0.02,0.38,21.19936123197818,84.0,15.62,2.0,460.0,19.93,14.138,209.2181508133365,105.0,8.0,642.9,317.01,0.2,13.02,38.5,48.49,21.263,74.745,84.049,30.017,100.0,47.25,17.18,15.34,13.68,4.57,25.26,73.69,15.84,28.21,12.93,2.24,89.5,1157.9,16.4,37.33,97.31,134.64,271.53,201.67,True,71.67,71.11,71.45
SYN_00107,SYNTHETIC_SIMULATED,True,,,True,VERIFIED,Olive Pomace,agricultural_residue,50.2,6.2,39.8,1.4,0.1,2.3,17.27602705265453,76.5,21.2,2.0,550.0,20.655,15.546,279.0197357342033,105.0,8.0,705.37,84.74,0.33,14.52,29.28,56.19,32.991,84.022,130.168,28.133,100.0,46.85,15.33,15.56,15.77,4.58,24.41,122.33,16.1,32.15,12.57,2.26,81.5,1149.3,11.7,38.99,155.41,194.4,458.03,235.62,True,67.1,66.63,66.28
SYN_00108,SYNTHETIC_SIMULATED,True,,,True,VERIFIED,Wheat Straw,agricultural_residue,46.5,5.9,41.2,0.7,0.1,5.6,21.891776447179723,75.0,19.4,2.0,220.0,18.806,13.149,397.6364241197833,105.0,8.0,495.68,287.63,9.45,28.19,48.29,23.53,85.299,170.2,80.247,60.042,100.0,44.24,32.27,12.44,4.54,4.28,30.37,59.15,13.26,25.43,12.7,2.21,100.9,1164.1,20.7,73.67,127.99,201.65,182.36,90.43,False,79.62,77.77,79.43
SYN_00109,SYNTHETIC_SIMULATED,True,,,True,VERIFIED,Rice Husk,agricultural_residue,39.5,5.1,36.5,0.4,0.1,18.4,14.089180556869074,63.5,18.1,2.0,340.0,15.64,12.136,94.12824347506877,105.0,8.0,707.83,44.14,13.92,28.66,4.61,66.73,23.084,10.325,55.387,6.23,100.0,46.84,15.27,15.57,15.83,4.58,24.38,50.01,16.11,69.52,2.87,2.43,36.6,1067.1,5.0,10.19,54.8,65.0,187.35,288.25,True,63.5,62.59,62.71
SYN_00110,SYNTHETIC_SIMULATED,True,,,True,VERIFIED,Sugarcane Bagasse,agricultural_residue,48.0,5.8,43.5,0.3,0.05,2.35,6.300913536561447,81.0,16.65,2.0,180.0,19.044,16.504,479.2357582307405,105.0,6.300913536561447,383.62,215.48,1.41,51.78,34.57,13.65,226.64,177.192,68.51,0.0,100.0,34.31,51.11,7.74,1.28,3.34,34.78,44.29,9.37,26.33,12.72,2.19,110.0,1162.1,19.2,0.0,131.55,131.55,96.49,73.35,False,95.11,93.44,96.28
SYN_00111,SYNTHETIC_SIMULATED,True,,,True,VERIFIED,Miscanthus,energy_crop,48.5,5.7,42.6,0.6,0.1,2.5,18.433795262629364,79.5,18.0,2.0,200.0,19.191,14.189,148.03686952910698,105.0,8.0,382.8,169.02,2.05,52.58,33.83,13.58,62.067,49.18,18.433,16.789,100.0,34.21,51.29,7.69,1.26,3.33,34.82,11.88,9.33,29.99,12.08,2.2,104.7,1154.0,14.1,22.37,35.62,57.99,25.78,44.45,False,97.23,91.07,94.26
SYN_00112,SYNTHETIC_SIMULATED,True,,,True,VERIFIED,Almond Shells,nut_shells,51.0,6.0,39.5,0.5,0.05,2.95,20.74232366687324,73.5,23.55,2.0,480.0,20.725,14.882,179.73415503134768,105.0,8.0,513.33,63.01,0.18,24.34,49.7,25.97,34.373,80.262,40.692,24.894,100.0,45.38,29.4,13.11,5.52,4.38,29.58,30.55,13.81,25.11,14.22,2.21,100.3,1164.8,21.3,31.26,61.55,92.81,98.09,105.69,True,80.16,79.59,80.55
SYN_00113,SYNTHETIC_SIMULATED,True,,,True,VERIFIED,Pine Sawdust,woody_biomass,51.5,6.3,41.6,0.2,0.05,0.35,19.512052569713738,82.5,17.15,2.0,420.0,21.095,15.396,249.87704222400956,105.0,8.0,377.59,29.73,6.38,54.63,31.89,13.48,109.263,77.51,30.038,31.267,100.0,33.91,51.8,7.56,1.22,3.3,34.92,19.5,9.22,30.85,13.15,2.21,103.8,1152.1,13.1,40.43,58.61,99.03,41.81,42.21,False,101.02,95.17,97.9
SYN_00114,SYNTHETIC_SIMULATED,True,,,True,VERIFIED,Beech Wood,woody_biomass,49.5,6.1,43.8,0.2,0.02,0.38,23.089171293470677,84.0,15.62,2.0,460.0,19.93,13.741,89.74903021023296,105.0,8.0,377.47,19.8,0.16,54.65,31.81,13.53,37.163,27.102,10.408,14.72,100.0,34.01,51.64,7.6,1.23,3.31,34.89,6.72,9.25,30.89,12.36,2.21,103.6,1152.0,13.0,17.69,20.19,37.88,14.46,38.18,False,101.88,94.22,97.45
SYN_00115,SYNTHETIC_SIMULATED,True,,,True,VERIFIED,Olive Pomace,agricultural_residue,50.2,6.2,39.8,1.4,0.1,2.3,13.727634557889722,76.5,21.2,2.0,550.0,20.655,16.317,440.286054400464,105.0,8.0,525.63,85.61,24.25,21.69,48.78,29.54,80.999,210.53,120.469,27.411,100.0,46.02,27.57,13.52,6.27,4.43,29.04,93.32,14.15,25.31,14.09,2.21,99.4,1164.3,20.9,46.1,169.48,215.58,307.08,142.44,True,77.66,77.26,77.94
SYN_00116,SYNTHETIC_SIMULATED,True,,,True,VERIFIED,Wheat Straw,agricultural_residue,46.5,5.9,41.2,0.7,0.1,5.6,7.729639354973561,75.0,19.4,2.0,220.0,18.806,15.976,273.3576035884555,105.0,7.729639354973561,540.96,5.32,18.52,24.38,43.07,32.55,59.916,124.004,88.116,0.0,100.0,46.63,25.47,13.96,7.28,4.49,28.4,68.9,14.53,26.33,12.52,2.22,97.2,1162.1,19.2,0.0,116.85,116.85,232.78,199.21,True,73.12,73.0,73.81
SYN_00117,SYNTHETIC_SIMULATED,True,,,True,VERIFIED,Rice Husk,agricultural_residue,39.5,5.1,36.5,0.4,0.1,18.4,8.71370311393047,63.5,18.1,2.0,340.0,15.64,13.048,177.27324285207345,105.0,8.0,720.6,41.6,0.57,28.62,16.77,54.61,45.356,39.946,89.601,1.375,100.0,46.77,15.04,15.6,16.1,4.58,24.27,83.14,16.14,42.05,7.66,2.29,68.9,1127.5,5.0,9.79,112.83,122.62,312.13,254.56,True,66.3,65.65,66.07
SYN_00118,SYNTHETIC_SIMULATED,True,,,True,VERIFIED,Sugarcane Bagasse,agricultural_residue,48.0,5.8,43.5,0.3,0.05,2.35,22.7332701072476,81.0,16.65,2.0,180.0,19.044,13.181,444.33924515872127,105.0,8.0,692.11,7.47,0.23,15.46,29.91,54.63,52.869,127.308,190.54,71.158,100.0,46.93,15.63,15.52,15.42,4.57,24.55,176.1,16.06,31.82,11.59,2.25,82.6,1150.0,12.0,86.01,224.59,310.59,657.66,211.75,True,68.8,68.3,68.51
SYN_00119,SYNTHETIC_SIMULATED,True,,,True,VERIFIED,Miscanthus,energy_crop,48.5,5.7,42.6,0.6,0.1,2.5,26.22925744779222,79.5,18.0,2.0,200.0,19.191,12.599,143.76581069148978,105.0,8.0,701.84,15.52,14.98,15.29,14.35,70.36,16.024,23.399,76.18,28.486,100.0,46.88,15.44,15.55,15.64,4.58,24.46,69.29,16.08,45.21,8.93,2.3,66.0,1120.5,5.0,32.79,70.63,103.41,259.18,250.63,True,64.46,63.74,63.41
SYN_00120,SYNTHETIC_SIMULATED,True,,,True,VERIFIED,Almond Shells,nut_shells,51.0,6.0,39.5,0.5,0.05,2.95,25.926758755317085,73.5,23.55,2.0,480.0,20.725,13.749,287.92252085367977,105.0,8.0,657.02,273.99,0.12,15.65,34.25,50.1,33.217,87.46,110.802,56.103,100.0,47.15,16.64,15.4,14.26,4.57,25.02,99.01,15.92,29.82,13.17,2.24,86.8,1154.4,14.3,64.8,129.61,194.41,366.52,188.53,True,69.84,69.31,69.22
SYN_00121,SYNTHETIC_SIMULATED,True,,,True,VERIFIED,Pine Sawdust,woody_biomass,51.5,6.3,41.6,0.2,0.05,0.35,11.655184619929786,82.5,17.15,2.0,420.0,21.095,17.137,429.138129298657,105.0,8.0,421.55,70.93,12.44,41.14,42.81,16.05,154.447,187.433,68.807,17.05,100.0,37.81,45.02,9.29,1.94,3.7,33.45,46.0,10.66,26.86,14.06,2.2,105.2,1160.9,18.4,36.16,127.1,163.26,114.1,69.89,False,92.67,89.88,92.06
SYN_00122,SYNTHETIC_SIMULATED,True,,,True,VERIFIED,Beech Wood,woody_biomass,49.5,6.1,43.8,0.2,0.02,0.38,25.502932273709533,84.0,15.62,2.0,460.0,19.93,13.233,304.39029715645006,105.0,8.0,651.65,556.29,0.24,12.87,37.25,49.89,28.682,99.319,118.031,57.91,100.0,47.18,16.8,15.39,14.09,4.57,25.09,104.77,15.9,28.66,12.83,2.24,88.4,1157.0,15.8,67.24,136.56,203.8,387.34,190.06,True,71.91,71.37,71.65
SYN_00123,SYNTHETIC_SIMULATED,True,,,True,VERIFIED,Olive Pomace,agricultural_residue,50.2,6.2,39.8,1.4,0.1,2.3,23.65056325483292,76.5,21.2,2.0,550.0,20.655,14.159,307.4265390966755,105.0,8.0,455.08,16.28,8.05,37.39,44.17,18.44,86.067,119.653,48.401,52.298,100.0,40.59,39.88,10.58,2.73,3.96,32.27,33.5,11.73,26.47,13.83,2.21,102.9,1161.8,19.0,62.29,85.78,148.07,91.41,61.73,False,89.87,84.68,86.95
SYN_00124,SYNTHETIC_SIMULATED,True,,,True,VERIFIED,Wheat Straw,agricultural_residue,46.5,5.9,41.2,0.7,0.1,5.6,13.005394339181416,75.0,19.4,2.0,220.0,18.806,14.923,413.9028618186703,105.0,8.0,689.27,16.72,0.15,18.12,27.87,54.0,63.497,125.093,198.466,22.519,100.0,46.93,15.65,15.52,15.4,4.57,24.55,182.31,16.06,32.93,11.18,2.26,81.3,1147.6,11.0,40.39,235.18,275.57,680.74,247.03,True,64.72,64.27,64.27
SYN_00125,SYNTHETIC_SIMULATED,True,,,True,VERIFIED,Rice Husk,agricultural_residue,39.5,5.1,36.5,0.4,0.1,18.4,9.997907563924583,63.5,18.1,2.0,340.0,15.64,12.83,344.12723925887354,105.0,8.0,528.43,275.12,0.32,33.7,39.18,27.12,103.97,142.774,89.899,7.473,100.0,46.25,26.82,13.68,6.61,4.45,28.82,69.93,14.28,27.98,10.12,2.22,95.6,1158.4,16.7,23.37,140.08,163.46,232.34,142.14,True,75.13,74.58,75.98
SYN_00126,SYNTHETIC_SIMULATED,True,,,True,VERIFIED,Sugarcane Bagasse,agricultural_residue,48.0,5.8,43.5,0.3,0.05,2.35,20.92918631528989,81.0,16.65,2.0,180.0,19.044,13.546,205.87289360144203,105.0,8.0,539.75,54.53,1.14,19.77,49.34,30.88,31.245,90.696,54.904,28.932,100.0,46.67,25.31,13.99,7.37,4.49,28.35,42.74,14.56,25.18,12.95,2.22,98.7,1164.6,21.2,36.18,75.79,111.98,144.69,129.21,True,77.47,76.88,78.07
SYN_00127,SYNTHETIC_SIMULATED,True,,,True,VERIFIED,Miscanthus,energy_crop,48.5,5.7,42.6,0.6,0.1,2.5,12.675446159265404,79.5,18.0,2.0,200.0,19.191,15.363,197.23502558770798,105.0,8.0,652.12,635.24,2.63,14.88,33.57,51.55,25.42,69.609,91.744,10.023,100.0,47.17,16.75,15.39,14.15,4.57,25.07,81.99,15.9,30.11,12.06,2.24,86.6,1153.8,13.9,18.61,104.03,122.63,303.26,247.29,True,67.79,67.26,67.49
SYN_00128,SYNTHETIC_SIMULATED,True,,,True,VERIFIED,Almond Shells,nut_shells,51.0,6.0,39.5,0.5,0.05,2.95,27.159145516321566,73.5,23.55,2.0,480.0,20.725,13.48,301.3822066888905,105.0,8.0,406.81,7.31,2.17,53.28,31.96,14.76,114.893,85.2,36.388,62.763,100.0,36.13,47.97,8.54,1.59,3.53,34.1,23.65,10.04,30.82,12.95,2.21,101.2,1152.2,13.1,71.5,69.61,141.11,55.22,39.14,False,98.39,90.25,93.18
SYN_00129,SYNTHETIC_SIMULATED,True,,,True,VERIFIED,Pine Sawdust,woody_biomass,51.5,6.3,41.6,0.2,0.05,0.35,14.974999546950452,82.5,17.15,2.0,420.0,21.095,16.401,387.37710531619433,105.0,8.0,602.88,362.15,0.76,14.15,43.91,41.95,46.295,165.419,146.716,29.369,100.0,47.45,19.45,15.04,11.45,4.57,26.23,123.95,15.52,26.55,14.13,2.23,93.7,1161.6,18.8,45.33,177.37,222.7,447.36,200.88,True,73.22,72.81,73.09
SYN_00130,SYNTHETIC_SIMULATED,True,,,True,VERIFIED,Beech Wood,woody_biomass,49.5,6.1,43.8,0.2,0.02,0.38,25.534883106906737,84.0,15.62,2.0,460.0,19.93,13.226,461.209647371113,105.0,8.0,586.02,29.41,0.39,15.44,45.93,38.63,52.41,180.291,139.613,87.905,100.0,47.42,20.8,14.83,10.32,4.56,26.77,117.38,15.31,26.01,13.4,2.22,95.3,1162.8,19.7,102.02,177.56,279.58,418.01,149.51,True,76.46,75.96,76.7
SYN_00131,SYNTHETIC_SIMULATED,True,,,True,VERIFIED,Olive Pomace,agricultural_residue,50.2,6.2,39.8,1.4,0.1,2.3,26.513937080907727,76.5,21.2,2.0,550.0,20.655,13.537,212.96648905028246,105.0,8.0,706.89,11.09,7.23,15.47,20.69,63.84,23.762,44.482,101.591,42.857,100.0,46.84,15.27,15.57,15.84,4.58,24.38,93.56,16.11,38.04,11.27,2.28,74.3,1136.3,7.1,49.17,106.09,155.25,350.5,225.76,True,66.64,66.05,65.51
SYN_00132,SYNTHETIC_SIMULATED,True,,,True,VERIFIED,Wheat Straw,agricultural_residue,46.5,5.9,41.2,0.7,0.1,5.6,13.321488186828013,75.0,19.4,2.0,220.0,18.806,14.86,481.1542168118626,105.0,8.0,461.92,8.25,0.16,37.15,43.44,19.4,150.567,205.872,90.068,27.831,100.0,41.63,37.85,11.09,3.13,4.06,31.79,63.2,12.14,26.68,12.45,2.21,101.5,1161.3,18.6,48.46,157.38,205.84,178.51,86.72,False,83.52,81.71,83.71
SYN_00133,SYNTHETIC_SIMULATED,True,,,True,VERIFIED,Rice Husk,agricultural_residue,39.5,5.1,36.5,0.4,0.1,18.4,7.662283235510386,63.5,18.1,2.0,340.0,15.64,13.227,162.9494129716342,105.0,7.662283235510386,741.66,128.11,31.0,27.52,3.79,68.69,40.885,17.482,104.025,0.0,100.0,46.69,14.74,15.64,16.45,4.59,24.13,96.69,16.19,72.4,2.37,2.46,32.4,1060.7,5.0,0.0,109.68,109.68,364.04,331.93,True,61.97,61.72,61.5
SYN_00134,SYNTHETIC_SIMULATED,True,,,True,VERIFIED,Sugarcane Bagasse,agricultural_residue,48.0,5.8,43.5,0.3,0.05,2.35,11.357409918857627,81.0,16.65,2.0,180.0,19.044,15.482,117.52343994873635,105.0,8.0,674.65,28.1,3.8,14.99,29.27,55.74,15.402,37.149,59.49,4.289,100.0,47.03,16.05,15.47,14.94,4.57,24.74,54.03,16.0,32.15,11.52,2.25,83.0,1149.3,11.7,9.56,65.85,75.41,201.04,266.6,True,66.67,66.02,66.24
SYN_00135,SYNTHETIC_SIMULATED,True,,,True,VERIFIED,Miscanthus,energy_crop,48.5,5.7,42.6,0.6,0.1,2.5,27.99586063061527,79.5,18.0,2.0,200.0,19.191,12.239,426.43298290418335,105.0,8.0,595.3,115.68,3.12,16.38,42.47,41.15,50.181,152.865,131.188,92.684,100.0,47.44,20.06,14.95,10.92,4.57,26.48,112.27,15.43,26.95,12.71,2.23,93.6,1160.7,18.2,104.68,162.2,266.89,402.81,150.93,True,73.97,73.42,74.06
SYN_00136,SYNTHETIC_SIMULATED,True,,,True,VERIFIED,Almond Shells,nut_shells,51.0,6.0,39.5,0.5,0.05,2.95,13.5146231764354,73.5,23.55,2.0,480.0,20.725,16.462,142.09285953268306,105.0,8.0,718.21,8.3,5.96,16.29,19.79,63.92,19.466,34.015,80.604,8.517,100.0,46.78,15.07,15.59,16.07,4.58,24.28,73.81,16.14,38.86,11.16,2.28,72.8,1134.5,6.6,14.58,85.37,99.95,277.02,277.14,True,64.41,63.86,63.39
SYN_00137,SYNTHETIC_SIMULATED,True,,,True,VERIFIED,Pine Sawdust,woody_biomass,51.5,6.3,41.6,0.2,0.05,0.35,10.041331141089545,82.5,17.15,2.0,420.0,21.095,17.495,382.8314588399478,105.0,8.0,559.97,5.28,0.88,18.27,47.81,33.93,62.044,188.87,125.834,8.494,100.0,47.1,23.36,14.38,8.5,4.53,27.7,100.85,14.89,25.54,14.35,2.22,97.3,1163.8,20.5,26.16,167.06,193.23,349.31,180.78,True,76.81,76.43,77.08
SYN_00138,SYNTHETIC_SIMULATED,True,,,True,VERIFIED,Beech Wood,woody_biomass,49.5,6.1,43.8,0.2,0.02,0.38,12.355514496992285,84.0,15.62,2.0,460.0,19.93,15.999,204.36837601880384,105.0,8.0,554.06,637.76,2.5,16.84,50.22,32.95,29.811,101.023,63.62,9.675,100.0,46.94,24.18,14.22,8.0,4.51,27.97,50.66,14.75,24.99,13.62,2.22,98.4,1165.0,21.5,18.63,85.37,104.0,173.85,167.16,True,76.67,76.17,77.13
SYN_00139,SYNTHETIC_SIMULATED,True,,,True,VERIFIED,Olive Pomace,agricultural_residue,50.2,6.2,39.8,1.4,0.1,2.3,18.2713155427924,76.5,21.2,2.0,550.0,20.655,15.329,71.42648146297894,105.0,8.0,739.33,5.5,0.56,15.65,24.9,59.46,8.984,18.772,35.814,7.974,100.0,46.71,14.8,15.63,16.38,4.58,24.15,32.93,16.18,34.78,11.99,2.27,76.7,1143.5,9.4,10.68,42.19,52.87,123.92,234.39,True,66.81,65.96,65.68
SYN_00140,SYNTHETIC_SIMULATED,True,,,True,VERIFIED,Wheat Straw,agricultural_residue,46.5,5.9,41.2,0.7,0.1,5.6,20.062933155662144,75.0,19.4,2.0,220.0,18.806,13.514,360.5824131556324,105.0,8.0,670.63,35.37,9.94,17.98,22.71,59.31,50.752,86.709,175.065,47.279,100.0,47.07,16.23,15.45,14.73,4.57,24.83,157.61,15.97,36.37,10.48,2.27,78.1,1140.0,8.2,60.3,179.9,240.2,585.56,243.78,True,64.06,63.54,63.38
SYN_00141,SYNTHETIC_SIMULATED,True,,,True,VERIFIED,Rice Husk,agricultural_residue,39.5,5.1,36.5,0.4,0.1,18.4,23.730229705425277,63.5,18.1,2.0,340.0,15.64,10.5,303.3809322358903,105.0,8.0,669.6,333.33,0.35,28.6,22.34,49.06,64.91,69.987,116.779,51.872,100.0,47.06,16.2,15.46,14.76,4.57,24.82,105.12,15.98,36.65,8.61,2.27,77.7,1139.4,8.0,61.71,144.64,206.35,390.62,189.3,True,70.52,69.84,70.44
SYN_00142,SYNTHETIC_SIMULATED,True,,,True,VERIFIED,Sugarcane Bagasse,agricultural_residue,48.0,5.8,43.5,0.3,0.05,2.35,15.445152049587785,81.0,16.65,2.0,180.0,19.044,14.655,239.09431840174705,105.0,8.0,370.27,280.84,3.34,54.87,32.07,13.06,110.8,78.826,29.687,19.349,100.0,33.28,52.88,7.29,1.13,3.23,35.15,18.94,8.99,30.77,11.8,2.2,104.7,1152.3,13.2,29.09,57.29,86.38,39.59,45.83,False,98.06,92.73,95.95
SYN_00143,SYNTHETIC_SIMULATED,True,,,True,VERIFIED,Miscanthus,energy_crop,48.5,5.7,42.6,0.6,0.1,2.5,7.71294732497684,79.5,18.0,2.0,200.0,19.191,16.374,449.51725202069355,105.0,7.71294732497684,374.34,9.68,10.04,58.58,28.09,13.33,239.04,143.407,61.734,0.0,100.0,33.77,52.04,7.5,1.2,3.28,34.97,39.33,9.17,32.18,11.63,2.21,101.9,1149.2,11.7,0.0,119.93,119.93,83.86,69.92,False,98.19,96.35,99.28
SYN_00144,SYNTHETIC_SIMULATED,True,,,True,VERIFIED,Almond Shells,nut_shells,51.0,6.0,39.5,0.5,0.05,2.95,22.197815075485668,73.5,23.55,2.0,480.0,20.725,14.564,374.3185213868764,105.0,8.0,466.96,350.94,3.99,32.75,47.48,19.78,93.727,156.926,64.525,57.766,100.0,41.82,37.46,11.18,3.21,4.07,31.69,45.36,12.22,25.62,14.1,2.21,102.8,1163.6,20.4,70.48,110.57,181.05,128.95,71.22,False,86.16,82.25,84.27
SYN_00145,SYNTHETIC_SIMULATED,True,,,True,VERIFIED,Pine Sawdust,woody_biomass,51.5,6.3,41.6,0.2,0.05,0.35,6.0860194963433765,82.5,17.15,2.0,420.0,21.095,18.371,114.5942934296429,105.0,6.0860194963433765,379.72,293.42,5.29,51.39,34.98,13.63,54.565,43.078,16.216,0.0,100.0,34.17,51.36,7.68,1.26,3.33,34.83,10.59,9.31,25.75,14.31,2.19,111.1,1163.3,20.2,0.0,31.3,31.3,22.93,73.27,False,97.46,95.77,98.15
SYN_00146,SYNTHETIC_SIMULATED,True,,,True,VERIFIED,Beech Wood,woody_biomass,49.5,6.1,43.8,0.2,0.02,0.38,15.374540689219703,84.0,15.62,2.0,460.0,19.93,15.364,95.14613845239836,105.0,8.0,434.83,677.32,24.03,37.49,45.67,16.84,29.334,41.984,15.169,7.627,100.0,38.79,43.24,9.74,2.19,3.79,33.05,10.38,11.04,26.08,13.39,2.2,105.3,1162.6,19.6,11.51,27.84,39.35,26.66,67.74,False,91.33,87.49,90.06
SYN_00147,SYNTHETIC_SIMULATED,True,,,True,VERIFIED,Olive Pomace,agricultural_residue,50.2,6.2,39.8,1.4,0.1,2.3,19.298757122756115,76.5,21.2,2.0,550.0,20.655,15.106,307.29592851458074,105.0,8.0,475.8,89.1,0.15,30.4,48.98,20.62,73.568,135.499,56.918,37.74,100.0,42.46,36.16,11.5,3.5,4.13,31.37,40.63,12.49,25.27,14.1,2.21,102.6,1164.4,21.0,49.07,96.1,145.17,117.97,81.26,False,85.14,82.55,84.18
SYN_00148,SYNTHETIC_SIMULATED,True,,,True,VERIFIED,Wheat Straw,agricultural_residue,46.5,5.9,41.2,0.7,0.1,5.6,20.79022051553168,75.0,19.4,2.0,220.0,18.806,13.369,467.90019264180006,105.0,8.0,732.09,26.53,0.16,17.67,24.29,58.04,63.742,117.852,216.486,65.049,100.0,46.73,14.87,15.62,16.3,4.58,24.19,203.87,16.17,35.2,10.72,2.27,76.5,1142.6,9.0,81.6,264.94,346.54,766.6,221.22,True,64.39,63.9,63.76
SYN_00149,SYNTHETIC_SIMULATED,True,,,True,VERIFIED,Rice Husk,agricultural_residue,39.5,5.1,36.5,0.4,0.1,18.4,12.406342721033939,63.5,18.1,2.0,340.0,15.64,12.422,129.83226202692543,105.0,8.0,492.29,7.83,2.47,40.07,38.12,21.82,44.675,51.437,27.219,6.218,100.0,44.07,32.66,12.35,4.42,4.27,30.47,19.82,13.18,28.35,10.06,2.22,97.1,1157.6,16.2,11.9,46.57,58.47,60.74,103.87,True,77.83,77.06,78.81
SYN_00150,SYNTHETIC_SIMULATED,True,,,True,VERIFIED,Sugarcane Bagasse,agricultural_residue,48.0,5.8,43.5,0.3,0.05,2.35,18.747379771383937,81.0,16.65,2.0,180.0,19.044,13.987,424.0211226310035,105.0,8.0,507.59,509.74,26.72,23.78,50.62,25.6,80.604,192.36,96.687,49.534,100.0,44.9,30.67,12.82,5.06,4.34,29.94,72.17,13.57,24.9,13.01,2.21,101.1,1165.2,21.7,65.4,145.73,211.13,227.68,107.84,True,80.51,80.04,81.5
SYN_00151,SYNTHETIC_SIMULATED,True,,,True,VERIFIED,Miscanthus,energy_crop,48.5,5.7,42.6,0.6,0.1,2.5,20.656534005936187,79.5,18.0,2.0,200.0,19.191,13.735,484.6519777938683,105.0,8.0,429.74,602.69,0.14,40.98,42.74,16.28,156.763,190.577,69.838,66.674,100.0,38.2,44.31,9.47,2.04,3.74,33.29,47.47,10.81,26.88,12.73,2.2,104.8,1160.9,18.3,83.88,130.54,214.42,119.38,55.68,False,91.46,85.85,88.8
SYN_00152,SYNTHETIC_SIMULATED,True,,,True,VERIFIED,Almond Shells,nut_shells,51.0,6.0,39.5,0.5,0.05,2.95,13.218542733739781,73.5,23.55,2.0,480.0,20.725,16.527,63.85276694108802,105.0,8.0,368.87,207.98,0.29,57.31,29.64,13.05,31.765,20.16,8.008,3.622,100.0,33.29,52.85,7.29,1.13,3.23,35.15,5.15,8.99,31.96,12.69,2.21,102.9,1149.7,11.9,6.37,15.71,22.08,10.78,48.82,False,97.97,93.27,95.89
SYN_00153,SYNTHETIC_SIMULATED,True,,,True,VERIFIED,Pine Sawdust,woody_biomass,51.5,6.3,41.6,0.2,0.05,0.35,26.182092870016668,82.5,17.15,2.0,420.0,21.095,13.918,349.7308520522292,105.0,8.0,456.67,209.86,10.13,32.38,48.87,18.75,82.053,141.324,55.014,69.118,100.0,40.82,39.45,10.69,2.81,3.98,32.17,37.87,11.82,25.29,14.41,2.2,104.3,1164.4,21.0,79.59,95.0,174.59,104.1,59.63,False,90.4,84.69,87.11
SYN_00154,SYNTHETIC_SIMULATED,True,,,True,VERIFIED,Beech Wood,woody_biomass,49.5,6.1,43.8,0.2,0.02,0.38,6.668374584409436,84.0,15.62,2.0,460.0,19.93,17.196,319.6413139023777,105.0,6.668374584409436,567.31,342.86,0.2,15.8,49.12,35.08,46.3,159.66,113.18,0.0,100.0,47.23,22.59,14.52,9.0,4.54,27.43,91.0,15.02,23.17,14.01,2.21,100.0,1169.0,25.1,0.0,146.01,146.01,317.91,217.73,True,75.03,74.93,75.69
SYN_00155,SYNTHETIC_SIMULATED,True,,,True,VERIFIED,Olive Pomace,agricultural_residue,50.2,6.2,39.8,1.4,0.1,2.3,11.236113998496378,76.5,21.2,2.0,550.0,20.655,16.859,419.5293810236845,105.0,8.0,494.34,105.46,0.42,26.24,50.55,23.2,97.333,213.326,94.842,14.757,100.0,44.11,32.57,12.37,4.45,4.27,30.45,70.11,13.2,24.92,14.17,2.21,101.7,1165.2,21.7,33.62,152.72,186.33,215.17,115.48,True,81.25,80.86,81.87
SYN_00156,SYNTHETIC_SIMULATED,True,,,True,VERIFIED,Wheat Straw,agricultural_residue,46.5,5.9,41.2,0.7,0.1,5.6,12.916288906368528,75.0,19.4,2.0,220.0,18.806,14.941,201.8586700877996,105.0,8.0,507.41,11.01,12.06,28.13,46.26,25.61,49.271,93.818,48.156,10.787,100.0,45.04,30.31,12.9,5.19,4.35,29.84,36.73,13.63,25.93,12.6,2.21,99.6,1163.0,19.9,19.52,74.8,94.32,116.46,123.47,True,77.49,76.95,78.23
SYN_00157,SYNTHETIC_SIMULATED,True,,,True,VERIFIED,Rice Husk,agricultural_residue,39.5,5.1,36.5,0.4,0.1,18.4,23.61945262091443,63.5,18.1,2.0,340.0,15.64,10.519,455.48387769482525,105.0,8.0,703.47,81.29,3.75,28.44,15.46,56.09,97.375,80.015,198.933,77.331,100.0,46.86,15.35,15.56,15.74,4.58,24.42,182.24,16.1,43.68,7.38,2.3,67.7,1123.9,5.0,92.15,233.74,325.89,682.21,209.34,True,68.34,67.71,68.06
SYN_00158,SYNTHETIC_SIMULATED,True,,,True,VERIFIED,Sugarcane Bagasse,agricultural_residue,48.0,5.8,43.5,0.3,0.05,2.35,11.428168748168993,81.0,16.65,2.0,180.0,19.044,15.467,306.8306823442933,105.0,8.0,454.04,243.55,0.26,33.45,47.8,18.75,89.208,146.463,56.859,11.433,100.0,40.89,39.3,10.73,2.84,3.99,32.13,39.82,11.85,25.54,12.88,2.21,103.9,1163.8,20.5,25.17,100.23,125.4,109.73,87.51,False,85.8,84.15,86.34
SYN_00159,SYNTHETIC_SIMULATED,True,,,True,VERIFIED,Miscanthus,energy_crop,48.5,5.7,42.6,0.6,0.1,2.5,9.959444705338003,79.5,18.0,2.0,200.0,19.191,15.916,198.53869953723574,105.0,8.0,657.99,43.72,0.83,15.21,33.8,50.99,26.564,73.847,94.563,4.229,100.0,47.14,16.57,15.41,14.35,4.57,24.98,84.5,15.93,30.01,12.08,2.24,86.4,1154.0,14.0,13.41,109.15,122.56,313.03,255.42,True,67.78,67.27,67.53
SYN_00160,SYNTHETIC_SIMULATED,True,,,True,VERIFIED,Almond Shells,nut_shells,51.0,6.0,39.5,0.5,0.05,2.95,20.466663337441734,73.5,23.55,2.0,480.0,20.725,14.942,364.82426999919034,105.0,8.0,632.79,20.28,0.8,16.94,36.55,46.51,48.357,125.47,142.181,49.436,100.0,47.33,17.78,15.27,13.05,4.57,25.53,123.09,15.76,28.91,13.37,2.24,89.2,1156.4,15.4,62.46,166.41,228.87,451.14,197.12,True,70.65,70.19,70.25
SYN_00161,SYNTHETIC_SIMULATED,True,,,True,VERIFIED,Pine Sawdust,woody_biomass,51.5,6.3,41.6,0.2,0.05,0.35,6.939715526232879,82.5,17.15,2.0,420.0,21.095,18.182,292.3564279497044,105.0,6.939715526232879,547.71,139.03,31.21,17.28,48.2,34.52,46.237,146.2,98.996,0.0,100.0,46.84,24.62,14.13,7.75,4.51,28.12,79.69,14.68,23.79,14.75,2.21,100.2,1167.7,23.8,0.0,127.55,127.55,272.01,213.25,True,75.95,75.85,76.38
SYN_00162,SYNTHETIC_SIMULATED,True,,,True,VERIFIED,Beech Wood,woody_biomass,49.5,6.1,43.8,0.2,0.02,0.38,15.597732957878591,84.0,15.62,2.0,460.0,19.93,15.317,263.21475227455323,105.0,8.0,686.43,5.54,1.33,13.85,30.8,55.35,30.454,85.081,127.378,21.737,100.0,46.95,15.74,15.51,15.29,4.57,24.6,115.25,16.04,31.38,12.25,2.25,83.4,1151.0,12.5,32.42,143.9,176.32,429.96,243.85,True,69.27,68.78,68.9
SYN_00163,SYNTHETIC_SIMULATED,True,,,True,VERIFIED,Olive Pomace,agricultural_residue,50.2,6.2,39.8,1.4,0.1,2.3,13.767370638946241,76.5,21.2,2.0,550.0,20.655,16.308,460.679388668413,105.0,8.0,572.82,651.35,11.37,17.68,43.6,38.72,69.116,198.074,164.855,28.879,100.0,47.29,22.16,14.6,9.3,4.55,27.27,133.23,15.09,26.63,13.79,2.22,95.3,1161.4,18.7,48.42,198.2,246.62,467.66,189.63,True,73.17,72.77,73.04
SYN_00164,SYNTHETIC_SIMULATED,True,,,True,VERIFIED,Wheat Straw,agricultural_residue,46.5,5.9,41.2,0.7,0.1,5.6,24.849129371657774,75.0,19.4,2.0,220.0,18.806,12.559,480.06645772860776,105.0,8.0,616.34,110.72,1.28,18.37,37.16,44.47,64.541,159.542,169.213,87.921,100.0,47.4,18.42,15.18,12.41,4.57,25.81,145.09,15.67,28.69,12.04,2.24,90.1,1156.9,15.7,102.94,201.56,304.5,528.71,173.63,True,69.36,68.84,69.18
SYN_00165,SYNTHETIC_SIMULATED,True,,,True,VERIFIED,Rice Husk,agricultural_residue,39.5,5.1,36.5,0.4,0.1,18.4,20.978315163303293,63.5,18.1,2.0,340.0,15.64,10.967,331.1904116860772,105.0,8.0,509.67,6.5,14.08,37.93,37.44,24.63,98.554,114.073,69.008,46.721,100.0,45.11,30.12,12.94,5.25,4.36,29.78,52.14,13.67,28.58,10.01,2.22,95.9,1157.1,15.9,58.37,111.71,170.08,165.77,97.46,False,78.42,77.35,79.06
SYN_00166,SYNTHETIC_SIMULATED,True,,,True,VERIFIED,Sugarcane Bagasse,agricultural_residue,48.0,5.8,43.5,0.3,0.05,2.35,12.394523867915034,81.0,16.65,2.0,180.0,19.044,15.272,422.82162493190515,105.0,8.0,487.66,64.68,0.19,26.72,50.6,22.68,98.093,208.254,91.844,20.197,100.0,43.82,33.23,12.21,4.25,4.25,30.62,67.92,13.07,24.9,13.01,2.21,101.9,1165.2,21.7,38.71,150.31,189.02,206.41,109.2,True,81.7,81.27,82.91
SYN_00167,SYNTHETIC_SIMULATED,True,,,True,VERIFIED,Miscanthus,energy_crop,48.5,5.7,42.6,0.6,0.1,2.5,6.781109388777491,79.5,18.0,2.0,200.0,19.191,16.564,371.1858229552919,105.0,6.781109388777491,706.04,23.0,25.41,15.06,13.2,71.74,51.776,67.91,252.214,0.0,100.0,46.84,15.3,15.56,15.8,4.58,24.39,230.71,16.1,43.27,9.33,2.3,68.1,1124.8,5.0,0.0,231.97,231.97,864.06,372.48,True,61.6,61.51,60.92
SYN_00168,SYNTHETIC_SIMULATED,True,,,True,VERIFIED,Almond Shells,nut_shells,51.0,6.0,39.5,0.5,0.05,2.95,16.634224763905678,73.5,23.55,2.0,480.0,20.725,15.78,423.06891378864447,105.0,8.0,621.57,12.87,9.68,17.42,33.02,49.55,60.428,140.016,181.473,39.705,100.0,47.39,18.29,15.2,12.53,4.57,25.75,157.24,15.69,30.34,13.05,2.24,87.9,1153.2,13.7,56.43,198.01,254.45,573.65,225.45,True,69.47,69.04,69.01
SYN_00169,SYNTHETIC_SIMULATED,True,,,True,VERIFIED,Pine Sawdust,woody_biomass,51.5,6.3,41.6,0.2,0.05,0.35,25.74247000833078,82.5,17.15,2.0,420.0,21.095,14.015,58.542941305301824,105.0,8.0,716.08,655.97,3.65,12.38,26.36,61.26,5.338,14.669,26.986,11.29,100.0,46.8,15.13,15.59,16.01,4.58,24.31,25.12,16.13,33.83,12.48,2.26,79.0,1145.6,10.2,13.07,29.98,43.05,94.22,218.87,True,68.3,67.25,67.06
SYN_00170,SYNTHETIC_SIMULATED,True,,,True,VERIFIED,Beech Wood,woody_biomass,49.5,6.1,43.8,0.2,0.02,0.38,19.07490969218125,84.0,15.62,2.0,460.0,19.93,14.585,283.24669597043703,105.0,8.0,505.43,16.35,8.11,23.9,51.01,25.09,53.953,130.876,62.843,34.097,100.0,44.8,30.92,12.76,4.97,4.33,30.0,47.06,13.52,24.82,13.66,2.21,101.3,1165.4,21.8,44.6,96.56,141.16,147.94,104.8,True,83.25,82.75,84.21
SYN_00171,SYNTHETIC_SIMULATED,True,,,True,VERIFIED,Olive Pomace,agricultural_residue,50.2,6.2,39.8,1.4,0.1,2.3,12.621552573936421,76.5,21.2,2.0,550.0,20.655,16.558,401.68067596162416,105.0,8.0,598.96,264.32,0.57,16.26,42.56,41.17,56.63,170.758,150.493,20.178,100.0,47.45,19.65,15.01,11.27,4.57,26.32,129.2,15.49,26.93,13.73,2.23,93.3,1160.8,18.2,37.68,187.76,225.44,465.36,206.43,True,71.67,71.26,71.42
SYN_00172,SYNTHETIC_SIMULATED,True,,,True,VERIFIED,Wheat Straw,agricultural_residue,46.5,5.9,41.2,0.7,0.1,5.6,17.942236481592726,75.0,19.4,2.0,220.0,18.806,13.938,315.98656911227636,105.0,8.0,594.69,7.98,4.73,20.47,38.01,41.52,52.946,117.238,111.037,34.148,100.0,47.45,20.01,14.95,10.96,4.57,26.46,95.3,15.43,28.38,12.1,2.23,91.7,1157.6,16.1,46.23,137.15,183.37,342.05,186.53,True,70.07,69.56,70.07
SYN_00173,SYNTHETIC_SIMULATED,True,,,True,VERIFIED,Rice Husk,agricultural_residue,39.5,5.1,36.5,0.4,0.1,18.4,12.584417138012283,63.5,18.1,2.0,340.0,15.64,12.392,312.9761518986141,105.0,8.0,657.28,55.45,0.33,28.98,23.76,47.26,78.944,84.431,130.179,15.596,100.0,47.16,16.67,15.4,14.24,4.57,25.03,118.96,15.91,35.58,8.79,2.26,79.7,1141.7,8.7,29.24,166.0,195.24,440.29,225.51,True,69.06,68.48,69.12
SYN_00174,SYNTHETIC_SIMULATED,True,,,True,VERIFIED,Sugarcane Bagasse,agricultural_residue,48.0,5.8,43.5,0.3,0.05,2.35,23.124424657679103,81.0,16.65,2.0,180.0,19.044,13.102,368.8114954695501,105.0,8.0,537.15,38.43,2.09,20.58,49.41,30.01,57.98,160.171,91.045,60.631,100.0,46.47,26.06,13.84,6.98,4.47,28.58,71.89,14.42,25.17,12.95,2.22,99.0,1164.6,21.2,72.81,130.09,202.9,241.14,118.84,True,78.51,77.99,79.22
SYN_00175,SYNTHETIC_SIMULATED,True,,,True,VERIFIED,Miscanthus,energy_crop,48.5,5.7,42.6,0.6,0.1,2.5,19.4589420358571,79.5,18.0,2.0,200.0,19.191,13.98,126.2490270643052,105.0,8.0,453.93,97.75,0.18,34.98,46.74,18.28,34.41,53.955,20.773,15.725,100.0,40.45,40.15,10.52,2.68,3.95,32.33,14.45,11.67,25.8,12.95,2.2,104.0,1163.2,20.1,20.36,37.0,57.35,39.23,68.4,False,87.82,83.43,86.05
SYN_00176,SYNTHETIC_SIMULATED,True,,,True,VERIFIED,Almond Shells,nut_shells,51.0,6.0,39.5,0.5,0.05,2.95,10.349714587068249,73.5,23.55,2.0,480.0,20.725,17.154,210.09861616685504,105.0,8.0,638.57,37.59,0.65,16.47,35.99,47.54,30.881,81.416,91.901,5.366,100.0,47.29,17.45,15.31,13.39,4.57,25.38,82.03,15.81,29.12,13.33,2.24,88.6,1155.9,15.1,15.0,109.69,124.69,301.56,241.86,True,68.86,68.4,68.41
SYN_00177,SYNTHETIC_SIMULATED,True,,,True,VERIFIED,Pine Sawdust,woody_biomass,51.5,6.3,41.6,0.2,0.05,0.35,20.536829717933628,82.5,17.15,2.0,420.0,21.095,15.169,429.37750823106205,105.0,8.0,529.58,31.68,3.61,20.16,51.08,28.77,68.013,193.164,104.558,58.511,100.0,46.11,27.29,13.58,6.4,4.44,28.96,82.28,14.2,24.8,14.52,2.21,100.0,1165.4,21.9,73.81,153.0,226.8,271.71,119.8,True,80.65,80.21,81.1
SYN_00178,SYNTHETIC_SIMULATED,True,,,True,VERIFIED,Beech Wood,woody_biomass,49.5,6.1,43.8,0.2,0.02,0.38,21.239706774565107,84.0,15.62,2.0,460.0,19.93,14.13,283.03822706596833,105.0,8.0,635.95,11.82,14.14,14.25,30.18,55.58,31.234,82.333,127.151,40.732,100.0,47.3,17.57,15.29,13.27,4.57,25.44,112.23,15.79,31.69,12.19,2.25,85.5,1150.3,12.2,50.61,129.1,179.72,412.13,229.32,True,70.18,69.67,69.8
SYN_00179,SYNTHETIC_SIMULATED,True,,,True,VERIFIED,Olive Pomace,agricultural_residue,50.2,6.2,39.8,1.4,0.1,2.3,17.90787600808602,76.5,21.2,2.0,550.0,20.655,15.408,231.3785900067329,105.0,8.0,671.07,36.39,4.16,15.21,29.27,55.51,28.445,68.375,109.963,24.918,100.0,47.05,16.15,15.46,14.82,4.57,24.79,97.94,15.98,32.15,12.57,2.25,83.2,1149.3,11.7,33.77,119.17,152.94,364.1,238.07,True,67.7,67.2,66.9
SYN_00180,SYNTHETIC_SIMULATED,True,,,True,VERIFIED,Wheat Straw,agricultural_residue,46.5,5.9,41.2,0.7,0.1,5.6,27.666113259688846,75.0,19.4,2.0,220.0,18.806,11.997,70.38255023373488,105.0,8.0,566.12,17.09,2.43,21.73,43.48,34.8,10.866,25.438,18.832,15.045,100.0,47.19,22.8,14.48,8.86,4.54,27.5,15.3,14.99,26.67,12.45,2.22,95.6,1161.3,18.7,17.05,25.01,42.06,53.34,126.81,True,74.36,73.27,74.21
SYN_00181,SYNTHETIC_SIMULATED,True,,,True,VERIFIED,Rice Husk,agricultural_residue,39.5,5.1,36.5,0.4,0.1,18.4,26.933621293792257,63.5,18.1,2.0,340.0,15.64,9.957,173.64462830851852,105.0,8.0,558.45,156.13,1.44,31.59,36.39,32.02,39.583,54.326,42.891,35.736,100.0,47.11,23.28,14.39,8.55,4.53,27.67,34.76,14.91,28.97,9.95,2.23,92.8,1156.3,15.3,40.81,61.65,102.46,120.51,117.61,True,76.83,75.97,77.27
SYN_00182,SYNTHETIC_SIMULATED,True,,,True,VERIFIED,Sugarcane Bagasse,agricultural_residue,48.0,5.8,43.5,0.3,0.05,2.35,19.825367656241493,81.0,16.65,2.0,180.0,19.044,13.769,482.82048147264874,105.0,8.0,468.56,6.03,10.81,33.32,46.44,20.24,125.9,207.601,86.928,62.06,100.0,42.17,36.75,11.36,3.36,4.1,31.52,61.79,12.37,25.88,12.81,2.21,102.1,1163.1,20.0,79.6,148.61,228.22,177.71,77.87,False,86.75,83.54,85.95
SYN_00183,SYNTHETIC_SIMULATED,True,,,True,VERIFIED,Miscanthus,energy_crop,48.5,5.7,42.6,0.6,0.1,2.5,7.594777531423851,79.5,18.0,2.0,200.0,19.191,16.399,161.60551556083925,105.0,7.594777531423851,440.68,59.64,40.53,38.38,44.32,17.3,55.542,74.96,29.082,0.0,100.0,39.42,42.09,10.03,2.36,3.85,32.79,19.81,11.28,25.77,12.96,2.2,105.1,1163.3,20.1,0.0,52.5,52.5,51.95,98.95,False,87.78,87.5,89.58
SYN_00184,SYNTHETIC_SIMULATED,True,,,True,VERIFIED,Almond Shells,nut_shells,51.0,6.0,39.5,0.5,0.05,2.95,18.1633389752704,73.5,23.55,2.0,480.0,20.725,15.446,59.21958927419719,105.0,8.0,351.43,405.29,2.87,61.09,26.51,12.4,28.66,16.406,6.712,6.542,100.0,32.06,54.94,6.76,0.97,3.08,35.58,4.22,8.53,33.74,12.3,2.21,101.9,1145.8,10.2,8.79,12.93,21.72,8.37,38.53,False,100.8,94.6,97.4
SYN_00185,SYNTHETIC_SIMULATED,True,,,True,VERIFIED,Pine Sawdust,woody_biomass,51.5,6.3,41.6,0.2,0.05,0.35,15.944124068666095,82.5,17.15,2.0,420.0,21.095,16.186,85.77501629672194,105.0,8.0,460.75,493.21,0.22,31.53,49.37,19.11,22.273,39.468,15.326,7.407,100.0,41.14,38.81,10.85,2.94,4.01,32.02,10.82,11.95,25.18,14.43,2.2,104.1,1164.6,21.2,10.86,26.8,37.66,30.06,79.82,False,88.02,85.32,87.22
SYN_00186,SYNTHETIC_SIMULATED,True,,,True,VERIFIED,Beech Wood,woody_biomass,49.5,6.1,43.8,0.2,0.02,0.38,24.9786943110703,84.0,15.62,2.0,460.0,19.93,13.343,145.3414355216202,105.0,8.0,485.47,66.53,0.79,25.68,51.97,22.35,27.743,62.12,26.921,26.823,100.0,43.56,33.8,12.08,4.09,4.23,30.77,19.68,12.95,24.61,13.7,2.21,102.5,1165.8,22.2,31.35,43.85,75.2,59.29,78.85,False,86.01,82.37,84.55
SYN_00187,SYNTHETIC_SIMULATED,True,,,True,VERIFIED,Olive Pomace,agricultural_residue,50.2,6.2,39.8,1.4,0.1,2.3,25.251214967079814,76.5,21.2,2.0,550.0,20.655,13.811,201.64026660000013,105.0,8.0,737.39,483.43,0.65,14.3,26.35,59.35,21.23,51.08,90.359,37.81,100.0,46.72,14.84,15.63,16.34,4.58,24.17,84.91,16.17,33.83,12.2,2.27,78.0,1145.6,10.1,44.04,108.3,152.34,319.37,209.64,True,67.21,66.63,66.2
SYN_00188,SYNTHETIC_SIMULATED,True,,,True,VERIFIED,Wheat Straw,agricultural_residue,46.5,5.9,41.2,0.7,0.1,5.6,26.496735602093985,75.0,19.4,2.0,220.0,18.806,12.23,218.46078904229472,105.0,8.0,708.42,30.77,0.1,17.7,26.15,56.15,28.324,53.754,92.476,43.922,100.0,46.82,15.2,15.58,15.92,4.58,24.34,85.08,16.12,33.96,10.97,2.26,79.0,1145.3,10.0,50.4,109.74,160.14,318.92,199.15,True,65.89,65.24,65.21
SYN_00189,SYNTHETIC_SIMULATED,True,,,True,VERIFIED,Rice Husk,agricultural_residue,39.5,5.1,36.5,0.4,0.1,18.4,13.27779901834547,63.5,18.1,2.0,340.0,15.64,12.274,344.99772076089874,105.0,8.0,739.28,9.99,0.29,29.11,15.08,55.81,85.844,67.67,171.441,19.792,100.0,46.7,14.77,15.64,16.42,4.59,24.14,157.69,16.18,44.18,7.29,2.31,65.5,1122.8,5.0,34.59,217.48,252.08,593.55,235.46,True,66.66,66.09,66.45
SYN_00190,SYNTHETIC_SIMULATED,True,,,True,VERIFIED,Sugarcane Bagasse,agricultural_residue,48.0,5.8,43.5,0.3,0.05,2.35,16.80837761678134,81.0,16.65,2.0,180.0,19.044,14.379,206.84873796983263,105.0,8.0,603.48,9.41,0.91,17.21,41.6,41.19,29.281,82.66,72.843,19.804,100.0,47.45,19.7,15.0,11.23,4.57,26.34,63.28,15.48,27.22,12.53,2.23,93.0,1160.1,17.8,27.95,91.92,119.87,227.83,190.06,True,72.61,72.05,72.79
SYN_00191,SYNTHETIC_SIMULATED,True,,,True,VERIFIED,Miscanthus,energy_crop,48.5,5.7,42.6,0.6,0.1,2.5,9.602277225906324,79.5,18.0,2.0,200.0,19.191,15.989,235.63327129127467,105.0,8.0,585.08,64.01,0.45,16.93,44.24,38.83,35.957,107.352,86.971,4.104,100.0,47.42,20.63,14.86,10.45,4.56,26.7,73.22,15.34,26.46,12.82,2.23,94.6,1161.8,19.0,15.08,110.65,125.74,261.2,207.74,True,72.0,71.52,72.22
SYN_00192,SYNTHETIC_SIMULATED,True,,,True,VERIFIED,Almond Shells,nut_shells,51.0,6.0,39.5,0.5,0.05,2.95,20.10231268665064,73.5,23.55,2.0,480.0,20.725,15.022,111.05672488175183,105.0,8.0,686.79,22.13,27.93,16.04,16.25,67.71,14.188,21.212,60.769,14.609,100.0,46.95,15.73,15.51,15.31,4.57,24.59,55.56,16.04,42.68,10.31,2.29,69.6,1126.1,5.0,18.61,57.53,76.14,207.32,272.28,True,63.99,63.31,62.75
SYN_00193,SYNTHETIC_SIMULATED,True,,,True,VERIFIED,Pine Sawdust,woody_biomass,51.5,6.3,41.6,0.2,0.05,0.35,8.337134177371745,82.5,17.15,2.0,420.0,21.095,17.872,211.42728885183234,105.0,8.0,437.87,39.31,11.62,38.11,44.72,17.17,72.391,98.924,37.531,0.775,100.0,39.17,42.55,9.92,2.29,3.83,32.89,25.49,11.18,26.33,14.18,2.2,104.6,1162.1,19.2,10.9,67.8,78.7,66.28,84.23,False,90.5,88.87,90.81
SYN_00194,SYNTHETIC_SIMULATED,True,,,True,VERIFIED,Beech Wood,woody_biomass,49.5,6.1,43.8,0.2,0.02,0.38,24.755277618362285,84.0,15.62,2.0,460.0,19.93,13.39,110.57378753594477,105.0,8.0,716.27,62.08,0.24,12.51,29.98,57.51,10.426,31.003,49.587,20.138,100.0,46.79,15.11,15.59,16.02,4.58,24.3,45.32,16.13,31.78,12.17,2.26,81.3,1150.1,12.1,23.61,57.47,81.08,170.02,209.68,True,69.36,68.6,68.69
SYN_00195,SYNTHETIC_SIMULATED,True,,,True,VERIFIED,Olive Pomace,agricultural_residue,50.2,6.2,39.8,1.4,0.1,2.3,22.841274567969876,76.5,21.2,2.0,550.0,20.655,14.335,372.3092604186104,105.0,8.0,510.74,8.14,1.54,25.46,48.69,25.85,72.338,157.341,81.116,60.06,100.0,45.29,29.65,13.05,5.42,4.37,29.65,61.12,13.76,25.33,14.08,2.21,100.1,1164.3,20.9,72.46,123.58,196.05,195.57,99.76,False,81.92,81.41,82.35
SYN_00196,SYNTHETIC_SIMULATED,True,,,True,VERIFIED,Wheat Straw,agricultural_residue,46.5,5.9,41.2,0.7,0.1,5.6,12.160021017335318,75.0,19.4,2.0,220.0,18.806,15.092,250.75072222984753,105.0,8.0,439.63,312.48,0.17,40.38,42.61,17.01,87.641,110.573,42.468,11.338,100.0,39.25,42.4,9.95,2.31,3.84,32.86,28.64,11.21,26.92,12.4,2.21,103.7,1160.8,18.3,22.38,77.25,99.62,74.68,74.96,False,85.52,82.65,84.99
SYN_00197,SYNTHETIC_SIMULATED,True,,,True,VERIFIED,Rice Husk,agricultural_residue,39.5,5.1,36.5,0.4,0.1,18.4,12.283770075998039,63.5,18.1,2.0,340.0,15.64,12.443,52.83592306673713,105.0,8.0,635.14,6.74,1.01,30.18,25.35,44.47,13.863,15.362,20.995,2.46,100.0,47.31,17.62,15.29,13.22,4.57,25.46,18.7,15.78,34.48,8.99,2.26,82.1,1144.2,9.6,4.78,26.78,31.56,68.64,217.49,True,69.98,68.72,69.7
SYN_00198,SYNTHETIC_SIMULATED,True,,,True,VERIFIED,Sugarcane Bagasse,agricultural_residue,48.0,5.8,43.5,0.3,0.05,2.35,7.606734854187394,81.0,16.65,2.0,180.0,19.044,16.24,116.35662966647276,105.0,7.606734854187394,472.51,225.81,2.97,30.22,49.52,20.26,31.751,59.336,24.369,0.0,100.0,42.19,36.73,11.36,3.37,4.11,31.51,17.26,12.37,24.54,13.08,2.21,103.9,1166.0,22.3,0.0,41.18,41.18,49.65,120.57,True,83.38,83.09,84.9
SYN_00199,SYNTHETIC_SIMULATED,True,,,True,VERIFIED,Miscanthus,energy_crop,48.5,5.7,42.6,0.6,0.1,2.5,10.446622239056595,79.5,18.0,2.0,200.0,19.191,15.817,474.28755680390833,105.0,8.0,605.89,140.0,36.8,16.03,35.88,48.1,66.428,181.002,212.025,12.613,100.0,47.44,19.36,15.05,11.53,4.57,26.2,181.25,15.53,29.17,12.25,2.24,90.3,1155.8,15.1,34.31,229.39,263.7,654.69,248.27,True,69.04,68.62,68.97
SYN_00200,SYNTHETIC_SIMULATED,True,,,True,VERIFIED,Almond Shells,nut_shells,51.0,6.0,39.5,0.5,0.05,2.95,13.330579760708702,73.5,23.55,2.0,480.0,20.725,16.502,380.6689954765004,105.0,8.0,650.25,109.22,0.5,15.73,34.69,49.58,51.468,141.204,169.857,22.056,100.0,47.19,16.85,15.38,14.03,4.57,25.12,151.08,15.89,29.64,13.21,2.24,87.3,1154.8,14.5,38.37,198.1,236.47,558.27,236.08,True,68.27,67.86,67.77
SYN_00201,SYNTHETIC_SIMULATED,True,,,True,VERIFIED,Pine Sawdust,woody_biomass,51.5,6.3,41.6,0.2,0.05,0.35,16.792518919097486,82.5,17.15,2.0,420.0,21.095,15.998,441.12618512690875,105.0,8.0,619.9,51.16,0.14,13.93,41.19,44.88,49.85,175.325,170.752,42.159,100.0,47.38,18.28,15.2,12.55,4.57,25.75,149.78,15.69,27.34,13.95,2.23,91.7,1159.9,17.6,59.53,206.18,265.71,546.5,205.67,True,72.51,72.1,72.28
SYN_00202,SYNTHETIC_SIMULATED,True,,,True,VERIFIED,Beech Wood,woody_biomass,49.5,6.1,43.8,0.2,0.02,0.38,9.835344696725745,84.0,15.62,2.0,460.0,19.93,16.53,355.05305243811915,105.0,8.0,718.74,10.65,23.13,13.32,12.17,74.51,42.15,63.902,245.023,7.083,100.0,46.78,15.08,15.59,16.06,4.58,24.29,222.6,16.14,48.67,8.55,2.32,61.1,1112.9,5.0,23.54,222.08,245.63,835.37,340.1,True,62.84,62.42,61.88
SYN_00203,SYNTHETIC_SIMULATED,True,,,True,VERIFIED,Olive Pomace,agricultural_residue,50.2,6.2,39.8,1.4,0.1,2.3,25.713403105142135,76.5,21.2,2.0,550.0,20.655,13.711,309.38933024202424,105.0,8.0,703.75,12.5,11.14,15.43,16.92,67.65,34.889,56.818,158.963,59.569,100.0,46.85,15.31,15.56,15.79,4.58,24.4,145.02,16.1,41.87,10.42,2.29,69.8,1127.9,5.1,68.98,155.13,224.12,543.08,242.32,True,65.37,64.84,64.16
SYN_00204,SYNTHETIC_SIMULATED,True,,,True,VERIFIED,Wheat Straw,agricultural_residue,46.5,5.9,41.2,0.7,0.1,5.6,9.853718799623872,75.0,19.4,2.0,220.0,18.806,15.552,322.9377652941693,105.0,8.0,411.29,136.97,24.5,47.82,37.26,14.92,137.6,129.508,48.525,6.507,100.0,36.53,47.29,8.71,1.66,3.57,33.95,32.21,10.19,28.65,12.05,2.2,104.0,1157.0,15.8,21.47,93.57,115.04,76.29,66.32,False,89.2,85.97,88.57
SYN_00205,SYNTHETIC_SIMULATED,True,,,True,VERIFIED,Rice Husk,agricultural_residue,39.5,5.1,36.5,0.4,0.1,18.4,27.841957317658462,63.5,18.1,2.0,340.0,15.64,9.802,141.0919857488995,105.0,8.0,659.23,61.12,0.23,28.91,23.54,47.55,29.203,31.89,49.056,30.43,100.0,47.14,16.58,15.41,14.34,4.57,24.99,44.6,15.93,35.74,8.77,2.26,79.4,1141.4,8.6,34.42,62.13,96.55,165.19,171.1,True,71.97,71.03,71.77
SYN_00206,SYNTHETIC_SIMULATED,True,,,True,VERIFIED,Sugarcane Bagasse,agricultural_residue,48.0,5.8,43.5,0.3,0.05,2.35,24.72195936601348,81.0,16.65,2.0,180.0,19.044,12.779,126.952002061164,105.0,8.0,400.71,325.61,10.25,47.18,38.21,14.62,44.702,42.118,15.823,23.075,100.0,35.88,48.42,8.43,1.54,3.51,34.2,10.33,9.95,28.32,12.31,2.2,105.2,1157.7,16.2,27.06,30.03,57.1,23.89,41.85,False,96.0,87.88,91.36
SYN_00207,SYNTHETIC_SIMULATED,True,,,True,VERIFIED,Miscanthus,energy_crop,48.5,5.7,42.6,0.6,0.1,2.5,18.693297021354006,79.5,18.0,2.0,200.0,19.191,14.136,148.27184393547597,105.0,8.0,583.79,284.94,4.29,16.94,43.99,39.07,20.019,60.768,49.215,17.234,100.0,47.4,21.09,14.78,10.08,4.56,26.88,41.39,15.26,26.52,12.8,2.22,94.8,1161.6,18.9,22.79,61.82,84.61,146.95,173.68,True,73.18,72.54,73.29
SYN_00208,SYNTHETIC_SIMULATED,True,,,True,VERIFIED,Almond Shells,nut_shells,51.0,6.0,39.5,0.5,0.05,2.95,21.54808560600995,73.5,23.55,2.0,480.0,20.725,14.706,378.8956516355661,105.0,8.0,464.86,218.45,0.71,32.9,47.4,19.7,95.961,159.187,64.845,55.797,100.0,41.76,37.59,11.15,3.18,4.07,31.72,46.09,12.2,25.64,14.1,2.21,102.8,1163.6,20.4,68.91,112.64,181.55,130.76,72.02,False,86.14,82.39,84.38
SYN_00209,SYNTHETIC_SIMULATED,True,,,True,VERIFIED,Pine Sawdust,woody_biomass,51.5,6.3,41.6,0.2,0.05,0.35,10.694711837010368,82.5,17.15,2.0,420.0,21.095,17.35,327.14098231595995,105.0,8.0,427.67,30.7,12.63,41.13,42.47,16.4,118.105,145.649,53.715,9.582,100.0,38.25,44.22,9.49,2.05,3.74,33.27,36.3,10.83,26.96,14.03,2.2,104.6,1160.7,18.2,24.47,99.33,123.8,91.45,73.87,False,92.43,89.97,92.11
SYN_00210,SYNTHETIC_SIMULATED,True,,,True,VERIFIED,Beech Wood,woody_biomass,49.5,6.1,43.8,0.2,0.02,0.38,15.908234619737135,84.0,15.62,2.0,460.0,19.93,15.252,313.60863712636194,105.0,8.0,389.06,106.69,5.91,49.22,36.81,13.96,127.272,114.675,41.055,26.958,100.0,34.74,50.39,7.92,1.34,3.39,34.62,26.95,9.52,28.81,12.8,2.2,105.8,1156.6,15.5,39.59,79.45,119.03,59.68,50.14,False,97.71,92.78,95.72
SYN_00211,SYNTHETIC_SIMULATED,True,,,True,VERIFIED,Olive Pomace,agricultural_residue,50.2,6.2,39.8,1.4,0.1,2.3,12.806946017037319,76.5,21.2,2.0,550.0,20.655,16.517,369.66128328162597,105.0,8.0,637.23,6.96,35.36,16.52,26.33,57.15,51.941,108.55,190.335,19.315,100.0,47.27,17.32,15.32,13.53,4.57,25.33,167.01,15.82,33.84,12.2,2.25,82.6,1145.5,10.1,35.35,188.86,224.21,614.61,274.12,True,67.21,66.8,66.46
SYN_00212,SYNTHETIC_SIMULATED,True,,,True,VERIFIED,Wheat Straw,agricultural_residue,46.5,5.9,41.2,0.7,0.1,5.6,17.511267412430556,75.0,19.4,2.0,220.0,18.806,14.024,175.899021526502,105.0,8.0,601.99,26.82,0.33,19.46,38.99,41.55,27.696,65.694,62.918,18.185,100.0,47.44,19.32,15.06,11.57,4.57,26.18,53.98,15.54,28.05,12.17,2.23,91.7,1158.3,16.6,24.99,78.48,103.46,195.06,188.53,True,69.53,68.93,69.43
SYN_00213,SYNTHETIC_SIMULATED,True,,,True,VERIFIED,Rice Husk,agricultural_residue,39.5,5.1,36.5,0.4,0.1,18.4,12.489163058087271,63.5,18.1,2.0,340.0,15.64,12.408,377.7096058501125,105.0,8.0,748.73,54.01,0.37,28.44,15.26,56.3,92.272,75.979,191.461,18.43,100.0,46.68,14.7,15.65,16.5,4.59,24.11,175.97,16.2,43.95,7.33,2.3,65.6,1123.3,5.0,34.94,243.26,278.19,662.77,238.24,True,66.32,65.77,66.09
SYN_00214,SYNTHETIC_SIMULATED,True,,,True,VERIFIED,Sugarcane Bagasse,agricultural_residue,48.0,5.8,43.5,0.3,0.05,2.35,11.541834635197642,81.0,16.65,2.0,180.0,19.044,15.444,203.14048103267308,105.0,8.0,503.46,10.46,1.64,26.2,49.38,24.42,46.086,100.312,47.743,7.821,100.0,44.69,31.18,12.7,4.89,4.32,30.08,35.82,13.47,25.18,12.95,2.21,100.9,1164.6,21.2,16.89,75.37,92.26,112.18,121.59,True,80.84,80.32,81.9
SYN_00215,SYNTHETIC_SIMULATED,True,,,True,VERIFIED,Miscanthus,energy_crop,48.5,5.7,42.6,0.6,0.1,2.5,25.058463166418832,79.5,18.0,2.0,200.0,19.191,12.838,77.27066039082851,105.0,8.0,430.35,282.4,0.86,40.41,43.15,16.44,23.145,28.504,10.738,14.327,100.0,38.41,43.94,9.56,2.09,3.76,33.21,7.24,10.89,26.76,12.75,2.2,104.7,1161.1,18.5,16.73,19.79,36.51,18.33,50.21,False,92.1,84.54,87.81
SYN_00216,SYNTHETIC_SIMULATED,True,,,True,VERIFIED,Almond Shells,nut_shells,51.0,6.0,39.5,0.5,0.05,2.95,22.903978622472856,73.5,23.55,2.0,480.0,20.725,14.41,245.4406749805029,105.0,8.0,714.13,57.9,0.13,15.38,27.71,56.9,28.8,66.58,110.849,39.761,100.0,46.8,15.14,15.58,15.99,4.58,24.32,101.79,16.13,33.02,12.46,2.26,80.0,1147.4,10.9,47.92,130.26,178.18,381.8,214.27,True,67.24,66.71,66.4
SYN_00217,SYNTHETIC_SIMULATED,True,,,True,VERIFIED,Pine Sawdust,woody_biomass,51.5,6.3,41.6,0.2,0.05,0.35,16.87823969444881,82.5,17.15,2.0,420.0,21.095,15.979,261.63785580672993,105.0,8.0,428.18,47.03,29.09,40.33,43.23,16.44,87.037,107.653,39.846,25.249,100.0,38.31,44.12,9.52,2.06,3.75,33.25,27.15,10.85,26.74,14.08,2.2,104.9,1161.2,18.5,35.53,74.07,109.6,68.52,62.52,False,93.02,89.02,91.33
SYN_00218,SYNTHETIC_SIMULATED,True,,,True,VERIFIED,Beech Wood,woody_biomass,49.5,6.1,43.8,0.2,0.02,0.38,19.318455124464727,84.0,15.62,2.0,460.0,19.93,14.534,493.0039937160401,105.0,8.0,605.37,77.27,21.65,13.93,36.16,49.91,54.56,170.157,206.301,60.653,100.0,47.43,18.95,15.11,11.91,4.57,26.03,177.09,15.59,29.06,12.75,2.24,90.1,1156.1,15.2,78.82,217.91,296.73,642.19,216.42,True,71.4,70.95,71.25
SYN_00219,SYNTHETIC_SIMULATED,True,,,True,VERIFIED,Olive Pomace,agricultural_residue,50.2,6.2,39.8,1.4,0.1,2.3,7.227002165718945,76.5,21.2,2.0,550.0,20.655,17.731,67.80002653656067,105.0,7.227002165718945,558.24,305.17,0.11,18.32,47.76,33.93,11.29,33.668,22.549,0.0,100.0,47.13,23.17,14.41,8.62,4.53,27.63,18.44,14.93,24.34,14.3,2.22,98.8,1166.4,22.7,0.0,30.49,30.49,64.02,209.99,True,74.15,73.7,74.15
SYN_00220,SYNTHETIC_SIMULATED,True,,,True,VERIFIED,Wheat Straw,agricultural_residue,46.5,5.9,41.2,0.7,0.1,5.6,20.277996938660575,75.0,19.4,2.0,220.0,18.806,13.471,310.15094777735317,105.0,8.0,515.45,461.3,6.71,25.43,48.18,26.4,61.652,134.961,71.23,41.392,100.0,45.43,29.27,13.14,5.57,4.38,29.54,53.79,13.83,25.46,12.7,2.21,99.8,1164.0,20.7,52.52,107.07,159.59,173.0,108.41,True,77.18,76.65,77.82
SYN_00221,SYNTHETIC_SIMULATED,True,,,True,VERIFIED,Rice Husk,agricultural_residue,39.5,5.1,36.5,0.4,0.1,18.4,27.230996274952016,63.5,18.1,2.0,340.0,15.64,9.906,160.5260116563838,105.0,8.0,376.46,50.85,0.31,62.8,24.69,12.5,72.315,37.198,16.108,33.555,100.0,33.68,52.19,7.46,1.18,3.27,35.01,10.35,9.14,34.92,8.91,2.22,97.9,1143.2,9.3,38.2,33.71,71.9,21.99,30.59,False,86.7,74.52,79.68
SYN_00222,SYNTHETIC_SIMULATED,True,,,True,VERIFIED,Sugarcane Bagasse,agricultural_residue,48.0,5.8,43.5,0.3,0.05,2.35,27.791169131154188,81.0,16.65,2.0,180.0,19.044,12.159,376.6974568551262,105.0,8.0,611.71,5.9,0.26,17.03,40.01,42.96,45.257,126.998,121.781,81.036,100.0,47.43,18.91,15.12,11.95,4.57,26.01,105.26,15.6,27.71,12.43,2.23,91.8,1159.0,17.1,91.71,149.22,240.93,381.85,158.49,True,73.92,73.36,74.04
SYN_00223,SYNTHETIC_SIMULATED,True,,,True,VERIFIED,Miscanthus,energy_crop,48.5,5.7,42.6,0.6,0.1,2.5,21.72896125129066,79.5,18.0,2.0,200.0,19.191,13.517,138.31615467484232,105.0,8.0,617.61,172.34,38.66,15.6,32.78,51.62,16.505,42.464,57.921,20.641,100.0,47.4,18.47,15.18,12.36,4.57,25.83,50.06,15.66,30.45,11.99,2.24,87.9,1153.0,13.5,25.4,60.36,85.76,182.33,212.59,True,69.38,68.69,68.99
SYN_00224,SYNTHETIC_SIMULATED,True,,,True,VERIFIED,Almond Shells,nut_shells,51.0,6.0,39.5,0.5,0.05,2.95,14.435291708111217,73.5,23.55,2.0,480.0,20.725,16.261,129.3826749788696,105.0,8.0,373.33,15.95,1.91,60.68,26.18,13.14,65.221,37.173,16.232,9.05,100.0,33.45,52.58,7.36,1.15,3.25,35.09,10.28,9.05,33.94,12.25,2.21,99.7,1145.3,10.1,14.45,31.62,46.07,21.64,46.96,False,99.71,94.94,97.59
SYN_00225,SYNTHETIC_SIMULATED,True,,,True,VERIFIED,Pine Sawdust,woody_biomass,51.5,6.3,41.6,0.2,0.05,0.35,17.482203942228814,82.5,17.15,2.0,420.0,21.095,15.846,312.60321637386954,105.0,8.0,549.94,23.17,2.82,18.2,49.4,32.4,46.095,142.775,89.628,32.219,100.0,46.85,24.57,14.14,7.78,4.51,28.1,71.44,14.69,25.17,14.44,2.22,98.4,1164.6,21.2,44.31,121.94,166.25,244.0,146.77,True,78.21,77.76,78.48
SYN_00226,SYNTHETIC_SIMULATED,True,,,True,VERIFIED,Beech Wood,woody_biomass,49.5,6.1,43.8,0.2,0.02,0.38,22.68967340524506,84.0,15.62,2.0,460.0,19.93,13.825,428.8283501445232,105.0,8.0,360.28,169.52,0.83,55.6,31.63,12.77,181.719,128.156,47.258,68.471,100.0,32.62,53.99,7.0,1.04,3.15,35.39,30.2,8.74,30.98,12.34,2.2,105.3,1151.9,12.9,82.82,91.04,173.87,61.39,35.31,False,102.46,95.15,98.36
SYN_00227,SYNTHETIC_SIMULATED,True,,,True,VERIFIED,Olive Pomace,agricultural_residue,50.2,6.2,39.8,1.4,0.1,2.3,7.927995782527878,76.5,21.2,2.0,550.0,20.655,17.578,277.41373105146147,105.0,7.927995782527878,717.96,362.72,2.77,14.37,25.39,60.24,36.295,83.496,157.482,0.0,100.0,46.79,15.09,15.59,16.05,4.58,24.29,145.18,16.13,34.29,12.1,2.27,78.3,1144.6,9.8,0.0,176.85,176.85,544.77,308.05,True,64.83,64.72,64.12
SYN_00228,SYNTHETIC_SIMULATED,True,,,True,VERIFIED,Wheat Straw,agricultural_residue,46.5,5.9,41.2,0.7,0.1,5.6,15.75683957263768,75.0,19.4,2.0,220.0,18.806,14.374,172.59699576517949,105.0,8.0,369.84,7.37,1.53,62.98,24.15,12.87,89.748,46.32,20.502,14.552,100.0,33.13,53.13,7.22,1.11,3.21,35.21,13.13,8.93,35.3,10.7,2.22,98.1,1142.3,9.0,21.53,40.92,62.45,27.27,43.67,False,97.85,92.15,95.33
SYN_00229,SYNTHETIC_SIMULATED,True,,,True,VERIFIED,Rice Husk,agricultural_residue,39.5,5.1,36.5,0.4,0.1,18.4,25.237181392883812,63.5,18.1,2.0,340.0,15.64,10.245,477.794918052521,105.0,8.0,749.63,85.04,21.07,27.49,3.76,68.75,97.684,42.611,250.648,89.52,100.0,46.68,14.69,15.65,16.51,4.59,24.1,230.03,16.2,73.44,2.19,2.47,31.1,1058.4,5.0,104.29,263.34,367.62,866.47,235.69,True,64.71,64.07,63.97
SYN_00230,SYNTHETIC_SIMULATED,True,,,True,VERIFIED,Sugarcane Bagasse,agricultural_residue,48.0,5.8,43.5,0.3,0.05,2.35,8.361217720848963,81.0,16.65,2.0,180.0,19.044,16.087,55.52431076346526,105.0,8.0,418.03,368.41,1.04,43.24,41.2,15.56,21.517,24.301,9.014,0.218,100.0,37.25,46.01,9.04,1.81,3.65,33.67,5.95,10.46,27.34,12.51,2.2,105.1,1159.9,17.6,2.87,16.75,19.63,14.46,73.68,False,90.76,87.73,90.45
SYN_00231,SYNTHETIC_SIMULATED,True,,,True,VERIFIED,Miscanthus,energy_crop,48.5,5.7,42.6,0.6,0.1,2.5,9.649486393284487,79.5,18.0,2.0,200.0,19.191,15.98,273.72924384317076,105.0,8.0,402.63,12.32,3.63,51.55,33.89,14.56,124.515,100.987,40.297,4.908,100.0,35.81,48.54,8.4,1.53,3.5,34.22,26.35,9.92,29.97,12.09,2.21,102.8,1154.1,14.1,17.65,77.52,95.17,60.78,63.86,False,94.87,91.58,94.43
SYN_00232,SYNTHETIC_SIMULATED,True,,,True,VERIFIED,Almond Shells,nut_shells,51.0,6.0,39.5,0.5,0.05,2.95,11.983555017771007,73.5,23.55,2.0,480.0,20.725,16.797,363.9887986116461,105.0,8.0,407.77,252.12,1.16,47.67,37.36,14.98,153.26,141.901,53.852,15.761,100.0,36.45,47.42,8.68,1.65,3.57,33.98,35.54,10.16,28.62,13.44,2.2,104.1,1157.0,15.8,31.85,102.7,134.55,83.95,62.39,False,92.77,89.38,91.68
SYN_00233,SYNTHETIC_SIMULATED,True,,,True,VERIFIED,Pine Sawdust,woody_biomass,51.5,6.3,41.6,0.2,0.05,0.35,16.13131375805304,82.5,17.15,2.0,420.0,21.095,16.145,174.31104026267474,105.0,8.0,471.64,143.06,8.55,29.01,50.71,20.28,41.655,84.043,32.679,15.406,100.0,42.13,36.83,11.34,3.34,4.1,31.54,23.54,12.35,24.88,14.5,2.21,103.5,1165.3,21.7,22.39,56.05,78.44,67.61,86.19,False,86.54,84.62,86.3
SYN_00234,SYNTHETIC_SIMULATED,True,,,True,VERIFIED,Beech Wood,woody_biomass,49.5,6.1,43.8,0.2,0.02,0.38,10.085548468839146,84.0,15.62,2.0,460.0,19.93,16.477,465.64966161527116,105.0,8.0,448.28,5.87,10.76,37.32,44.54,18.15,155.181,216.648,84.375,10.556,100.0,40.23,40.57,10.41,2.61,3.93,32.43,58.67,11.59,26.38,13.32,2.21,103.4,1162.0,19.1,32.03,151.32,183.34,158.15,86.26,False,90.03,88.45,90.68
SYN_00235,SYNTHETIC_SIMULATED,True,,,True,VERIFIED,Olive Pomace,agricultural_residue,50.2,6.2,39.8,1.4,0.1,2.3,17.70748150398068,76.5,21.2,2.0,550.0,20.655,15.452,442.31777249867525,105.0,8.0,430.76,242.22,0.23,40.4,42.97,16.63,145.496,179.63,67.926,46.672,100.0,38.63,43.53,9.67,2.14,3.78,33.11,46.08,10.98,26.81,13.75,2.2,104.4,1161.0,18.4,63.68,125.24,188.92,117.61,62.25,False,90.68,86.5,88.68
SYN_00236,SYNTHETIC_SIMULATED,True,,,True,VERIFIED,Wheat Straw,agricultural_residue,46.5,5.9,41.2,0.7,0.1,5.6,18.81194581282919,75.0,19.4,2.0,220.0,18.806,13.764,358.53815327950605,105.0,8.0,582.08,87.46,0.85,19.84,42.77,37.39,56.642,141.559,113.631,42.136,100.0,47.39,21.22,14.76,9.99,4.56,26.93,95.57,15.24,26.87,12.41,2.23,94.4,1160.9,18.3,55.53,148.75,204.28,338.85,165.87,True,71.12,70.61,71.23
SYN_00237,SYNTHETIC_SIMULATED,True,,,True,VERIFIED,Rice Husk,agricultural_residue,39.5,5.1,36.5,0.4,0.1,18.4,17.099829531671183,63.5,18.1,2.0,340.0,15.64,11.625,362.92210167557727,105.0,8.0,702.18,104.33,0.53,28.36,18.71,52.92,82.807,78.978,160.709,35.897,100.0,46.86,15.36,15.56,15.73,4.58,24.42,149.17,16.09,39.92,8.04,2.28,72.3,1132.2,6.0,50.08,201.94,252.01,558.36,221.56,True,68.05,67.46,67.9
SYN_00238,SYNTHETIC_SIMULATED,True,,,True,VERIFIED,Sugarcane Bagasse,agricultural_residue,48.0,5.8,43.5,0.3,0.05,2.35,22.765305983365696,81.0,16.65,2.0,180.0,19.044,13.175,398.8842682957993,105.0,8.0,728.57,559.85,21.58,14.05,10.32,75.63,43.378,55.753,235.832,64.018,100.0,46.75,14.96,15.61,16.2,4.58,24.23,217.72,16.15,52.25,7.38,2.34,56.6,1105.1,5.0,77.34,217.29,294.62,817.99,277.64,True,61.98,61.47,60.92
SYN_00239,SYNTHETIC_SIMULATED,True,,,True,VERIFIED,Miscanthus,energy_crop,48.5,5.7,42.6,0.6,0.1,2.5,17.608448601481,79.5,18.0,2.0,200.0,19.191,14.357,218.12045024792107,105.0,8.0,380.83,14.49,1.09,56.28,30.12,13.6,99.372,67.939,27.13,22.78,100.0,34.24,51.25,7.71,1.27,3.33,34.81,17.54,9.34,31.71,11.73,2.21,102.1,1150.2,12.2,31.19,53.07,84.26,38.09,45.2,False,98.79,92.93,96.11
SYN_00240,SYNTHETIC_SIMULATED,True,,,True,VERIFIED,Almond Shells,nut_shells,51.0,6.0,39.5,0.5,0.05,2.95,25.18634277774673,73.5,23.55,2.0,480.0,20.725,13.911,496.5197728182638,105.0,8.0,496.64,60.24,0.11,27.07,49.41,23.52,98.282,209.112,93.51,92.754,100.0,44.3,32.12,12.48,4.58,4.29,30.33,70.96,13.29,25.17,14.21,2.21,101.2,1164.6,21.2,108.12,153.44,261.57,219.24,83.82,False,82.95,80.28,81.83
SYN_00241,SYNTHETIC_SIMULATED,True,,,True,VERIFIED,Pine Sawdust,woody_biomass,51.5,6.3,41.6,0.2,0.05,0.35,9.049389502252335,82.5,17.15,2.0,420.0,21.095,17.714,239.6529273419975,105.0,8.0,600.05,21.25,4.88,15.06,41.67,43.27,32.327,104.827,99.386,2.734,100.0,47.45,19.6,15.02,11.32,4.57,26.3,84.13,15.5,27.19,13.98,2.23,93.0,1160.2,17.8,14.03,116.8,130.84,303.2,231.74,True,72.56,72.13,72.4
SYN_00242,SYNTHETIC_SIMULATED,True,,,True,VERIFIED,Beech Wood,woody_biomass,49.5,6.1,43.8,0.2,0.02,0.38,15.871505532642267,84.0,15.62,2.0,460.0,19.93,15.259,209.42044193077692,105.0,8.0,698.92,5.63,7.37,13.75,23.44,62.81,23.585,55.267,111.642,17.918,100.0,46.89,15.47,15.54,15.61,4.58,24.47,103.44,16.08,35.81,11.3,2.27,77.4,1141.2,8.6,26.36,117.0,143.36,386.84,269.84,True,67.1,66.57,66.46
SYN_00243,SYNTHETIC_SIMULATED,True,,,True,VERIFIED,Olive Pomace,agricultural_residue,50.2,6.2,39.8,1.4,0.1,2.3,24.395205834758134,76.5,21.2,2.0,550.0,20.655,13.998,91.16750075594726,105.0,8.0,600.53,158.92,13.28,16.32,37.65,46.03,11.092,30.547,32.895,16.247,100.0,47.45,19.76,14.99,11.18,4.57,26.36,28.06,15.47,28.51,13.38,2.23,91.4,1157.3,16.0,19.14,36.75,55.89,100.98,180.67,True,71.95,71.14,71.26
SYN_00244,SYNTHETIC_SIMULATED,True,,,True,VERIFIED,Wheat Straw,agricultural_residue,46.5,5.9,41.2,0.7,0.1,5.6,15.320288665384554,75.0,19.4,2.0,220.0,18.806,14.461,162.33450329168974,105.0,8.0,518.75,355.38,0.6,24.92,48.54,26.55,33.795,74.969,39.566,12.917,100.0,45.64,28.67,13.27,5.81,4.4,29.37,30.25,13.94,25.37,12.72,2.21,99.7,1164.2,20.8,19.55,60.14,79.69,98.1,123.1,True,76.09,75.49,76.65
SYN_00245,SYNTHETIC_SIMULATED,True,,,True,VERIFIED,Rice Husk,agricultural_residue,39.5,5.1,36.5,0.4,0.1,18.4,23.363897733213015,63.5,18.1,2.0,340.0,15.64,10.562,114.23898932701836,105.0,8.0,631.07,714.93,2.53,29.08,25.8,45.12,24.834,28.801,40.337,19.078,100.0,47.32,17.68,15.28,13.16,4.57,25.48,35.81,15.77,34.18,9.04,2.26,82.5,1144.8,9.8,22.82,50.45,73.28,131.37,179.27,True,71.69,70.73,71.57
SYN_00246,SYNTHETIC_SIMULATED,True,,,True,VERIFIED,Sugarcane Bagasse,agricultural_residue,48.0,5.8,43.5,0.3,0.05,2.35,24.521926021073877,81.0,16.65,2.0,180.0,19.044,12.82,222.3247764242861,105.0,8.0,476.44,219.89,0.28,28.85,50.13,21.01,47.853,94.863,39.832,39.926,100.0,42.75,35.55,11.65,3.64,4.15,31.22,28.15,12.61,25.01,12.99,2.21,102.6,1165.0,21.5,46.96,65.64,112.6,82.54,73.31,False,85.36,80.95,83.49
SYN_00247,SYNTHETIC_SIMULATED,True,,,True,VERIFIED,Miscanthus,energy_crop,48.5,5.7,42.6,0.6,0.1,2.5,16.111713918349196,79.5,18.0,2.0,200.0,19.191,14.662,469.82751550844193,105.0,8.0,431.32,8.84,0.26,42.61,40.56,16.83,166.045,186.378,74.574,41.425,100.0,38.87,43.09,9.78,2.21,3.8,33.01,50.3,11.07,27.54,12.59,2.21,103.2,1159.4,17.3,60.25,136.63,196.88,129.47,65.76,False,91.19,87.22,89.93
SYN_00248,SYNTHETIC_SIMULATED,True,,,True,VERIFIED,Almond Shells,nut_shells,51.0,6.0,39.5,0.5,0.05,2.95,26.029299585117755,73.5,23.55,2.0,480.0,20.725,13.727,412.26380014030883,105.0,8.0,603.0,154.38,27.29,16.94,35.56,47.5,50.829,129.734,149.352,80.792,100.0,47.45,19.51,15.03,11.39,4.57,26.26,128.24,15.51,29.29,13.29,2.24,90.2,1155.6,14.9,93.2,163.88,257.08,462.53,179.91,True,71.24,70.75,70.77
SYN_00249,SYNTHETIC_SIMULATED,True,,,True,VERIFIED,Pine Sawdust,woody_biomass,51.5,6.3,41.6,0.2,0.05,0.35,23.332098182450377,82.5,17.15,2.0,420.0,21.095,14.549,489.2559991375233,105.0,8.0,584.28,8.75,0.97,16.36,45.23,38.41,59.549,195.397,152.124,81.536,100.0,47.4,20.99,14.8,10.16,4.56,26.84,127.05,15.28,26.19,14.21,2.22,95.2,1162.4,19.4,97.59,192.89,290.48,451.54,155.45,True,76.51,76.06,76.53
SYN_00250,SYNTHETIC_SIMULATED,True,,,True,VERIFIED,Beech Wood,woody_biomass,49.5,6.1,43.8,0.2,0.02,0.38,20.085737836229626,84.0,15.62,2.0,460.0,19.93,14.373,446.62719709013015,105.0,8.0,678.19,30.54,1.39,13.1,32.31,54.58,45.986,140.335,202.751,58.672,100.0,46.99,15.91,15.49,15.1,4.57,24.68,182.26,16.02,30.66,12.41,2.25,84.6,1152.5,13.3,74.78,228.02,302.8,678.99,224.23,True,69.76,69.3,69.42
SYN_00251,SYNTHETIC_SIMULATED,True,,,True,VERIFIED,Olive Pomace,agricultural_residue,50.2,6.2,39.8,1.4,0.1,2.3,6.149572032263027,76.5,21.2,2.0,550.0,20.655,17.965,446.1079147449367,105.0,6.149572032263027,429.4,11.39,0.93,45.82,38.12,16.07,190.782,178.732,75.125,0.0,100.0,37.92,44.81,9.34,1.97,3.71,33.4,50.16,10.71,24.91,14.18,2.2,107.9,1165.2,21.7,0.0,139.14,139.14,124.9,89.76,False,91.78,91.07,92.92
SYN_00252,SYNTHETIC_SIMULATED,True,,,True,VERIFIED,Wheat Straw,agricultural_residue,46.5,5.9,41.2,0.7,0.1,5.6,21.730076602321063,75.0,19.4,2.0,220.0,18.806,13.181,349.2789594267725,105.0,8.0,427.38,12.58,14.52,46.54,37.4,16.06,124.397,119.756,48.918,52.126,100.0,38.09,44.51,9.42,2.01,3.73,33.33,32.91,10.77,28.6,12.06,2.21,102.4,1157.1,15.8,64.15,92.48,156.63,82.44,52.63,False,90.44,84.11,87.18
SYN_00253,SYNTHETIC_SIMULATED,True,,,True,VERIFIED,Rice Husk,agricultural_residue,39.5,5.1,36.5,0.4,0.1,18.4,11.96170766353869,63.5,18.1,2.0,340.0,15.64,12.497,115.32747104823636,105.0,8.0,441.62,720.66,37.7,47.84,35.87,16.29,47.229,43.187,18.433,4.966,100.0,39.42,42.08,10.03,2.36,3.85,32.78,12.55,11.28,29.17,9.91,2.21,100.3,1155.8,15.1,10.07,35.8,45.86,32.9,71.74,False,80.29,76.24,79.09
SYN_00254,SYNTHETIC_SIMULATED,True,,,True,VERIFIED,Sugarcane Bagasse,agricultural_residue,48.0,5.8,43.5,0.3,0.05,2.35,19.347585243211633,81.0,16.65,2.0,180.0,19.044,13.866,242.9977267562444,105.0,8.0,507.1,183.75,0.47,23.62,51.4,24.98,46.11,111.785,54.686,29.972,100.0,44.97,30.49,12.86,5.12,4.35,29.89,40.26,13.6,24.73,13.04,2.21,101.2,1165.6,22.0,38.92,83.14,122.06,127.31,104.31,True,80.72,80.17,81.67
SYN_00255,SYNTHETIC_SIMULATED,True,,,True,VERIFIED,Miscanthus,energy_crop,48.5,5.7,42.6,0.6,0.1,2.5,14.101057524660021,79.5,18.0,2.0,200.0,19.191,15.072,174.08415607779006,105.0,8.0,675.14,9.65,28.28,15.7,18.32,65.98,22.743,38.766,99.375,11.545,100.0,47.0,15.95,15.48,15.05,4.57,24.7,91.01,16.01,40.32,9.94,2.28,72.9,1131.3,5.8,18.87,95.23,114.1,338.95,297.06,True,64.19,63.63,63.42
SYN_00256,SYNTHETIC_SIMULATED,True,,,True,VERIFIED,Almond Shells,nut_shells,51.0,6.0,39.5,0.5,0.05,2.95,23.055064649893147,73.5,23.55,2.0,480.0,20.725,14.377,365.6719441997905,105.0,8.0,544.11,120.94,0.95,20.48,48.52,31.01,56.714,154.301,93.047,59.839,100.0,46.71,25.17,14.02,7.45,4.49,28.3,74.19,14.58,25.37,14.16,2.22,98.4,1164.2,20.8,71.94,131.38,203.32,251.6,123.74,True,77.25,76.78,77.44
SYN_00257,SYNTHETIC_SIMULATED,True,,,True,VERIFIED,Pine Sawdust,woody_biomass,51.5,6.3,41.6,0.2,0.05,0.35,21.405278418920425,82.5,17.15,2.0,420.0,21.095,14.976,411.14950244689845,105.0,8.0,467.89,82.01,6.64,29.82,50.19,19.99,94.667,184.291,72.106,59.908,100.0,41.9,37.3,11.22,3.24,4.08,31.65,51.14,12.26,24.99,14.48,2.21,103.6,1165.0,21.5,74.2,123.0,197.2,145.75,73.91,False,87.89,84.43,86.4
SYN_00258,SYNTHETIC_SIMULATED,True,,,True,VERIFIED,Beech Wood,woody_biomass,49.5,6.1,43.8,0.2,0.02,0.38,6.344143543134379,84.0,15.62,2.0,460.0,19.93,17.264,497.0759597548856,105.0,6.344143543134379,740.95,77.09,0.22,12.31,28.12,59.57,55.666,155.735,280.957,0.0,100.0,46.7,14.75,15.64,16.44,4.59,24.13,263.64,16.19,29.08,12.74,2.25,83.2,1156.0,15.2,0.0,335.94,335.94,992.48,295.44,True,66.46,66.4,66.2
SYN_00259,SYNTHETIC_SIMULATED,True,,,True,VERIFIED,Olive Pomace,agricultural_residue,50.2,6.2,39.8,1.4,0.1,2.3,16.973308629187436,76.5,21.2,2.0,550.0,20.655,15.611,170.6653726103147,105.0,8.0,412.74,90.39,7.57,45.2,39.41,15.39,63.355,64.501,24.815,16.646,100.0,37.01,46.43,8.93,1.76,3.62,33.76,16.29,10.37,27.91,13.51,2.2,104.6,1158.6,16.8,23.34,46.29,69.63,39.28,56.41,False,93.15,88.5,90.85
SYN_00260,SYNTHETIC_SIMULATED,True,,,True,VERIFIED,Wheat Straw,agricultural_residue,46.5,5.9,41.2,0.7,0.1,5.6,13.62253537097657,75.0,19.4,2.0,220.0,18.806,14.8,242.31477036551107,105.0,8.0,617.44,320.97,5.04,18.41,35.5,46.09,37.941,88.076,100.774,14.809,100.0,47.4,18.5,15.17,12.33,4.57,25.84,86.87,15.66,29.31,11.92,2.24,89.4,1155.5,14.9,25.12,116.55,141.67,316.33,223.29,True,67.2,66.68,66.98
SYN_00261,SYNTHETIC_SIMULATED,True,,,True,VERIFIED,Rice Husk,agricultural_residue,39.5,5.1,36.5,0.4,0.1,18.4,19.92737950092287,63.5,18.1,2.0,340.0,15.64,11.146,405.4501389583916,105.0,8.0,562.95,117.06,0.13,31.43,36.35,32.22,99.955,140.615,108.971,52.565,100.0,47.17,22.98,14.45,8.75,4.53,27.57,89.82,14.96,28.99,9.94,2.23,92.6,1156.2,15.3,67.26,158.86,226.12,312.44,138.18,True,75.14,74.53,75.74
SYN_00262,SYNTHETIC_SIMULATED,True,,,True,VERIFIED,Sugarcane Bagasse,agricultural_residue,48.0,5.8,43.5,0.3,0.05,2.35,21.178159627892377,81.0,16.65,2.0,180.0,19.044,13.496,464.34006342924096,105.0,8.0,685.9,18.33,13.55,15.06,17.96,66.98,53.791,93.924,249.055,66.512,100.0,46.94,15.67,15.52,15.38,4.57,24.56,227.26,16.05,40.71,9.76,2.28,71.9,1130.4,5.7,82.75,238.59,321.35,848.43,264.02,True,64.75,64.26,64.04
SYN_00263,SYNTHETIC_SIMULATED,True,,,True,VERIFIED,Miscanthus,energy_crop,48.5,5.7,42.6,0.6,0.1,2.5,20.399925824235396,79.5,18.0,2.0,200.0,19.191,13.788,122.16880114388401,105.0,8.0,437.87,168.15,19.85,38.71,44.33,16.96,36.805,49.729,18.541,16.466,100.0,39.03,42.8,9.85,2.25,3.82,32.95,12.62,11.13,26.43,12.82,2.2,104.6,1161.9,19.0,20.83,33.88,54.71,32.67,59.72,False,90.14,84.72,87.6
SYN_00264,SYNTHETIC_SIMULATED,True,,,True,VERIFIED,Almond Shells,nut_shells,51.0,6.0,39.5,0.5,0.05,2.95,15.251082512476927,73.5,23.55,2.0,480.0,20.725,16.082,362.2853359911643,105.0,8.0,591.43,12.24,0.98,18.48,41.56,39.95,56.072,148.065,128.189,28.554,100.0,47.44,20.2,14.93,10.8,4.57,26.53,108.83,15.4,27.23,13.75,2.23,93.3,1160.1,17.8,43.38,161.5,204.88,389.89,190.3,True,72.56,72.13,72.43
SYN_00265,SYNTHETIC_SIMULATED,True,,,True,VERIFIED,Pine Sawdust,woody_biomass,51.5,6.3,41.6,0.2,0.05,0.35,8.424783425445973,82.5,17.15,2.0,420.0,21.095,17.853,184.50696096504123,105.0,8.0,361.32,59.89,0.15,56.95,30.23,12.81,94.684,63.069,24.203,0.852,100.0,32.71,53.84,7.04,1.05,3.16,35.35,15.4,8.78,31.66,12.97,2.2,104.2,1150.4,12.2,9.67,46.61,56.28,31.42,55.83,False,100.37,97.19,99.79
SYN_00266,SYNTHETIC_SIMULATED,True,,,True,VERIFIED,Beech Wood,woody_biomass,49.5,6.1,43.8,0.2,0.02,0.38,12.750848075842242,84.0,15.62,2.0,460.0,19.93,15.916,139.94411748480383,105.0,8.0,485.48,51.89,7.8,25.86,51.65,22.49,31.121,70.279,30.16,7.227,100.0,43.59,33.75,12.09,4.11,4.23,30.76,22.16,12.97,24.68,13.69,2.21,102.4,1165.7,22.1,13.31,49.14,62.45,66.82,107.0,True,83.9,83.32,84.93
SYN_00267,SYNTHETIC_SIMULATED,True,,,True,VERIFIED,Olive Pomace,agricultural_residue,50.2,6.2,39.8,1.4,0.1,2.3,6.097643405117227,76.5,21.2,2.0,550.0,20.655,17.976,99.38007085888847,105.0,6.097643405117227,474.99,118.09,0.59,29.91,49.27,20.82,27.659,50.032,21.415,0.0,100.0,42.61,35.86,11.58,3.57,4.14,31.3,15.4,12.55,22.25,14.76,2.2,106.6,1171.1,27.2,0.0,35.87,35.87,44.94,125.28,True,83.17,82.87,84.05
SYN_00268,SYNTHETIC_SIMULATED,True,,,True,VERIFIED,Wheat Straw,agricultural_residue,46.5,5.9,41.2,0.7,0.1,5.6,6.220967376700905,75.0,19.4,2.0,220.0,18.806,16.277,155.1238026664072,105.0,6.220967376700905,418.81,106.6,33.28,45.19,39.22,15.58,65.084,62.815,25.502,0.0,100.0,37.47,45.63,9.14,1.86,3.67,33.58,16.91,10.54,24.73,12.85,2.2,108.7,1165.6,22.0,0.0,47.67,47.67,41.44,86.94,False,87.48,86.37,88.58
SYN_00269,SYNTHETIC_SIMULATED,True,,,True,VERIFIED,Rice Husk,agricultural_residue,39.5,5.1,36.5,0.4,0.1,18.4,17.062775045141215,63.5,18.1,2.0,340.0,15.64,11.632,336.4404885285088,105.0,8.0,558.7,457.01,21.29,31.51,33.29,35.2,85.63,111.995,104.697,33.142,100.0,47.14,23.14,14.42,8.64,4.53,27.62,83.51,14.93,30.23,9.73,2.23,91.1,1153.5,13.8,46.3,136.05,182.35,290.01,159.04,True,73.69,73.09,74.2
SYN_00270,SYNTHETIC_SIMULATED,True,,,True,VERIFIED,Sugarcane Bagasse,agricultural_residue,48.0,5.8,43.5,0.3,0.05,2.35,21.521846661409416,81.0,16.65,2.0,180.0,19.044,13.426,267.3504733876522,105.0,8.0,448.85,383.09,7.26,35.8,46.38,17.83,74.394,111.24,41.404,39.294,100.0,39.98,41.04,10.29,2.53,3.91,32.54,28.95,11.49,25.9,12.81,2.2,104.4,1163.0,19.9,48.55,75.25,123.81,77.38,62.5,False,88.95,83.74,86.62
SYN_00271,SYNTHETIC_SIMULATED,True,,,True,VERIFIED,Miscanthus,energy_crop,48.5,5.7,42.6,0.6,0.1,2.5,16.93134013134221,79.5,18.0,2.0,200.0,19.191,14.495,57.87758015923296,105.0,8.0,658.86,24.82,1.42,15.47,33.01,51.51,7.296,19.125,25.6,5.619,100.0,47.13,16.55,15.42,14.37,4.57,24.98,22.95,15.93,30.35,12.01,2.25,86.0,1153.2,13.6,7.89,29.39,37.28,85.02,228.05,True,68.63,67.62,68.03
SYN_00272,SYNTHETIC_SIMULATED,True,,,True,VERIFIED,Almond Shells,nut_shells,51.0,6.0,39.5,0.5,0.05,2.95,13.978940494064584,73.5,23.55,2.0,480.0,20.725,16.36,337.0350224572686,105.0,8.0,745.99,92.84,5.0,15.04,19.16,65.81,43.235,76.322,194.135,21.903,100.0,46.68,14.7,15.65,16.49,4.59,24.11,180.38,16.19,39.47,11.02,2.29,70.8,1133.2,6.3,36.13,213.19,249.32,679.35,272.49,True,63.35,62.92,62.3
SYN_00273,SYNTHETIC_SIMULATED,True,,,True,VERIFIED,Pine Sawdust,woody_biomass,51.5,6.3,41.6,0.2,0.05,0.35,9.922797329933005,82.5,17.15,2.0,420.0,21.095,17.521,459.1582940640046,105.0,8.0,566.86,61.79,12.28,16.12,45.39,38.5,65.439,215.253,166.675,9.596,100.0,47.25,22.43,14.55,9.11,4.54,27.37,137.71,15.05,26.15,14.22,2.22,96.0,1162.5,19.5,30.84,205.0,235.84,481.98,204.37,True,74.51,74.13,74.57
SYN_00274,SYNTHETIC_SIMULATED,True,,,True,VERIFIED,Beech Wood,woody_biomass,49.5,6.1,43.8,0.2,0.02,0.38,20.311821745779966,84.0,15.62,2.0,460.0,19.93,14.325,479.64203094686945,105.0,8.0,543.57,36.28,32.95,18.29,48.38,33.33,68.746,208.323,135.6,64.188,100.0,46.68,25.27,14.0,7.39,4.49,28.33,107.67,14.56,25.41,13.53,2.22,98.4,1164.1,20.8,81.38,178.09,259.48,364.66,140.54,True,78.43,77.97,78.97
SYN_00275,SYNTHETIC_SIMULATED,True,,,True,VERIFIED,Olive Pomace,agricultural_residue,50.2,6.2,39.8,1.4,0.1,2.3,13.090678815115119,76.5,21.2,2.0,550.0,20.655,16.456,104.08645140091214,105.0,8.0,633.56,459.5,11.04,15.29,31.37,53.34,13.544,34.796,49.587,5.759,100.0,47.31,17.6,15.29,13.24,4.57,25.45,43.77,15.79,31.1,12.81,2.25,86.3,1151.6,12.8,10.25,52.32,62.56,160.69,256.84,True,67.78,67.13,66.96
SYN_00276,SYNTHETIC_SIMULATED,True,,,True,VERIFIED,Wheat Straw,agricultural_residue,46.5,5.9,41.2,0.7,0.1,5.6,15.17832958213251,75.0,19.4,2.0,220.0,18.806,14.489,339.28433993598446,105.0,8.0,456.33,99.2,0.24,35.91,45.39,18.7,103.086,149.923,59.859,26.473,100.0,41.0,39.09,10.78,2.88,4.0,32.08,41.95,11.89,26.15,12.56,2.21,102.9,1162.5,19.5,40.38,106.5,146.88,116.02,78.99,False,83.45,80.71,82.88
SYN_00277,SYNTHETIC_SIMULATED,True,,,True,VERIFIED,Rice Husk,agricultural_residue,39.5,5.1,36.5,0.4,0.1,18.4,22.99416631715437,63.5,18.1,2.0,340.0,15.64,10.625,167.8630741257303,105.0,8.0,639.03,424.14,14.6,28.97,17.68,53.35,36.583,32.618,70.145,27.358,100.0,47.27,17.36,15.32,13.49,4.57,25.34,62.2,15.82,41.01,7.85,2.28,73.7,1129.8,5.5,32.92,75.61,108.53,228.82,210.83,True,69.11,68.3,68.81
SYN_00278,SYNTHETIC_SIMULATED,True,,,True,VERIFIED,Sugarcane Bagasse,agricultural_residue,48.0,5.8,43.5,0.3,0.05,2.35,18.372855156769678,81.0,16.65,2.0,180.0,19.044,14.063,428.05247182050584,105.0,8.0,363.42,50.16,0.14,57.18,29.91,12.9,197.419,128.975,50.342,48.262,100.0,32.98,53.37,7.16,1.09,3.19,35.26,32.1,8.88,31.82,11.59,2.21,103.5,1150.0,12.0,64.44,97.67,162.11,66.26,40.87,False,99.78,93.57,96.9
SYN_00279,SYNTHETIC_SIMULATED,True,,,True,VERIFIED,Miscanthus,energy_crop,48.5,5.7,42.6,0.6,0.1,2.5,9.49772148359981,79.5,18.0,2.0,200.0,19.191,16.011,335.79750445813136,105.0,8.0,512.39,5.53,9.19,25.34,48.13,26.53,77.665,164.909,86.07,5.467,100.0,45.34,29.52,13.08,5.48,4.38,29.61,66.24,13.78,25.47,13.02,2.21,99.9,1164.0,20.7,21.15,131.05,152.19,212.36,139.53,True,79.37,78.93,80.31
SYN_00280,SYNTHETIC_SIMULATED,True,,,True,VERIFIED,Almond Shells,nut_shells,51.0,6.0,39.5,0.5,0.05,2.95,21.916138851278447,73.5,23.55,2.0,480.0,20.725,14.626,152.68987557365946,105.0,8.0,663.12,17.6,0.11,16.37,32.2,51.42,19.347,47.311,62.915,23.096,100.0,47.08,16.31,15.44,14.64,4.57,24.87,57.02,15.96,30.71,12.97,2.25,85.2,1152.4,13.2,28.32,73.99,102.31,211.7,206.91,True,69.16,68.55,68.48
SYN_00281,SYNTHETIC_SIMULATED,True,,,True,VERIFIED,Pine Sawdust,woody_biomass,51.5,6.3,41.6,0.2,0.05,0.35,14.334727698575838,82.5,17.15,2.0,420.0,21.095,16.543,324.61571391671356,105.0,8.0,737.9,193.52,3.48,12.29,24.49,63.22,33.866,88.449,179.127,22.352,100.0,46.72,14.83,15.63,16.35,4.58,24.17,166.48,16.17,35.06,12.21,2.27,76.5,1142.9,9.1,35.94,200.12,236.05,626.26,265.31,True,66.14,65.71,65.26
SYN_00282,SYNTHETIC_SIMULATED,True,,,True,VERIFIED,Beech Wood,woody_biomass,49.5,6.1,43.8,0.2,0.02,0.38,21.4532045702026,84.0,15.62,2.0,460.0,19.93,14.085,311.77013263136575,105.0,8.0,572.79,620.58,1.26,15.44,48.11,36.45,37.51,133.957,94.317,45.59,100.0,47.31,22.0,14.63,9.41,4.55,27.22,78.1,15.12,25.47,13.52,2.22,96.7,1164.0,20.7,56.41,122.67,179.08,274.63,153.36,True,76.37,75.87,76.67
SYN_00283,SYNTHETIC_SIMULATED,True,,,True,VERIFIED,Olive Pomace,agricultural_residue,50.2,6.2,39.8,1.4,0.1,2.3,15.032899740225128,76.5,21.2,2.0,550.0,20.655,16.033,79.38807522794278,105.0,8.0,605.25,17.65,2.27,17.0,40.09,42.92,11.474,31.652,30.475,6.069,100.0,47.44,19.26,15.07,11.62,4.57,26.16,25.93,15.55,27.69,13.56,2.23,92.1,1159.1,17.1,9.34,36.56,45.89,93.76,204.32,True,71.81,71.05,71.28
SYN_00284,SYNTHETIC_SIMULATED,True,,,True,VERIFIED,Wheat Straw,agricultural_residue,46.5,5.9,41.2,0.7,0.1,5.6,23.895679946583968,75.0,19.4,2.0,220.0,18.806,12.749,52.32253650931551,105.0,8.0,447.53,27.75,0.16,40.03,42.26,17.71,15.733,19.497,7.92,9.04,100.0,40.02,40.97,10.31,2.54,3.91,32.53,5.42,11.51,27.02,12.38,2.21,102.7,1160.6,18.1,10.73,14.3,25.03,14.5,57.95,False,87.34,80.43,83.55
SYN_00285,SYNTHETIC_SIMULATED,True,,,True,VERIFIED,Rice Husk,agricultural_residue,39.5,5.1,36.5,0.4,0.1,18.4,9.192725807607232,63.5,18.1,2.0,340.0,15.64,12.967,251.43172199476044,105.0,8.0,620.28,34.72,0.16,29.79,28.45,41.76,67.144,80.964,99.038,3.26,100.0,47.39,18.38,15.19,12.45,4.57,25.79,85.8,15.67,32.6,9.31,2.25,85.1,1148.3,11.3,15.08,127.72,142.8,312.78,219.03,True,70.26,69.68,70.52
SYN_00286,SYNTHETIC_SIMULATED,True,,,True,VERIFIED,Sugarcane Bagasse,agricultural_residue,48.0,5.8,43.5,0.3,0.05,2.35,8.732981574182196,81.0,16.65,2.0,180.0,19.044,16.012,436.8175637986863,105.0,8.0,407.07,439.43,1.34,45.87,39.21,14.91,179.684,187.293,66.276,3.48,100.0,36.33,47.63,8.63,1.63,3.55,34.03,44.2,10.11,27.97,12.38,2.2,105.2,1158.5,16.7,24.22,127.27,151.49,103.95,68.62,False,92.21,89.35,92.12
SYN_00287,SYNTHETIC_SIMULATED,True,,,True,VERIFIED,Miscanthus,energy_crop,48.5,5.7,42.6,0.6,0.1,2.5,8.38073047714475,79.5,18.0,2.0,200.0,19.191,16.238,147.57135382269465,105.0,8.0,645.72,220.49,4.92,15.02,33.37,51.6,19.868,54.661,73.527,0.611,100.0,47.24,17.11,15.35,13.75,4.57,25.23,64.0,15.85,30.19,12.04,2.24,86.9,1153.6,13.8,7.67,80.06,87.73,235.95,268.96,True,67.34,66.78,67.03
SYN_00288,SYNTHETIC_SIMULATED,True,,,True,VERIFIED,Almond Shells,nut_shells,51.0,6.0,39.5,0.5,0.05,2.95,8.968620848687369,73.5,23.55,2.0,480.0,20.725,17.456,395.7647976881601,105.0,8.0,673.99,10.52,11.52,16.51,21.0,62.49,58.24,102.699,227.858,4.167,100.0,47.02,16.01,15.48,14.99,4.57,24.72,207.98,16.0,37.77,11.4,2.27,76.1,1136.9,7.3,22.86,228.44,251.3,774.16,308.06,True,64.45,64.06,63.59
SYN_00289,SYNTHETIC_SIMULATED,True,,,True,VERIFIED,Pine Sawdust,woody_biomass,51.5,6.3,41.6,0.2,0.05,0.35,26.377838064087538,82.5,17.15,2.0,420.0,21.095,13.874,141.43730002002184,105.0,8.0,713.31,9.27,7.14,13.51,21.75,64.73,13.8,30.599,67.944,28.253,100.0,46.81,15.18,15.58,15.94,4.58,24.33,63.26,16.12,37.13,11.74,2.28,75.2,1138.3,7.7,32.46,71.34,103.8,237.17,228.49,True,67.91,67.24,66.84
SYN_00290,SYNTHETIC_SIMULATED,True,,,True,VERIFIED,Beech Wood,woody_biomass,49.5,6.1,43.8,0.2,0.02,0.38,26.3382958452603,84.0,15.62,2.0,460.0,19.93,13.057,373.5669001205392,105.0,8.0,381.33,7.77,20.19,55.3,30.96,13.75,149.603,103.437,42.705,74.463,100.0,34.38,51.01,7.77,1.29,3.35,34.75,27.21,9.39,31.3,12.27,2.21,102.5,1151.1,12.6,85.6,81.72,167.32,59.43,35.52,False,102.93,94.44,97.73
SYN_00291,SYNTHETIC_SIMULATED,True,,,True,VERIFIED,Olive Pomace,agricultural_residue,50.2,6.2,39.8,1.4,0.1,2.3,13.595796764444742,76.5,21.2,2.0,550.0,20.655,16.346,281.245657198505,105.0,8.0,553.44,20.49,0.54,19.74,47.22,33.04,46.857,130.888,85.313,17.106,100.0,47.02,23.78,14.3,8.24,4.52,27.84,69.01,14.82,25.68,14.0,2.22,97.3,1163.5,20.3,29.08,116.8,145.89,237.88,163.06,True,75.74,75.29,75.81
SYN_00292,SYNTHETIC_SIMULATED,True,,,True,VERIFIED,Wheat Straw,agricultural_residue,46.5,5.9,41.2,0.7,0.1,5.6,10.163958159557833,75.0,19.4,2.0,220.0,18.806,15.49,458.28968074656353,105.0,8.0,516.14,53.72,0.46,25.44,48.09,26.48,104.837,222.634,118.168,10.78,100.0,45.62,28.73,13.26,5.78,4.4,29.39,90.27,13.93,25.48,12.69,2.21,99.6,1164.0,20.6,31.88,179.95,211.83,292.5,138.08,True,75.62,75.2,76.32
SYN_00293,SYNTHETIC_SIMULATED,True,,,True,VERIFIED,Rice Husk,agricultural_residue,39.5,5.1,36.5,0.4,0.1,18.4,11.649854555312634,63.5,18.1,2.0,340.0,15.64,12.55,169.53538244692783,105.0,8.0,439.4,5.14,17.6,51.42,32.34,16.23,76.299,59.23,26.598,6.726,100.0,39.35,42.21,10.0,2.34,3.85,32.81,18.29,11.25,30.65,9.65,2.22,98.3,1152.6,13.3,14.28,52.7,66.98,47.86,71.46,False,80.67,76.75,79.62
SYN_00294,SYNTHETIC_SIMULATED,True,,,True,VERIFIED,Sugarcane Bagasse,agricultural_residue,48.0,5.8,43.5,0.3,0.05,2.35,9.232378233063574,81.0,16.65,2.0,180.0,19.044,15.911,378.3819047725505,105.0,8.0,692.66,157.87,6.56,14.23,24.64,61.13,48.051,110.564,212.53,5.069,100.0,46.91,15.55,15.53,15.51,4.57,24.51,196.18,16.07,34.96,10.94,2.27,78.7,1143.1,9.2,22.84,226.18,249.02,733.11,294.4,True,64.53,64.1,64.04
SYN_00295,SYNTHETIC_SIMULATED,True,,,True,VERIFIED,Miscanthus,energy_crop,48.5,5.7,42.6,0.6,0.1,2.5,14.772022575037495,79.5,18.0,2.0,200.0,19.191,14.935,375.3894303101329,105.0,8.0,669.95,14.0,0.18,15.64,32.64,51.72,48.984,126.942,169.188,27.632,100.0,47.08,16.27,15.45,14.69,4.57,24.84,154.07,15.97,30.51,11.98,2.25,85.4,1152.9,13.5,43.18,199.16,242.33,572.2,236.12,True,68.36,67.9,68.13
SYN_00296,SYNTHETIC_SIMULATED,True,,,True,VERIFIED,Almond Shells,nut_shells,51.0,6.0,39.5,0.5,0.05,2.95,7.847422670890911,73.5,23.55,2.0,480.0,20.725,17.701,123.4052030613254,105.0,7.847422670890911,729.32,32.14,13.63,15.59,9.66,74.75,17.338,19.694,85.547,0.0,100.0,46.73,14.89,15.62,16.28,4.58,24.2,79.51,16.17,53.22,7.97,2.34,55.3,1102.9,5.0,0.0,80.98,80.98,298.93,369.15,True,60.44,60.19,59.24
SYN_00297,SYNTHETIC_SIMULATED,True,,,True,VERIFIED,Pine Sawdust,woody_biomass,51.5,6.3,41.6,0.2,0.05,0.35,13.215856245186167,82.5,17.15,2.0,420.0,21.095,16.791,394.63048397204517,105.0,8.0,532.39,77.82,4.24,18.87,51.3,29.83,64.002,196.012,109.603,22.373,100.0,46.34,26.52,13.74,6.76,4.46,28.73,86.14,14.34,24.75,14.53,2.21,99.7,1165.5,22.0,39.33,155.78,195.11,287.26,147.23,True,78.67,78.26,79.07
SYN_00298,SYNTHETIC_SIMULATED,True,,,True,VERIFIED,Beech Wood,woody_biomass,49.5,6.1,43.8,0.2,0.02,0.38,14.686743903407228,84.0,15.62,2.0,460.0,19.93,15.509,267.0662256005839,105.0,8.0,501.3,348.97,11.29,22.73,52.44,24.83,51.426,133.942,62.096,19.411,100.0,44.63,31.32,12.66,4.84,4.32,30.11,46.25,13.44,24.52,13.72,2.21,101.8,1166.1,22.4,30.49,95.34,125.83,144.57,114.89,True,82.07,81.59,83.01
SYN_00299,SYNTHETIC_SIMULATED,True,,,True,VERIFIED,Olive Pomace,agricultural_residue,50.2,6.2,39.8,1.4,0.1,2.3,25.683273218446452,76.5,21.2,2.0,550.0,20.655,13.717,241.25014148883983,105.0,8.0,624.61,13.76,3.69,16.47,35.9,47.63,28.825,75.965,89.522,46.371,100.0,47.35,17.96,15.24,12.87,4.57,25.61,77.54,15.73,29.16,13.23,2.24,89.1,1155.8,15.1,53.72,102.05,155.77,283.77,182.18,True,71.77,71.21,71.21
SYN_00300,SYNTHETIC_SIMULATED,True,,,True,VERIFIED,Wheat Straw,agricultural_residue,46.5,5.9,41.2,0.7,0.1,5.6,10.212869641815466,75.0,19.4,2.0,220.0,18.806,15.48,335.5455383933064,105.0,8.0,446.0,9.06,11.7,41.86,40.56,17.58,123.371,141.824,58.5,8.071,100.0,39.87,41.24,10.24,2.5,3.9,32.59,40.5,11.45,27.53,12.28,2.21,102.2,1159.4,17.3,23.5,107.71,131.21,107.87,82.21,False,85.75,83.68,85.89
SYN_00301,SYNTHETIC_SIMULATED,True,,,True,VERIFIED,Rice Husk,agricultural_residue,39.5,5.1,36.5,0.4,0.1,18.4,20.89755348249895,63.5,18.1,2.0,340.0,15.64,10.981,316.5955719278533,105.0,8.0,693.78,43.47,0.11,28.73,19.45,51.82,71.13,67.52,134.795,44.384,100.0,46.9,15.51,15.54,15.56,4.57,24.49,121.35,16.07,39.18,8.17,2.28,73.5,1133.8,6.4,55.55,165.61,221.16,453.63,205.12,True,69.12,68.47,68.98
SYN_00302,SYNTHETIC_SIMULATED,True,,,True,VERIFIED,Sugarcane Bagasse,agricultural_residue,48.0,5.8,43.5,0.3,0.05,2.35,9.81719184491043,81.0,16.65,2.0,180.0,19.044,15.793,279.7980209617241,105.0,8.0,501.2,7.13,0.1,27.13,49.0,23.87,68.129,140.521,65.828,5.527,100.0,44.46,31.74,12.57,4.7,4.3,30.23,48.98,13.36,25.26,12.94,2.21,100.9,1164.4,21.0,18.5,104.87,123.37,152.15,123.33,True,81.18,80.72,82.33
SYN_00303,SYNTHETIC_SIMULATED,True,,,True,VERIFIED,Miscanthus,energy_crop,48.5,5.7,42.6,0.6,0.1,2.5,6.1734737495320005,79.5,18.0,2.0,200.0,19.191,16.688,373.2005500775284,105.0,6.1734737495320005,689.97,600.54,0.52,14.49,30.73,54.78,49.838,127.063,197.672,0.0,100.0,46.93,15.65,15.52,15.4,4.57,24.56,179.85,16.05,27.52,12.6,2.24,87.9,1159.5,17.4,0.0,226.0,226.0,671.52,297.13,True,66.17,66.08,66.05
SYN_00304,SYNTHETIC_SIMULATED,True,,,True,VERIFIED,Almond Shells,nut_shells,51.0,6.0,39.5,0.5,0.05,2.95,23.162439984471398,73.5,23.55,2.0,480.0,20.725,14.353,173.00471290168724,105.0,8.0,418.37,689.02,0.18,45.12,39.29,15.58,59.146,62.093,22.999,28.513,100.0,37.31,45.91,9.07,1.83,3.65,33.65,15.5,10.48,27.95,13.59,2.2,104.2,1158.5,16.7,34.22,43.85,78.07,37.77,48.37,False,93.4,86.97,89.65
SYN_00305,SYNTHETIC_SIMULATED,True,,,True,VERIFIED,Pine Sawdust,woody_biomass,51.5,6.3,41.6,0.2,0.05,0.35,12.129466517590135,82.5,17.15,2.0,420.0,21.095,17.032,395.0244131855354,105.0,8.0,726.26,283.5,0.36,12.34,29.36,58.31,42.123,125.372,206.418,17.731,100.0,46.76,15.0,15.6,16.16,4.58,24.25,191.97,16.15,32.11,12.87,2.26,80.6,1149.4,11.7,35.14,243.52,278.65,720.99,258.74,True,67.33,66.93,66.63
SYN_00306,SYNTHETIC_SIMULATED,True,,,True,VERIFIED,Beech Wood,woody_biomass,49.5,6.1,43.8,0.2,0.02,0.38,22.71084009484637,84.0,15.62,2.0,460.0,19.93,13.82,142.51328094024177,105.0,8.0,524.8,134.77,42.31,19.27,50.88,29.86,21.012,62.469,35.56,22.788,100.0,46.06,27.43,13.54,6.33,4.44,29.0,27.44,14.17,24.85,13.65,2.21,100.0,1165.3,21.8,27.55,49.26,76.82,90.46,117.76,True,80.33,79.66,80.85
SYN_00307,SYNTHETIC_SIMULATED,True,,,True,VERIFIED,Olive Pomace,agricultural_residue,50.2,6.2,39.8,1.4,0.1,2.3,8.05346352471483,76.5,21.2,2.0,550.0,20.655,17.551,270.1805215301481,105.0,8.0,413.97,7.1,1.18,50.19,34.58,15.23,122.144,102.987,41.701,0.157,100.0,36.79,46.83,8.83,1.72,3.6,33.85,27.9,10.28,29.68,13.12,2.21,102.2,1154.7,14.4,13.17,80.55,93.72,66.73,71.2,False,94.09,91.62,93.77
SYN_00308,SYNTHETIC_SIMULATED,True,,,True,VERIFIED,Wheat Straw,agricultural_residue,46.5,5.9,41.2,0.7,0.1,5.6,17.239447830207325,75.0,19.4,2.0,220.0,18.806,14.078,291.6542460774325,105.0,8.0,632.13,89.79,12.9,18.1,28.18,53.72,43.909,85.987,132.949,29.29,100.0,47.32,17.65,15.28,13.18,4.57,25.47,117.23,15.78,32.75,11.22,2.25,84.3,1148.0,11.1,40.65,139.26,179.9,430.18,239.12,True,65.33,64.82,64.85
SYN_00309,SYNTHETIC_SIMULATED,True,,,True,VERIFIED,Rice Husk,agricultural_residue,39.5,5.1,36.5,0.4,0.1,18.4,20.036758123009122,63.5,18.1,2.0,340.0,15.64,11.127,435.4380547700331,105.0,8.0,490.11,39.73,0.21,39.24,39.35,21.41,134.543,160.761,80.963,56.97,100.0,43.86,33.13,12.24,4.28,4.25,30.6,59.51,13.09,27.93,10.13,2.22,97.8,1158.6,16.8,72.7,141.51,214.21,181.1,84.55,False,79.34,76.28,78.59
SYN_00310,SYNTHETIC_SIMULATED,True,,,True,VERIFIED,Sugarcane Bagasse,agricultural_residue,48.0,5.8,43.5,0.3,0.05,2.35,6.727338631199312,81.0,16.65,2.0,180.0,19.044,16.418,295.03924539281104,105.0,6.727338631199312,442.44,145.15,1.1,36.96,45.62,17.42,99.427,138.506,53.904,0.0,100.0,39.54,41.87,10.09,2.4,3.86,32.73,36.8,11.32,24.01,13.19,2.2,107.5,1167.2,23.4,0.0,96.54,96.54,96.9,100.37,True,87.26,87.14,89.25
SYN_00311,SYNTHETIC_SIMULATED,True,,,True,VERIFIED,Miscanthus,energy_crop,48.5,5.7,42.6,0.6,0.1,2.5,11.408442858546358,79.5,18.0,2.0,200.0,19.191,15.621,220.4292527525605,105.0,8.0,371.5,9.14,4.21,59.42,27.37,13.21,114.959,67.606,28.198,8.167,100.0,33.55,52.41,7.41,1.17,3.26,35.05,18.3,9.09,33.22,11.41,2.21,100.7,1146.9,10.7,18.04,56.02,74.06,38.67,52.21,False,99.19,94.98,98.08
SYN_00312,SYNTHETIC_SIMULATED,True,,,True,VERIFIED,Almond Shells,nut_shells,51.0,6.0,39.5,0.5,0.05,2.95,20.70615258357757,73.5,23.55,2.0,480.0,20.725,14.89,461.771062223817,105.0,8.0,363.95,55.41,0.87,59.86,27.31,12.83,212.985,127.263,52.148,63.775,100.0,32.88,53.55,7.11,1.08,3.18,35.29,33.18,8.84,33.25,12.41,2.21,101.5,1146.8,10.7,80.15,101.85,182.0,68.21,37.48,False,100.61,94.21,97.0
SYN_00313,SYNTHETIC_SIMULATED,True,,,True,VERIFIED,Pine Sawdust,woody_biomass,51.5,6.3,41.6,0.2,0.05,0.35,17.580633170704775,82.5,17.15,2.0,420.0,21.095,15.824,289.08257949760446,105.0,8.0,526.31,50.42,0.89,20.39,51.93,27.68,48.262,137.492,70.57,30.104,100.0,45.88,27.97,13.43,6.1,4.42,29.17,55.13,14.07,24.62,14.56,2.21,100.5,1165.8,22.2,41.26,105.54,146.8,180.43,122.91,True,80.61,80.15,81.09
SYN_00314,SYNTHETIC_SIMULATED,True,,,True,VERIFIED,Beech Wood,woody_biomass,49.5,6.1,43.8,0.2,0.02,0.38,16.55975056521902,84.0,15.62,2.0,460.0,19.93,15.115,61.51160808839752,105.0,8.0,458.3,239.91,0.1,31.11,49.72,19.17,15.576,29.203,11.036,5.723,100.0,41.2,38.7,10.88,2.96,4.02,31.99,7.73,11.97,25.1,13.6,2.2,104.2,1164.8,21.3,8.16,19.11,27.27,21.53,78.95,False,87.9,84.74,87.03
SYN_00315,SYNTHETIC_SIMULATED,True,,,True,VERIFIED,Olive Pomace,agricultural_residue,50.2,6.2,39.8,1.4,0.1,2.3,12.425876524661877,76.5,21.2,2.0,550.0,20.655,16.6,482.0703854684475,105.0,8.0,495.85,205.19,1.08,26.23,50.54,23.23,108.82,239.717,108.06,23.191,100.0,44.11,32.56,12.37,4.45,4.27,30.45,79.57,13.2,24.92,14.17,2.21,101.7,1165.2,21.6,44.29,173.17,217.45,244.27,112.33,True,81.4,81.01,82.02
SYN_00316,SYNTHETIC_SIMULATED,True,,,True,VERIFIED,Wheat Straw,agricultural_residue,46.5,5.9,41.2,0.7,0.1,5.6,19.84571145418774,75.0,19.4,2.0,220.0,18.806,13.558,148.89041102334,105.0,8.0,375.31,547.87,2.4,56.34,30.54,13.12,66.393,44.574,17.756,19.171,100.0,33.58,52.36,7.42,1.17,3.26,35.04,11.21,9.1,31.5,11.47,2.21,103.2,1150.7,12.4,24.58,34.28,58.86,23.72,40.3,False,95.51,88.58,91.85
SYN_00317,SYNTHETIC_SIMULATED,True,,,True,VERIFIED,Rice Husk,agricultural_residue,39.5,5.1,36.5,0.4,0.1,18.4,18.09214775290917,63.5,18.1,2.0,340.0,15.64,11.457,286.84595299694166,105.0,8.0,417.68,37.03,30.88,54.03,31.28,14.69,124.578,88.125,38.471,31.466,100.0,37.32,45.88,9.07,1.83,3.65,33.64,25.5,10.48,31.14,9.57,2.21,99.6,1151.5,12.8,42.39,77.54,119.93,62.17,51.84,False,82.69,75.72,79.43
SYN_00318,SYNTHETIC_SIMULATED,True,,,True,VERIFIED,Sugarcane Bagasse,agricultural_residue,48.0,5.8,43.5,0.3,0.05,2.35,27.327631368259446,81.0,16.65,2.0,180.0,19.044,12.252,127.48683849879554,105.0,8.0,636.78,357.15,6.91,14.93,33.64,51.43,13.635,37.536,48.989,26.783,100.0,47.29,17.46,15.31,13.38,4.57,25.39,43.45,15.8,30.07,11.95,2.24,87.5,1153.8,14.0,30.46,53.93,84.38,159.71,189.27,True,70.31,69.53,69.92
SYN_00319,SYNTHETIC_SIMULATED,True,,,True,VERIFIED,Miscanthus,energy_crop,48.5,5.7,42.6,0.6,0.1,2.5,26.106574446010708,79.5,18.0,2.0,200.0,19.191,12.624,343.3276866074305,105.0,8.0,402.78,40.19,7.5,48.9,36.42,14.68,122.646,110.435,41.752,67.571,100.0,35.99,48.23,8.48,1.56,3.52,34.16,27.45,9.99,28.96,12.3,2.2,104.1,1156.3,15.4,77.88,80.04,157.92,63.75,40.37,False,96.92,88.55,91.97
SYN_00320,SYNTHETIC_SIMULATED,True,,,True,VERIFIED,Almond Shells,nut_shells,51.0,6.0,39.5,0.5,0.05,2.95,11.08131390193379,73.5,23.55,2.0,480.0,20.725,16.994,129.16194725773724,105.0,8.0,736.0,9.33,17.95,16.16,6.86,76.98,18.269,17.078,89.271,4.326,100.0,46.72,14.84,15.62,16.33,4.58,24.18,82.64,16.17,61.2,6.19,2.38,45.7,1085.4,5.0,10.15,82.41,92.57,310.81,335.77,True,60.35,59.78,58.91
SYN_00321,SYNTHETIC_SIMULATED,True,,,True,VERIFIED,Pine Sawdust,woody_biomass,51.5,6.3,41.6,0.2,0.05,0.35,15.051884491383504,82.5,17.15,2.0,420.0,21.095,16.384,163.48277050361105,105.0,8.0,443.07,614.13,8.27,34.89,47.31,17.8,47.82,73.743,27.601,12.531,100.0,39.87,41.25,10.24,2.5,3.9,32.59,19.14,11.45,25.66,14.33,2.2,104.8,1163.5,20.3,19.25,49.64,68.89,50.96,73.97,False,89.81,86.87,88.9
SYN_00322,SYNTHETIC_SIMULATED,True,,,True,VERIFIED,Beech Wood,woody_biomass,49.5,6.1,43.8,0.2,0.02,0.38,15.076555899244223,84.0,15.62,2.0,460.0,19.93,15.427,88.50333103420382,105.0,8.0,508.97,296.07,4.42,21.22,52.67,26.11,15.688,44.851,21.446,6.808,100.0,45.27,29.71,13.04,5.4,4.37,29.67,16.22,13.75,24.47,13.73,2.21,101.3,1166.2,22.5,10.45,32.3,42.75,51.85,121.3,True,81.06,80.31,81.69
SYN_00323,SYNTHETIC_SIMULATED,True,,,True,VERIFIED,Olive Pomace,agricultural_residue,50.2,6.2,39.8,1.4,0.1,2.3,10.763832621045644,76.5,21.2,2.0,550.0,20.655,16.962,194.1150324847861,105.0,8.0,698.65,91.7,7.06,14.53,23.16,62.31,25.251,53.148,109.47,5.832,100.0,46.88,15.46,15.54,15.62,4.58,24.46,100.91,16.08,36.02,11.72,2.27,77.2,1140.8,8.4,14.65,115.17,129.82,377.43,290.73,True,64.59,64.1,63.58
SYN_00324,SYNTHETIC_SIMULATED,True,,,True,VERIFIED,Wheat Straw,agricultural_residue,46.5,5.9,41.2,0.7,0.1,5.6,6.909194829229574,75.0,19.4,2.0,220.0,18.806,16.14,77.79501571434453,105.0,6.909194829229574,547.28,34.22,31.49,22.57,43.44,33.99,16.099,35.18,25.976,0.0,100.0,46.83,24.67,14.12,7.72,4.5,28.14,20.79,14.67,24.84,12.82,2.22,98.8,1165.3,21.8,0.0,33.92,33.92,70.91,209.08,True,71.88,71.45,72.24
SYN_00325,SYNTHETIC_SIMULATED,True,,,True,VERIFIED,Rice Husk,agricultural_residue,39.5,5.1,36.5,0.4,0.1,18.4,21.813188699380156,63.5,18.1,2.0,340.0,15.64,10.826,292.83512170367385,105.0,8.0,414.97,420.72,0.24,53.71,31.88,14.4,122.127,88.018,36.457,43.967,100.0,36.9,46.63,8.88,1.74,3.61,33.81,24.33,10.32,30.86,9.62,2.21,100.4,1152.1,13.1,54.02,74.51,128.54,58.42,45.45,False,83.58,74.95,79.07
SYN_00326,SYNTHETIC_SIMULATED,True,,,True,VERIFIED,Sugarcane Bagasse,agricultural_residue,48.0,5.8,43.5,0.3,0.05,2.35,18.035743136758153,81.0,16.65,2.0,180.0,19.044,14.131,327.89711325959854,105.0,8.0,430.56,265.44,9.35,39.61,43.82,16.57,105.364,136.736,51.258,35.768,100.0,38.55,43.67,9.63,2.12,3.77,33.15,33.93,10.95,26.57,12.67,2.2,104.9,1161.5,18.8,48.27,92.24,140.52,86.37,61.46,False,90.42,85.72,88.59
SYN_00327,SYNTHETIC_SIMULATED,True,,,True,VERIFIED,Miscanthus,energy_crop,48.5,5.7,42.6,0.6,0.1,2.5,18.703432673871625,79.5,18.0,2.0,200.0,19.191,14.134,147.1438588141454,105.0,8.0,642.66,51.56,3.38,15.36,34.22,50.42,18.042,49.511,62.028,17.119,100.0,47.24,17.15,15.34,13.71,4.57,25.25,55.36,15.85,29.83,12.12,2.24,87.4,1154.4,14.3,22.63,70.69,93.32,204.03,218.64,True,69.15,68.51,68.83
SYN_00328,SYNTHETIC_SIMULATED,True,,,True,VERIFIED,Almond Shells,nut_shells,51.0,6.0,39.5,0.5,0.05,2.95,19.144488153618333,73.5,23.55,2.0,480.0,20.725,15.231,279.1612036797661,105.0,8.0,742.89,22.63,1.86,15.71,22.89,61.4,34.815,66.998,141.588,33.816,100.0,46.69,14.74,15.64,16.45,4.59,24.13,131.4,16.19,36.23,11.74,2.28,74.8,1140.3,8.3,44.15,164.78,208.93,494.71,236.78,True,65.55,65.07,64.63
SYN_00329,SYNTHETIC_SIMULATED,True,,,True,VERIFIED,Pine Sawdust,woody_biomass,51.5,6.3,41.6,0.2,0.05,0.35,7.640636165749492,82.5,17.15,2.0,420.0,21.095,18.027,391.3356322262951,105.0,7.640636165749492,671.16,469.76,0.71,12.71,34.28,53.01,45.692,147.659,195.777,0.0,100.0,47.04,16.12,15.46,14.85,4.57,24.78,178.89,15.99,29.11,13.55,2.24,86.9,1156.0,15.2,0.0,226.69,226.69,665.19,293.44,True,68.58,68.5,68.28
SYN_00330,SYNTHETIC_SIMULATED,True,,,True,VERIFIED,Beech Wood,woody_biomass,49.5,6.1,43.8,0.2,0.02,0.38,20.488961481377,84.0,15.62,2.0,460.0,19.93,14.288,472.05857536094493,105.0,8.0,635.53,89.45,0.25,13.2,39.38,47.42,47.992,171.547,186.141,64.082,100.0,47.29,17.49,15.3,13.35,4.57,25.4,163.4,15.8,27.92,12.99,2.24,90.2,1158.6,16.8,80.92,218.12,299.04,600.44,200.79,True,71.96,71.5,71.86
SYN_00331,SYNTHETIC_SIMULATED,True,,,True,VERIFIED,Olive Pomace,agricultural_residue,50.2,6.2,39.8,1.4,0.1,2.3,15.273997402100761,76.5,21.2,2.0,550.0,20.655,15.981,407.20340189816955,105.0,8.0,680.52,29.04,0.11,15.21,31.32,53.47,52.082,130.45,189.616,32.196,100.0,46.98,15.86,15.5,15.16,4.57,24.65,172.73,16.03,31.12,12.8,2.25,83.9,1151.5,12.8,48.85,221.35,270.2,643.79,238.26,True,67.96,67.54,67.28
SYN_00332,SYNTHETIC_SIMULATED,True,,,True,VERIFIED,Wheat Straw,agricultural_residue,46.5,5.9,41.2,0.7,0.1,5.6,16.15931564610441,75.0,19.4,2.0,220.0,18.806,14.293,333.0568355471069,105.0,8.0,569.06,114.06,0.43,20.36,44.38,35.25,56.442,143.052,104.902,29.538,100.0,47.27,22.27,14.58,9.22,4.54,27.31,85.64,15.08,26.42,12.5,2.22,95.6,1161.9,19.1,42.87,138.94,181.81,300.26,165.16,True,71.58,71.09,71.79
SYN_00333,SYNTHETIC_SIMULATED,True,,,True,VERIFIED,Rice Husk,agricultural_residue,39.5,5.1,36.5,0.4,0.1,18.4,9.471785887052842,63.5,18.1,2.0,340.0,15.64,12.92,423.6172561923915,105.0,8.0,352.89,17.98,16.79,68.98,19.35,11.67,259.815,104.34,48.643,6.777,100.0,32.02,55.0,6.74,0.97,3.08,35.6,30.89,8.52,39.29,8.15,2.23,93.4,1133.6,6.4,26.57,102.08,128.66,61.21,47.58,False,83.94,78.99,82.49
SYN_00334,SYNTHETIC_SIMULATED,True,,,True,VERIFIED,Sugarcane Bagasse,agricultural_residue,48.0,5.8,43.5,0.3,0.05,2.35,12.09952335664345,81.0,16.65,2.0,180.0,19.044,15.331,259.89324052235975,105.0,8.0,477.31,29.91,5.32,29.71,49.05,21.23,67.261,125.123,54.034,11.581,100.0,42.91,35.23,11.73,3.72,4.17,31.14,38.72,12.67,25.25,12.94,2.21,102.1,1164.4,21.0,23.04,89.82,112.86,114.11,101.1,True,83.46,82.97,84.77
SYN_00335,SYNTHETIC_SIMULATED,True,,,True,VERIFIED,Miscanthus,energy_crop,48.5,5.7,42.6,0.6,0.1,2.5,26.48193223058861,79.5,18.0,2.0,200.0,19.191,12.548,54.780608816466206,105.0,8.0,478.52,10.32,42.51,31.26,47.58,21.16,12.508,21.746,9.433,11.005,100.0,42.86,35.33,11.71,3.7,4.16,31.16,6.78,12.65,25.6,12.99,2.21,101.7,1163.7,20.4,12.63,15.81,28.44,19.96,70.16,False,86.68,81.02,83.76
SYN_00336,SYNTHETIC_SIMULATED,True,,,True,VERIFIED,Almond Shells,nut_shells,51.0,6.0,39.5,0.5,0.05,2.95,8.772573153952305,73.5,23.55,2.0,480.0,20.725,17.498,488.9551931822723,105.0,8.0,434.01,38.13,19.04,42.45,40.85,16.7,185.523,210.968,83.647,4.106,100.0,38.74,43.33,9.72,2.17,3.79,33.07,56.48,11.02,27.44,13.7,2.21,103.4,1159.6,17.5,27.3,154.0,181.3,144.72,79.82,False,89.42,87.51,89.45
SYN_00337,SYNTHETIC_SIMULATED,True,,,True,VERIFIED,Pine Sawdust,woody_biomass,51.5,6.3,41.6,0.2,0.05,0.35,21.664845172586915,82.5,17.15,2.0,420.0,21.095,14.919,305.4265537735829,105.0,8.0,405.59,5.58,2.06,50.37,34.74,14.89,118.327,99.694,40.287,45.365,100.0,36.19,47.87,8.57,1.6,3.54,34.08,26.16,10.06,29.62,13.43,2.21,102.9,1154.8,14.5,55.9,76.02,131.92,61.22,46.41,False,99.06,92.99,95.67
SYN_00338,SYNTHETIC_SIMULATED,True,,,True,VERIFIED,Beech Wood,woody_biomass,49.5,6.1,43.8,0.2,0.02,0.38,21.121870556362083,84.0,15.62,2.0,460.0,19.93,14.155,137.51568710722302,105.0,8.0,674.99,142.01,2.22,12.57,32.56,54.86,13.382,42.378,61.279,19.614,100.0,47.02,16.0,15.48,14.99,4.57,24.72,55.58,16.01,30.55,12.43,2.25,84.9,1152.8,13.4,24.43,68.81,93.24,206.89,221.89,True,69.59,68.93,69.08
SYN_00339,SYNTHETIC_SIMULATED,True,,,True,VERIFIED,Olive Pomace,agricultural_residue,50.2,6.2,39.8,1.4,0.1,2.3,26.997403348840006,76.5,21.2,2.0,550.0,20.655,13.432,86.46794852122092,105.0,8.0,569.54,203.01,29.81,17.82,43.05,39.13,11.156,31.384,26.204,17.855,100.0,47.26,22.39,14.56,9.14,4.54,27.36,21.31,15.05,26.79,13.76,2.22,95.2,1161.1,18.5,20.37,31.32,51.69,74.6,144.32,True,75.16,74.29,74.68
SYN_00340,SYNTHETIC_SIMULATED,True,,,True,VERIFIED,Wheat Straw,agricultural_residue,46.5,5.9,41.2,0.7,0.1,5.6,14.396642917676711,75.0,19.4,2.0,220.0,18.806,14.645,466.0253909282871,105.0,8.0,386.36,429.17,27.59,53.73,32.64,13.63,213.016,159.565,61.72,32.402,100.0,34.47,50.84,7.81,1.3,3.36,34.72,39.35,9.43,30.51,11.67,2.21,103.6,1152.9,13.5,51.88,118.94,170.82,86.27,50.5,False,93.07,88.16,91.14
SYN_00341,SYNTHETIC_SIMULATED,True,,,True,VERIFIED,Rice Husk,agricultural_residue,39.5,5.1,36.5,0.4,0.1,18.4,26.95615600951291,63.5,18.1,2.0,340.0,15.64,9.953,60.87850796469226,105.0,8.0,628.78,179.56,19.39,29.14,19.57,51.29,12.628,12.133,23.454,12.544,100.0,47.34,17.84,15.26,12.99,4.57,25.56,20.44,15.75,39.07,8.19,2.27,76.5,1134.1,6.5,14.32,25.44,39.76,74.89,188.35,True,70.63,69.2,69.98
SYN_00342,SYNTHETIC_SIMULATED,True,,,True,VERIFIED,Sugarcane Bagasse,agricultural_residue,48.0,5.8,43.5,0.3,0.05,2.35,16.700020677450347,81.0,16.65,2.0,180.0,19.044,14.401,217.81752719813744,105.0,8.0,474.3,486.08,0.92,29.91,49.67,20.42,54.0,103.244,41.496,20.598,100.0,42.32,36.46,11.43,3.43,4.12,31.45,29.43,12.42,25.11,12.97,2.21,103.0,1164.8,21.3,29.2,69.98,99.17,85.05,85.76,False,84.53,82.36,84.5
SYN_00343,SYNTHETIC_SIMULATED,True,,,True,VERIFIED,Miscanthus,energy_crop,48.5,5.7,42.6,0.6,0.1,2.5,11.49432509457306,79.5,18.0,2.0,200.0,19.191,15.603,83.43484110335842,105.0,8.0,595.94,27.54,0.1,17.04,42.8,40.17,12.255,36.593,31.044,3.169,100.0,47.45,19.98,14.96,10.99,4.57,26.45,26.42,15.44,26.86,12.73,2.23,93.7,1160.9,18.4,6.9,39.1,45.99,94.87,206.26,True,71.91,71.14,71.89
SYN_00344,SYNTHETIC_SIMULATED,True,,,True,VERIFIED,Almond Shells,nut_shells,51.0,6.0,39.5,0.5,0.05,2.95,11.80179929200297,73.5,23.55,2.0,480.0,20.725,16.836,395.2282944015813,105.0,8.0,468.68,24.98,1.96,33.88,46.13,20.0,116.375,184.149,77.284,16.332,100.0,42.0,37.1,11.27,3.29,4.09,31.6,54.86,12.3,25.96,14.03,2.21,102.1,1162.9,19.8,33.88,133.1,166.98,156.87,93.95,False,84.95,84.01,85.49
SYN_00345,SYNTHETIC_SIMULATED,True,,,True,VERIFIED,Pine Sawdust,woody_biomass,51.5,6.3,41.6,0.2,0.05,0.35,25.016871309047584,82.5,17.15,2.0,420.0,21.095,14.176,140.27093952170077,105.0,8.0,486.49,5.35,15.69,28.8,48.97,22.23,29.19,58.315,26.052,25.945,100.0,43.4,34.15,11.99,4.0,4.21,30.86,18.74,12.89,25.27,14.41,2.21,101.7,1164.4,21.0,30.31,42.06,72.37,56.16,77.6,False,87.44,83.85,85.76
SYN_00346,SYNTHETIC_SIMULATED,True,,,True,VERIFIED,Beech Wood,woody_biomass,49.5,6.1,43.8,0.2,0.02,0.38,18.19968907262187,84.0,15.62,2.0,460.0,19.93,14.77,131.49846010503313,105.0,8.0,750.09,290.98,14.78,12.17,8.59,79.24,12.971,18.093,86.091,14.579,100.0,46.68,14.7,15.65,16.5,4.59,24.11,79.94,16.2,56.26,6.92,2.36,51.2,1096.2,5.0,19.57,79.19,98.76,301.09,304.87,True,61.9,61.25,60.59
SYN_00347,SYNTHETIC_SIMULATED,True,,,True,VERIFIED,Olive Pomace,agricultural_residue,50.2,6.2,39.8,1.4,0.1,2.3,20.410300930174024,76.5,21.2,2.0,550.0,20.655,14.864,87.72924707492425,105.0,8.0,627.33,10.73,7.53,16.59,33.52,49.89,11.455,28.298,35.791,11.834,100.0,47.35,17.93,15.25,12.9,4.57,25.6,31.54,15.74,30.13,13.02,2.24,87.9,1153.7,13.9,14.97,39.79,54.76,115.45,210.81,True,70.32,69.55,69.55
SYN_00348,SYNTHETIC_SIMULATED,True,,,True,VERIFIED,Wheat Straw,agricultural_residue,46.5,5.9,41.2,0.7,0.1,5.6,8.230160590242676,75.0,19.4,2.0,220.0,18.806,15.876,238.6077311409697,105.0,8.0,506.7,6.38,0.62,28.69,46.47,24.84,61.319,116.461,59.234,0.597,100.0,44.99,30.42,12.87,5.15,4.35,29.87,44.45,13.61,25.87,12.61,2.21,99.7,1163.1,20.0,12.04,93.0,105.04,140.71,133.96,True,77.33,76.85,78.14
SYN_00349,SYNTHETIC_SIMULATED,True,,,True,VERIFIED,Rice Husk,agricultural_residue,39.5,5.1,36.5,0.4,0.1,18.4,25.20903735803694,63.5,18.1,2.0,340.0,15.64,10.249,386.8289423969986,105.0,8.0,410.32,257.43,0.22,54.29,31.46,14.25,154.006,111.992,46.153,72.358,100.0,36.66,47.06,8.77,1.69,3.59,33.9,30.33,10.24,31.05,9.58,2.21,100.4,1151.7,12.9,84.32,93.41,177.73,72.19,40.62,False,84.57,74.32,78.87
SYN_00350,SYNTHETIC_SIMULATED,True,,,True,VERIFIED,Sugarcane Bagasse,agricultural_residue,48.0,5.8,43.5,0.3,0.05,2.35,7.434229722950783,81.0,16.65,2.0,180.0,19.044,16.275,359.553624256325,105.0,7.434229722950783,378.42,552.16,4.11,52.51,33.98,13.51,170.385,135.246,49.996,0.0,100.0,34.07,51.53,7.63,1.24,3.31,34.87,32.5,9.28,28.82,12.2,2.2,106.6,1156.6,15.5,0.0,97.25,97.25,70.12,72.1,False,95.52,93.76,96.63
SYN_00351,SYNTHETIC_SIMULATED,True,,,True,VERIFIED,Miscanthus,energy_crop,48.5,5.7,42.6,0.6,0.1,2.5,6.384468261305688,79.5,18.0,2.0,200.0,19.191,16.645,377.5397264218327,105.0,6.384468261305688,390.07,13.68,42.84,54.59,31.48,13.93,192.512,131.624,54.974,0.0,100.0,34.79,50.29,7.95,1.35,3.39,34.6,35.4,9.55,27.67,12.56,2.2,107.4,1159.1,17.1,0.0,105.58,105.58,78.59,74.44,False,96.13,94.5,97.3
SYN_00352,SYNTHETIC_SIMULATED,True,,,True,VERIFIED,Almond Shells,nut_shells,51.0,6.0,39.5,0.5,0.05,2.95,19.75320965083514,73.5,23.55,2.0,480.0,20.725,15.098,433.2305879394667,105.0,8.0,664.04,126.51,1.05,15.55,32.64,51.81,54.218,135.374,185.174,55.346,100.0,47.1,16.4,15.43,14.54,4.57,24.91,167.27,15.95,30.51,13.02,2.25,85.6,1152.9,13.5,71.12,214.56,285.68,620.56,217.22,True,68.36,67.92,67.75
SYN_00353,SYNTHETIC_SIMULATED,True,,,True,VERIFIED,Pine Sawdust,woody_biomass,51.5,6.3,41.6,0.2,0.05,0.35,11.205150413869001,82.5,17.15,2.0,420.0,21.095,17.237,130.8321149070671,105.0,8.0,591.98,91.32,3.32,14.68,44.68,40.64,16.751,60.119,49.677,4.558,100.0,47.44,20.37,14.9,10.66,4.56,26.6,41.87,15.38,26.34,14.17,2.23,94.6,1162.1,19.2,10.44,60.8,71.24,149.74,210.2,True,73.38,72.83,73.2
SYN_00354,SYNTHETIC_SIMULATED,True,,,True,VERIFIED,Beech Wood,woody_biomass,49.5,6.1,43.8,0.2,0.02,0.38,10.371736823828769,84.0,15.62,2.0,460.0,19.93,16.417,229.78867979273835,105.0,8.0,354.35,8.66,0.35,62.11,25.32,12.57,125.722,66.973,28.567,5.924,100.0,32.25,54.62,6.84,1.0,3.11,35.52,18.11,8.6,34.5,11.58,2.21,100.5,1144.1,9.6,16.45,55.48,71.94,36.23,50.36,False,103.08,99.2,102.3
SYN_00355,SYNTHETIC_SIMULATED,True,,,True,VERIFIED,Olive Pomace,agricultural_residue,50.2,6.2,39.8,1.4,0.1,2.3,16.079820321016417,76.5,21.2,2.0,550.0,20.655,15.806,168.49766458221563,105.0,8.0,581.44,21.19,6.17,18.01,42.55,39.45,24.923,70.089,58.988,14.798,100.0,47.39,21.2,14.76,10.0,4.56,26.92,48.86,15.25,26.93,13.73,2.23,94.3,1160.7,18.2,21.55,72.31,93.86,173.27,184.6,True,73.41,72.87,73.17
SYN_00356,SYNTHETIC_SIMULATED,True,,,True,VERIFIED,Wheat Straw,agricultural_residue,46.5,5.9,41.2,0.7,0.1,5.6,11.709622434771296,75.0,19.4,2.0,220.0,18.806,15.182,70.71026011140873,105.0,8.0,517.75,73.98,1.29,25.49,48.32,26.18,15.536,33.708,17.77,2.851,100.0,45.5,29.08,13.18,5.64,4.39,29.49,13.51,13.87,25.42,12.71,2.21,99.8,1164.1,20.7,6.0,27.12,33.12,43.56,131.53,True,75.94,75.08,76.33
SYN_00357,SYNTHETIC_SIMULATED,True,,,True,VERIFIED,Rice Husk,agricultural_residue,39.5,5.1,36.5,0.4,0.1,18.4,25.818035214904516,63.5,18.1,2.0,340.0,15.64,10.146,484.75981672293966,105.0,8.0,469.3,534.81,31.64,42.91,38.6,18.5,153.524,162.539,73.561,93.886,100.0,41.7,37.71,11.12,3.16,4.06,31.75,51.75,12.17,28.18,10.08,2.21,99.4,1158.0,16.4,108.58,136.0,244.59,146.52,59.9,False,82.05,74.23,77.9
SYN_00358,SYNTHETIC_SIMULATED,True,,,True,VERIFIED,Sugarcane Bagasse,agricultural_residue,48.0,5.8,43.5,0.3,0.05,2.35,10.566100823959644,81.0,16.65,2.0,180.0,19.044,15.642,412.07073726611253,105.0,8.0,647.09,28.28,27.0,15.37,25.91,58.71,55.192,123.786,221.183,11.494,100.0,47.22,17.04,15.36,13.83,4.57,25.2,196.99,15.86,34.11,11.12,2.26,82.0,1145.0,9.9,30.3,219.06,249.36,726.76,291.45,True,65.9,65.47,65.52
SYN_00359,SYNTHETIC_SIMULATED,True,,,True,VERIFIED,Miscanthus,energy_crop,48.5,5.7,42.6,0.6,0.1,2.5,13.941074236320912,79.5,18.0,2.0,200.0,19.191,15.105,126.56193565330958,105.0,8.0,508.78,11.58,0.51,25.42,49.33,25.26,27.272,61.227,29.854,8.173,100.0,45.08,30.19,12.93,5.23,4.36,29.8,22.59,13.66,25.19,13.08,2.21,100.5,1164.6,21.2,13.52,46.44,59.95,71.74,119.66,True,80.4,79.76,81.23
SYN_00360,SYNTHETIC_SIMULATED,True,,,True,VERIFIED,Almond Shells,nut_shells,51.0,6.0,39.5,0.5,0.05,2.95,16.40898377885005,73.5,23.55,2.0,480.0,20.725,15.829,290.1261712175267,105.0,8.0,637.94,7.34,0.12,17.23,34.99,47.78,41.258,100.044,119.833,26.518,100.0,47.26,17.28,15.33,13.57,4.57,25.31,106.38,15.83,29.52,13.24,2.24,87.9,1155.1,14.6,38.06,142.39,180.45,391.65,217.04,True,69.86,69.4,69.43
SYN_00361,SYNTHETIC_SIMULATED,True,,,True,VERIFIED,Pine Sawdust,woody_biomass,51.5,6.3,41.6,0.2,0.05,0.35,7.348287434496433,82.5,17.15,2.0,420.0,21.095,18.091,315.76118307628116,105.0,7.348287434496433,539.94,496.79,2.94,18.24,51.33,30.43,52.816,167.818,96.434,0.0,100.0,46.51,25.94,13.86,7.04,4.48,28.55,75.34,14.44,23.78,14.75,2.21,100.8,1167.7,23.9,0.0,133.96,133.96,253.09,188.93,True,77.56,77.47,78.16
SYN_00362,SYNTHETIC_SIMULATED,True,,,True,VERIFIED,Beech Wood,woody_biomass,49.5,6.1,43.8,0.2,0.02,0.38,16.56666591861358,84.0,15.62,2.0,460.0,19.93,15.113,90.90315658308916,105.0,8.0,520.73,247.7,0.45,20.52,52.86,26.62,15.259,44.961,21.978,8.465,100.0,45.55,28.92,13.21,5.7,4.4,29.44,16.79,13.9,24.43,13.74,2.21,101.1,1166.3,22.6,12.06,33.04,45.1,54.26,120.3,True,80.82,80.07,81.41
SYN_00363,SYNTHETIC_SIMULATED,True,,,True,VERIFIED,Olive Pomace,agricultural_residue,50.2,6.2,39.8,1.4,0.1,2.3,14.70592739062486,76.5,21.2,2.0,550.0,20.655,16.104,311.11815760752205,105.0,8.0,561.08,103.93,0.2,18.43,47.91,33.67,48.145,146.175,94.941,22.678,100.0,47.1,23.34,14.38,8.51,4.53,27.69,77.18,14.9,25.52,14.04,2.22,97.3,1163.9,20.6,35.58,128.8,164.38,267.39,162.67,True,75.1,74.66,75.12
SYN_00364,SYNTHETIC_SIMULATED,True,,,True,VERIFIED,Wheat Straw,agricultural_residue,46.5,5.9,41.2,0.7,0.1,5.6,27.344314647813178,75.0,19.4,2.0,220.0,18.806,12.061,368.0350906838907,105.0,8.0,746.65,7.05,2.66,18.23,19.67,62.1,48.236,72.796,169.83,77.385,100.0,46.69,14.73,15.64,16.46,4.59,24.12,157.14,16.19,38.98,9.95,2.29,71.5,1134.3,6.6,87.98,195.77,283.75,591.68,208.52,True,64.52,63.95,63.72
SYN_00365,SYNTHETIC_SIMULATED,True,,,True,VERIFIED,Rice Husk,agricultural_residue,39.5,5.1,36.5,0.4,0.1,18.4,13.582875311564663,63.5,18.1,2.0,340.0,15.64,12.222,314.31900183910585,105.0,8.0,394.35,440.18,4.65,57.91,28.76,13.34,155.368,97.5,40.072,19.074,100.0,35.18,49.62,8.12,1.42,3.43,34.46,26.21,9.69,32.43,9.34,2.21,99.9,1148.7,11.4,32.46,83.24,115.7,59.07,51.05,False,82.63,76.74,80.27
SYN_00366,SYNTHETIC_SIMULATED,True,,,True,VERIFIED,Sugarcane Bagasse,agricultural_residue,48.0,5.8,43.5,0.3,0.05,2.35,27.173371826168623,81.0,16.65,2.0,180.0,19.044,12.284,352.9844255862385,105.0,8.0,533.96,41.79,0.11,20.81,49.93,29.26,51.987,145.646,80.447,73.564,100.0,46.37,26.44,13.76,6.8,4.46,28.7,63.45,14.35,25.05,12.98,2.21,99.3,1164.9,21.4,83.79,117.11,200.9,211.83,105.44,True,79.66,79.1,80.38
SYN_00367,SYNTHETIC_SIMULATED,True,,,True,VERIFIED,Miscanthus,energy_crop,48.5,5.7,42.6,0.6,0.1,2.5,14.060419631959148,79.5,18.0,2.0,200.0,19.191,15.08,156.9506749145866,105.0,8.0,412.74,211.57,1.69,44.78,39.95,15.28,59.801,63.408,22.899,10.339,100.0,36.86,46.7,8.86,1.73,3.61,33.82,15.39,10.31,27.73,12.55,2.2,105.0,1159.0,17.0,16.95,43.84,60.79,36.91,60.71,False,92.28,88.06,90.88
SYN_00368,SYNTHETIC_SIMULATED,True,,,True,VERIFIED,Almond Shells,nut_shells,51.0,6.0,39.5,0.5,0.05,2.95,26.304577671297263,73.5,23.55,2.0,480.0,20.725,13.666,118.43283260352206,105.0,8.0,549.21,5.02,0.63,22.01,46.13,31.86,18.991,45.956,30.042,23.564,100.0,46.86,24.53,14.15,7.8,4.51,28.09,23.71,14.69,25.96,14.03,2.22,97.3,1162.9,19.8,27.1,41.29,68.39,81.04,118.5,True,78.31,77.59,78.33
SYN_00369,SYNTHETIC_SIMULATED,True,,,True,VERIFIED,Pine Sawdust,woody_biomass,51.5,6.3,41.6,0.2,0.05,0.35,11.259270808321087,82.5,17.15,2.0,420.0,21.095,17.225,177.47470864055364,105.0,8.0,555.86,13.65,32.08,17.86,45.62,36.52,27.246,82.66,60.676,6.287,100.0,47.05,23.62,14.33,8.34,4.52,27.79,49.15,14.85,26.09,14.23,2.22,96.7,1162.6,19.6,14.26,75.96,90.22,169.74,188.14,True,76.03,75.54,76.13
SYN_00370,SYNTHETIC_SIMULATED,True,,,True,VERIFIED,Beech Wood,woody_biomass,49.5,6.1,43.8,0.2,0.02,0.38,20.854107969844428,84.0,15.62,2.0,460.0,19.93,14.211,399.94401392897134,105.0,8.0,452.29,326.67,25.15,32.18,49.1,18.72,100.207,177.369,65.889,55.88,100.0,40.78,39.51,10.68,2.8,3.98,32.18,46.36,11.81,25.24,13.57,2.2,104.4,1164.5,21.1,70.0,116.37,186.37,127.3,68.31,False,89.31,85.09,87.58
SYN_00371,SYNTHETIC_SIMULATED,True,,,True,VERIFIED,Olive Pomace,agricultural_residue,50.2,6.2,39.8,1.4,0.1,2.3,6.527496462250144,76.5,21.2,2.0,550.0,20.655,17.883,227.30263251020313,105.0,6.527496462250144,648.86,628.86,1.9,15.07,35.13,49.8,31.334,85.947,108.322,0.0,100.0,47.23,17.07,15.35,13.8,4.57,25.21,97.25,15.86,26.59,13.8,2.23,91.3,1161.5,18.8,0.0,124.93,124.93,358.69,287.12,True,68.14,68.0,67.77
SYN_00372,SYNTHETIC_SIMULATED,True,,,True,VERIFIED,Wheat Straw,agricultural_residue,46.5,5.9,41.2,0.7,0.1,5.6,10.869954538456538,75.0,19.4,2.0,220.0,18.806,15.349,448.7664778531435,105.0,8.0,622.09,314.61,4.69,18.28,34.86,46.86,71.963,165.241,198.791,13.999,100.0,47.38,18.22,15.21,12.61,4.57,25.72,169.4,15.7,29.57,11.86,2.24,88.8,1154.9,14.6,34.34,225.21,259.55,618.43,238.27,True,66.58,66.15,66.39
SYN_00373,SYNTHETIC_SIMULATED,True,,,True,VERIFIED,Rice Husk,agricultural_residue,39.5,5.1,36.5,0.4,0.1,18.4,13.86650017028851,63.5,18.1,2.0,340.0,15.64,12.174,299.1690696336055,105.0,8.0,596.2,294.43,1.22,29.95,31.6,38.45,75.706,100.463,104.736,19.077,100.0,47.45,19.88,14.97,11.07,4.57,26.41,87.62,15.45,30.99,9.59,2.24,88.3,1151.8,12.9,31.74,136.86,168.6,314.9,186.78,True,71.98,71.39,72.35
SYN_00374,SYNTHETIC_SIMULATED,True,,,True,VERIFIED,Sugarcane Bagasse,agricultural_residue,48.0,5.8,43.5,0.3,0.05,2.35,25.86689338364254,81.0,16.65,2.0,180.0,19.044,12.548,406.0487630431527,105.0,8.0,557.76,163.51,44.72,18.29,45.59,36.11,53.719,157.145,113.514,78.857,100.0,47.03,23.74,14.3,8.26,4.52,27.83,92.83,14.83,26.1,12.76,2.22,96.8,1162.6,19.6,91.15,144.81,235.96,320.14,135.68,True,76.16,75.62,76.58
SYN_00375,SYNTHETIC_SIMULATED,True,,,True,VERIFIED,Miscanthus,energy_crop,48.5,5.7,42.6,0.6,0.1,2.5,16.661328675697295,79.5,18.0,2.0,200.0,19.191,14.55,297.5259002161748,105.0,8.0,423.71,17.31,2.12,45.07,39.03,15.9,108.639,112.867,44.162,28.011,100.0,37.72,45.18,9.25,1.92,3.69,33.49,29.56,10.63,28.03,12.49,2.21,103.6,1158.3,16.6,39.77,82.88,122.65,73.08,59.59,False,92.7,88.09,90.95
SYN_00376,SYNTHETIC_SIMULATED,True,,,True,VERIFIED,Almond Shells,nut_shells,51.0,6.0,39.5,0.5,0.05,2.95,25.313841707831205,73.5,23.55,2.0,480.0,20.725,13.883,418.7650059080683,105.0,8.0,409.68,212.38,3.04,47.54,37.45,15.0,146.152,140.25,53.007,78.809,100.0,36.49,47.35,8.7,1.66,3.57,33.96,34.78,10.17,28.58,13.45,2.2,104.1,1157.1,15.9,91.72,100.41,192.13,82.29,42.83,False,95.17,87.89,90.71
SYN_00377,SYNTHETIC_SIMULATED,True,,,True,VERIFIED,Pine Sawdust,woody_biomass,51.5,6.3,41.6,0.2,0.05,0.35,24.69119997378831,82.5,17.15,2.0,420.0,21.095,14.248,314.0527782110925,105.0,8.0,422.52,743.49,2.23,41.07,43.01,15.92,94.74,118.985,42.275,56.977,100.0,37.64,45.32,9.22,1.9,3.68,33.51,28.46,10.6,26.8,14.07,2.2,105.5,1161.0,18.4,66.86,78.87,145.72,70.16,48.15,False,95.02,88.44,91.12
SYN_00378,SYNTHETIC_SIMULATED,True,,,True,VERIFIED,Beech Wood,woody_biomass,49.5,6.1,43.8,0.2,0.02,0.38,17.35904833711202,84.0,15.62,2.0,460.0,19.93,14.946,366.0078585653785,105.0,8.0,698.97,122.63,37.48,12.4,17.29,70.31,37.543,75.776,217.582,37.234,100.0,46.89,15.48,15.54,15.59,4.57,24.48,197.61,16.08,41.44,10.1,2.29,70.7,1128.8,5.3,51.44,200.55,251.99,738.9,293.22,True,64.49,64.03,63.6
SYN_00379,SYNTHETIC_SIMULATED,True,,,True,VERIFIED,Olive Pomace,agricultural_residue,50.2,6.2,39.8,1.4,0.1,2.3,24.542066219780196,76.5,21.2,2.0,550.0,20.655,13.966,153.8532328609797,105.0,8.0,498.49,367.17,4.18,24.78,50.62,24.59,28.294,66.695,31.539,27.664,100.0,44.71,31.12,12.71,4.9,4.32,30.06,23.34,13.48,24.9,14.18,2.21,101.2,1165.2,21.7,32.53,48.74,81.26,73.17,90.04,False,82.28,80.29,81.56
SYN_00380,SYNTHETIC_SIMULATED,True,,,True,VERIFIED,Wheat Straw,agricultural_residue,46.5,5.9,41.2,0.7,0.1,5.6,17.111074917948677,75.0,19.4,2.0,220.0,18.806,14.103,185.63750123493313,105.0,8.0,522.25,36.64,6.5,25.01,47.02,27.97,37.82,80.628,46.622,18.384,100.0,45.91,27.89,13.44,6.13,4.43,29.14,35.74,14.09,25.74,12.64,2.22,99.0,1163.4,20.2,25.64,68.25,93.89,117.11,124.73,True,76.0,75.41,76.53
SYN_00381,SYNTHETIC_SIMULATED,True,,,True,VERIFIED,Rice Husk,agricultural_residue,39.5,5.1,36.5,0.4,0.1,18.4,22.239536036749907,63.5,18.1,2.0,340.0,15.64,10.753,371.6605927967971,105.0,8.0,350.96,376.75,2.44,65.31,22.92,11.77,187.607,88.551,37.515,57.525,100.0,32.22,54.66,6.83,0.99,3.1,35.53,23.76,8.6,36.2,8.69,2.22,97.9,1140.4,8.3,70.13,77.76,147.89,47.49,32.11,False,85.88,76.2,80.75
SYN_00382,SYNTHETIC_SIMULATED,True,,,True,VERIFIED,Sugarcane Bagasse,agricultural_residue,48.0,5.8,43.5,0.3,0.05,2.35,6.606054678913488,81.0,16.65,2.0,180.0,19.044,16.442,99.66486746970926,105.0,6.606054678913488,451.76,395.14,25.97,34.66,47.08,18.26,31.723,48.486,18.835,0.0,100.0,40.42,40.21,10.5,2.67,3.95,32.35,13.17,11.66,23.49,13.3,2.2,107.3,1168.3,24.4,0.0,33.52,33.52,35.73,106.59,True,85.96,85.63,87.66
SYN_00383,SYNTHETIC_SIMULATED,True,,,True,VERIFIED,Miscanthus,energy_crop,48.5,5.7,42.6,0.6,0.1,2.5,9.702166389495131,79.5,18.0,2.0,200.0,19.191,15.969,376.9092499214766,105.0,8.0,704.32,82.87,1.0,14.48,28.69,56.83,47.903,120.368,198.307,6.974,100.0,46.85,15.34,15.56,15.76,4.58,24.41,182.28,16.1,32.47,11.57,2.26,81.2,1148.6,11.4,24.5,229.02,253.52,682.44,269.19,True,65.74,65.32,65.33
SYN_00384,SYNTHETIC_SIMULATED,True,,,True,VERIFIED,Almond Shells,nut_shells,51.0,6.0,39.5,0.5,0.05,2.95,13.641379589230816,73.5,23.55,2.0,480.0,20.725,16.434,400.347260487203,105.0,8.0,415.83,10.79,2.85,49.33,35.21,15.46,168.369,144.959,60.419,24.549,100.0,37.14,46.2,8.99,1.79,3.63,33.71,39.57,10.41,29.43,13.26,2.21,102.2,1155.3,14.8,41.58,113.43,155.01,95.85,61.84,False,93.66,90.01,92.36
SYN_00385,SYNTHETIC_SIMULATED,True,,,True,VERIFIED,Pine Sawdust,woody_biomass,51.5,6.3,41.6,0.2,0.05,0.35,8.563387356090416,82.5,17.15,2.0,420.0,21.095,17.822,50.697335214811964,105.0,8.0,662.18,47.12,15.86,13.18,24.03,62.78,6.031,14.587,29.95,0.31,100.0,47.11,16.43,15.43,14.5,4.57,24.92,26.72,15.95,35.38,12.13,2.26,79.6,1142.2,8.9,2.73,28.54,31.27,99.1,316.94,True,66.06,65.16,64.93
SYN_00386,SYNTHETIC_SIMULATED,True,,,True,VERIFIED,Beech Wood,woody_biomass,49.5,6.1,43.8,0.2,0.02,0.38,8.081226798927323,84.0,15.62,2.0,460.0,19.93,16.899,157.44308082786713,105.0,8.0,633.98,29.15,18.44,13.82,30.4,55.77,19.772,54.642,81.768,0.139,100.0,47.31,17.63,15.28,13.2,4.57,25.46,73.04,15.78,31.57,12.21,2.25,85.8,1150.5,12.3,7.72,83.57,91.28,268.06,293.66,True,68.24,67.71,67.84
SYN_00387,SYNTHETIC_SIMULATED,True,,,True,VERIFIED,Olive Pomace,agricultural_residue,50.2,6.2,39.8,1.4,0.1,2.3,8.8403917748731,76.5,21.2,2.0,550.0,20.655,17.38,93.74779931097126,105.0,8.0,747.03,11.18,6.97,15.28,15.88,68.84,12.854,20.128,59.951,0.856,100.0,46.68,14.67,15.65,16.53,4.59,24.09,55.51,16.2,43.14,10.14,2.3,66.4,1125.1,5.0,5.3,63.22,68.52,209.14,305.24,True,62.87,62.23,61.59
SYN_00388,SYNTHETIC_SIMULATED,True,,,True,VERIFIED,Wheat Straw,agricultural_residue,46.5,5.9,41.2,0.7,0.1,5.6,10.195580817568992,75.0,19.4,2.0,220.0,18.806,15.484,192.19866186273762,105.0,8.0,578.17,770.09,5.86,19.9,41.69,38.41,33.991,82.663,69.762,4.587,100.0,47.36,21.46,14.72,9.8,4.55,27.02,57.88,15.21,27.19,12.35,2.23,94.2,1160.2,17.9,13.43,87.65,101.07,204.68,202.51,True,69.66,69.13,69.73
SYN_00389,SYNTHETIC_SIMULATED,True,,,True,VERIFIED,Rice Husk,agricultural_residue,39.5,5.1,36.5,0.4,0.1,18.4,7.243578397270008,63.5,18.1,2.0,340.0,15.64,13.298,75.53901587627774,105.0,7.243578397270008,686.55,67.4,1.49,28.6,19.03,52.37,19.799,17.782,37.551,0.0,100.0,46.93,15.66,15.52,15.38,4.57,24.56,34.17,16.05,37.6,8.44,2.27,75.7,1137.3,7.4,0.0,45.48,45.48,127.58,280.53,True,66.86,66.33,66.78
SYN_00390,SYNTHETIC_SIMULATED,True,,,True,VERIFIED,Sugarcane Bagasse,agricultural_residue,48.0,5.8,43.5,0.3,0.05,2.35,15.218479705111172,81.0,16.65,2.0,180.0,19.044,14.701,391.9072095399424,105.0,8.0,670.67,56.75,10.94,14.67,23.75,61.58,47.872,104.238,209.291,30.75,100.0,47.03,16.08,15.47,14.9,4.57,24.76,189.12,15.99,35.58,10.81,2.26,78.9,1141.7,8.7,46.8,209.52,256.32,703.52,274.47,True,65.32,64.86,64.8
SYN_00391,SYNTHETIC_SIMULATED,True,,,True,VERIFIED,Miscanthus,energy_crop,48.5,5.7,42.6,0.6,0.1,2.5,10.236068143617633,79.5,18.0,2.0,200.0,19.191,15.86,235.89348147093605,105.0,8.0,703.67,7.2,23.59,15.6,12.49,71.91,32.356,42.554,151.974,5.733,100.0,46.84,15.29,15.56,15.82,4.58,24.38,141.62,16.11,48.11,8.32,2.32,62.2,1114.1,5.0,16.58,143.31,159.88,530.46,331.78,True,62.01,61.52,61.1
SYN_00392,SYNTHETIC_SIMULATED,True,,,True,VERIFIED,Almond Shells,nut_shells,51.0,6.0,39.5,0.5,0.05,2.95,10.950597079095452,73.5,23.55,2.0,480.0,20.725,17.022,453.6705112941504,105.0,8.0,573.97,5.83,36.36,19.97,39.67,40.36,79.807,188.257,171.687,14.55,100.0,47.32,21.87,14.65,9.5,4.55,27.17,140.95,15.14,27.82,13.62,2.23,93.6,1158.8,16.9,35.08,203.0,238.07,496.31,208.47,True,72.6,72.21,72.53
SYN_00393,SYNTHETIC_SIMULATED,True,,,True,VERIFIED,Pine Sawdust,woody_biomass,51.5,6.3,41.6,0.2,0.05,0.35,15.736184974588737,82.5,17.15,2.0,420.0,21.095,16.233,183.0889211085594,105.0,8.0,395.65,37.85,0.67,49.69,35.98,14.33,75.341,65.607,24.775,15.396,100.0,35.33,49.37,8.18,1.44,3.45,34.4,16.2,9.74,29.13,13.54,2.2,104.6,1155.9,15.1,22.8,47.53,70.33,36.7,52.18,False,97.77,93.18,95.74
SYN_00394,SYNTHETIC_SIMULATED,True,,,True,VERIFIED,Beech Wood,woody_biomass,49.5,6.1,43.8,0.2,0.02,0.38,12.5672202328097,84.0,15.62,2.0,460.0,19.93,15.955,163.97679513102185,105.0,8.0,662.95,658.44,7.44,12.69,29.84,57.47,17.799,53.081,84.519,8.14,100.0,47.09,16.33,15.44,14.62,4.57,24.87,76.23,15.96,31.86,12.15,2.25,83.8,1149.9,12.0,15.29,88.86,104.15,282.96,271.68,True,67.74,67.19,67.23
SYN_00395,SYNTHETIC_SIMULATED,True,,,True,VERIFIED,Olive Pomace,agricultural_residue,50.2,6.2,39.8,1.4,0.1,2.3,15.519178680651466,76.5,21.2,2.0,550.0,20.655,15.928,389.53119220292825,105.0,8.0,679.79,463.85,0.12,14.67,32.55,52.77,47.05,130.187,177.051,31.836,100.0,47.02,16.01,15.48,14.98,4.57,24.73,162.34,16.0,30.55,12.93,2.25,84.9,1152.8,13.4,47.67,208.56,256.23,604.23,235.81,True,67.94,67.51,67.26
SYN_00396,SYNTHETIC_SIMULATED,True,,,True,VERIFIED,Wheat Straw,agricultural_residue,46.5,5.9,41.2,0.7,0.1,5.6,11.142861890786916,75.0,19.4,2.0,220.0,18.806,15.295,200.55284502570188,105.0,8.0,620.67,178.89,4.27,18.3,35.21,46.49,32.041,75.614,85.667,6.851,100.0,47.38,18.27,15.2,12.56,4.57,25.74,74.87,15.69,29.43,11.89,2.24,89.0,1155.3,14.8,15.89,100.16,116.05,273.2,235.42,True,66.73,66.2,66.48
SYN_00397,SYNTHETIC_SIMULATED,True,,,True,VERIFIED,Rice Husk,agricultural_residue,39.5,5.1,36.5,0.4,0.1,18.4,16.746605317762146,63.5,18.1,2.0,340.0,15.64,11.685,118.88293131076144,105.0,8.0,492.83,5.26,1.51,40.49,37.81,21.7,39.337,43.693,23.197,11.302,100.0,44.02,32.78,12.32,4.38,4.26,30.51,17.13,13.16,28.45,10.04,2.22,96.9,1157.4,16.0,15.99,40.45,56.44,52.42,92.88,False,78.72,76.83,78.87
SYN_00398,SYNTHETIC_SIMULATED,True,,,True,VERIFIED,Sugarcane Bagasse,agricultural_residue,48.0,5.8,43.5,0.3,0.05,2.35,6.690451176503555,81.0,16.65,2.0,180.0,19.044,16.425,83.82883342876298,105.0,6.690451176503555,505.68,543.73,2.92,23.73,51.26,25.0,18.297,44.074,21.346,0.0,100.0,44.92,30.62,12.83,5.08,4.34,29.92,16.02,13.57,22.8,13.44,2.21,103.9,1169.8,25.9,0.0,32.82,32.82,50.58,154.09,True,79.04,78.65,80.1
SYN_00399,SYNTHETIC_SIMULATED,True,,,True,VERIFIED,Miscanthus,energy_crop,48.5,5.7,42.6,0.6,0.1,2.5,19.264964823308546,79.5,18.0,2.0,200.0,19.191,14.019,401.3932962151731,105.0,8.0,702.8,54.81,3.36,14.67,26.07,59.25,46.191,108.633,195.435,49.149,100.0,46.85,15.34,15.56,15.75,4.58,24.41,180.45,16.1,34.01,11.25,2.26,79.3,1145.2,10.0,63.96,217.97,281.93,675.58,239.63,True,66.34,65.86,65.81
SYN_00400,SYNTHETIC_SIMULATED,True,,,True,VERIFIED,Almond Shells,nut_shells,51.0,6.0,39.5,0.5,0.05,2.95,11.860393916313814,73.5,23.55,2.0,480.0,20.725,16.824,226.6418293815062,105.0,8.0,388.84,42.77,1.72,54.73,31.43,13.84,108.817,76.838,30.603,9.51,100.0,34.67,50.5,7.9,1.33,3.38,34.65,19.96,9.5,31.07,12.89,2.21,102.5,1151.6,12.8,19.56,60.02,79.58,44.1,55.41,False,96.33,92.51,95.0
SYN_00401,SYNTHETIC_SIMULATED,True,,,True,VERIFIED,Pine Sawdust,woody_biomass,51.5,6.3,41.6,0.2,0.05,0.35,22.478529110464812,82.5,17.15,2.0,420.0,21.095,14.738,472.71932633495686,105.0,8.0,654.44,5.79,0.6,14.32,35.15,50.53,51.831,153.851,190.746,74.394,100.0,47.16,16.7,15.4,14.2,4.57,25.05,171.48,15.91,29.45,13.47,2.24,87.3,1155.2,14.7,90.31,221.96,312.27,634.48,203.18,True,71.86,71.41,71.43
SYN_00402,SYNTHETIC_SIMULATED,True,,,True,VERIFIED,Beech Wood,woody_biomass,49.5,6.1,43.8,0.2,0.02,0.38,24.917724371478247,84.0,15.62,2.0,460.0,19.93,13.356,188.55508365279718,105.0,8.0,462.86,11.26,0.13,33.09,47.48,19.43,46.325,76.135,30.286,34.673,100.0,41.44,38.24,10.99,3.05,4.04,31.88,21.58,12.07,25.62,13.48,2.21,103.2,1163.6,20.4,40.56,53.1,93.66,60.56,64.66,False,90.37,85.02,87.69
SYN_00403,SYNTHETIC_SIMULATED,True,,,True,VERIFIED,Olive Pomace,agricultural_residue,50.2,6.2,39.8,1.4,0.1,2.3,8.654981257848803,76.5,21.2,2.0,550.0,20.655,17.42,302.1982035553474,105.0,8.0,388.04,93.65,39.76,52.27,33.88,13.85,141.252,113.031,42.972,2.151,100.0,34.64,50.55,7.88,1.33,3.38,34.66,27.76,9.49,29.97,13.06,2.2,104.2,1154.1,14.1,16.52,82.85,99.37,61.25,61.64,False,95.53,92.51,94.79
SYN_00404,SYNTHETIC_SIMULATED,True,,,True,VERIFIED,Wheat Straw,agricultural_residue,46.5,5.9,41.2,0.7,0.1,5.6,21.75668141502491,75.0,19.4,2.0,220.0,18.806,13.176,119.86029512705076,105.0,8.0,609.11,21.85,14.36,19.33,31.26,49.41,17.866,36.121,48.082,17.923,100.0,47.42,18.83,15.13,12.02,4.57,25.98,41.27,15.61,31.15,11.54,2.24,87.3,1151.5,12.7,22.05,51.59,73.64,149.83,203.47,True,67.84,67.08,67.37
SYN_00405,SYNTHETIC_SIMULATED,True,,,True,VERIFIED,Rice Husk,agricultural_residue,39.5,5.1,36.5,0.4,0.1,18.4,24.19185998253287,63.5,18.1,2.0,340.0,15.64,10.422,152.14377259578004,105.0,8.0,709.98,65.86,15.4,28.38,4.03,67.59,31.729,14.239,78.8,26.777,100.0,46.82,15.22,15.57,15.9,4.58,24.35,72.29,16.12,72.11,2.42,2.45,33.4,1061.4,5.0,31.64,78.66,110.3,270.95,245.65,True,64.96,64.1,64.14
SYN_00406,SYNTHETIC_SIMULATED,True,,,True,VERIFIED,Sugarcane Bagasse,agricultural_residue,48.0,5.8,43.5,0.3,0.05,2.35,9.756525853083783,81.0,16.65,2.0,180.0,19.044,15.805,253.130011248103,105.0,8.0,593.91,170.51,0.34,16.09,43.61,40.29,35.981,114.924,97.352,4.833,100.0,47.45,19.97,14.96,10.99,4.57,26.45,82.06,15.44,26.63,12.65,2.23,93.9,1161.4,18.7,16.59,120.97,137.56,294.66,214.2,True,71.4,70.92,71.63
SYN_00407,SYNTHETIC_SIMULATED,True,,,True,VERIFIED,Miscanthus,energy_crop,48.5,5.7,42.6,0.6,0.1,2.5,23.987945370332,79.5,18.0,2.0,200.0,19.191,13.056,149.25980255138427,105.0,8.0,623.84,506.24,4.06,15.43,37.17,47.4,17.355,49.244,55.391,25.939,100.0,47.37,18.08,15.23,12.75,4.57,25.66,48.79,15.72,28.68,12.35,2.24,89.8,1156.9,15.7,30.74,64.25,94.99,178.35,187.75,True,70.91,70.22,70.66
SYN_00408,SYNTHETIC_SIMULATED,True,,,True,VERIFIED,Almond Shells,nut_shells,51.0,6.0,39.5,0.5,0.05,2.95,18.65768392721516,73.5,23.55,2.0,480.0,20.725,15.338,282.42555493528687,105.0,8.0,395.56,554.99,2.25,50.28,35.32,14.4,112.952,98.242,37.748,32.717,100.0,35.58,48.93,8.3,1.49,3.48,34.31,24.26,9.84,29.39,13.27,2.2,104.0,1155.4,14.8,43.31,71.44,114.75,55.5,48.37,False,95.27,89.87,92.47
SYN_00409,SYNTHETIC_SIMULATED,True,,,True,VERIFIED,Pine Sawdust,woody_biomass,51.5,6.3,41.6,0.2,0.05,0.35,16.04396291408163,82.5,17.15,2.0,420.0,21.095,16.164,326.5768352922486,105.0,8.0,460.51,141.44,6.76,31.21,49.55,19.24,83.865,153.028,59.368,28.554,100.0,41.27,38.57,10.91,2.98,4.02,31.96,41.48,12.0,25.14,14.44,2.2,104.1,1164.7,21.2,41.66,102.3,143.96,115.75,80.4,False,87.85,85.48,87.31
SYN_00410,SYNTHETIC_SIMULATED,True,,,True,VERIFIED,Beech Wood,woody_biomass,49.5,6.1,43.8,0.2,0.02,0.38,13.95485663384255,84.0,15.62,2.0,460.0,19.93,15.663,260.45308483297777,105.0,8.0,439.71,9.56,0.95,38.57,43.9,17.53,84.759,114.449,43.631,16.858,100.0,39.58,41.79,10.1,2.41,3.87,32.72,30.14,11.34,26.55,13.29,2.21,103.8,1161.6,18.8,27.86,79.39,107.25,79.47,74.1,False,91.4,88.47,90.92
SYN_00411,SYNTHETIC_SIMULATED,True,,,True,VERIFIED,Olive Pomace,agricultural_residue,50.2,6.2,39.8,1.4,0.1,2.3,20.35106871996347,76.5,21.2,2.0,550.0,20.655,14.877,258.99965130851723,105.0,8.0,659.22,272.13,8.93,14.85,27.64,57.52,30.17,72.118,121.039,34.771,100.0,47.12,16.49,15.42,14.44,4.57,24.95,109.3,15.94,33.06,12.37,2.25,82.6,1147.3,10.8,44.05,126.58,170.62,405.15,237.45,True,67.28,66.77,66.4
SYN_00412,SYNTHETIC_SIMULATED,True,,,True,VERIFIED,Wheat Straw,agricultural_residue,46.5,5.9,41.2,0.7,0.1,5.6,25.11197658751533,75.0,19.4,2.0,220.0,18.806,12.506,226.10841823851953,105.0,8.0,692.81,107.88,0.3,17.28,28.19,54.53,28.963,60.907,94.729,42.056,100.0,46.91,15.57,15.53,15.5,4.57,24.52,86.7,16.07,32.74,11.22,2.26,81.4,1148.0,11.1,49.07,111.4,160.48,323.94,201.86,True,65.92,65.3,65.31
SYN_00413,SYNTHETIC_SIMULATED,True,,,True,VERIFIED,Rice Husk,agricultural_residue,39.5,5.1,36.5,0.4,0.1,18.4,16.991220927375693,63.5,18.1,2.0,340.0,15.64,11.644,302.826034966574,105.0,8.0,462.83,15.69,0.87,45.1,36.61,18.29,113.027,108.853,49.999,29.595,100.0,41.51,38.08,11.03,3.08,4.05,31.84,35.57,12.1,28.89,9.96,2.22,98.6,1156.4,15.4,41.46,94.52,135.98,100.09,73.61,False,80.32,76.04,78.85
SYN_00414,SYNTHETIC_SIMULATED,True,,,True,VERIFIED,Sugarcane Bagasse,agricultural_residue,48.0,5.8,43.5,0.3,0.05,2.35,22.445050114059796,81.0,16.65,2.0,180.0,19.044,13.24,287.4726313681525,105.0,8.0,714.09,589.45,3.44,14.11,25.3,60.6,31.245,72.967,138.021,45.136,100.0,46.8,15.15,15.58,15.98,4.58,24.32,127.3,16.13,34.51,11.03,2.27,78.2,1144.1,9.6,54.83,153.29,208.12,477.44,229.41,True,66.36,65.81,65.79
SYN_00415,SYNTHETIC_SIMULATED,True,,,True,VERIFIED,Miscanthus,energy_crop,48.5,5.7,42.6,0.6,0.1,2.5,14.406870286204994,79.5,18.0,2.0,200.0,19.191,15.01,163.08254720920547,105.0,8.0,609.97,23.08,0.5,16.52,40.17,43.3,22.71,66.13,62.551,11.357,100.0,47.42,18.82,15.13,12.03,4.57,25.97,54.51,15.61,27.66,12.57,2.23,91.8,1159.1,17.1,18.17,76.82,94.99,197.92,208.36,True,71.15,70.56,71.14
SYN_00416,SYNTHETIC_SIMULATED,True,,,True,VERIFIED,Almond Shells,nut_shells,51.0,6.0,39.5,0.5,0.05,2.95,19.950619348322412,73.5,23.55,2.0,480.0,20.725,15.055,475.30348609530665,105.0,8.0,492.34,337.05,0.25,27.36,49.7,22.94,102.229,212.091,96.363,61.741,100.0,43.99,32.85,12.3,4.36,4.26,30.52,70.62,13.14,25.1,14.22,2.21,101.5,1164.8,21.3,78.95,155.33,234.28,215.85,92.13,False,82.32,80.96,82.26
SYN_00417,SYNTHETIC_SIMULATED,True,,,True,VERIFIED,Pine Sawdust,woody_biomass,51.5,6.3,41.6,0.2,0.05,0.35,19.555727693211992,82.5,17.15,2.0,420.0,21.095,15.386,55.110869678929156,105.0,8.0,540.38,241.45,15.06,18.09,49.39,32.52,7.927,24.526,15.246,6.922,100.0,46.56,25.74,13.91,7.15,4.48,28.48,12.16,14.48,25.17,14.44,2.22,98.9,1164.6,21.2,8.94,20.47,29.41,40.94,139.21,True,78.43,77.45,78.29
SYN_00418,SYNTHETIC_SIMULATED,True,,,True,VERIFIED,Beech Wood,woody_biomass,49.5,6.1,43.8,0.2,0.02,0.38,6.0003701750142735,84.0,15.62,2.0,460.0,19.93,17.336,303.17251623961766,105.0,6.0003701750142735,557.6,454.56,2.72,16.46,49.63,33.91,46.009,155.503,104.577,0.0,100.0,47.05,23.61,14.33,8.34,4.52,27.78,83.11,14.85,22.03,14.25,2.21,102.0,1171.5,27.7,0.0,135.68,135.68,287.06,211.57,True,75.66,75.56,76.38
SYN_00419,SYNTHETIC_SIMULATED,True,,,True,VERIFIED,Olive Pomace,agricultural_residue,50.2,6.2,39.8,1.4,0.1,2.3,19.77374283012361,76.5,21.2,2.0,550.0,20.655,15.002,112.49615969690578,105.0,8.0,716.29,71.46,1.32,14.55,27.24,58.21,12.838,31.273,54.211,14.397,100.0,46.8,15.16,15.58,15.97,4.58,24.32,49.61,16.12,33.3,12.32,2.26,79.7,1146.7,10.6,18.49,62.0,80.49,186.04,231.14,True,66.86,66.18,65.84
SYN_00420,SYNTHETIC_SIMULATED,True,,,True,VERIFIED,Wheat Straw,agricultural_residue,46.5,5.9,41.2,0.7,0.1,5.6,20.377338015674248,75.0,19.4,2.0,220.0,18.806,13.451,491.99904570773543,105.0,8.0,448.98,11.33,1.49,40.88,41.31,17.81,157.291,189.981,77.611,66.192,100.0,40.12,40.77,10.36,2.58,3.92,32.48,53.56,11.55,27.3,12.32,2.21,102.2,1159.9,17.7,83.8,141.12,224.92,143.85,63.96,False,86.98,82.09,84.8
SYN_00421,SYNTHETIC_SIMULATED,True,,,True,VERIFIED,Rice Husk,agricultural_residue,39.5,5.1,36.5,0.4,0.1,18.4,20.566093475414906,63.5,18.1,2.0,340.0,15.64,11.037,207.65959500922537,105.0,8.0,399.81,76.35,3.91,57.12,29.26,13.62,91.664,60.41,24.924,28.364,100.0,35.67,48.79,8.33,1.5,3.49,34.28,16.33,9.87,32.16,9.39,2.21,99.8,1149.2,11.7,35.76,51.45,87.2,37.48,42.98,False,83.93,75.4,79.55
SYN_00422,SYNTHETIC_SIMULATED,True,,,True,VERIFIED,Sugarcane Bagasse,agricultural_residue,48.0,5.8,43.5,0.3,0.05,2.35,16.58688540989256,81.0,16.65,2.0,180.0,19.044,14.424,66.81396068210083,105.0,8.0,391.6,8.63,9.79,54.52,31.46,14.02,29.985,21.517,8.705,6.236,100.0,34.93,50.06,8.01,1.38,3.41,34.55,5.65,9.6,31.05,11.74,2.21,102.2,1151.7,12.8,8.88,16.92,25.8,12.61,48.87,False,97.84,91.98,95.24
SYN_00423,SYNTHETIC_SIMULATED,True,,,True,VERIFIED,Miscanthus,energy_crop,48.5,5.7,42.6,0.6,0.1,2.5,7.285336036367569,79.5,18.0,2.0,200.0,19.191,16.462,338.0557507741798,105.0,7.285336036367569,588.1,765.24,5.76,16.71,42.76,40.53,51.509,150.518,133.996,0.0,100.0,47.42,20.68,14.85,10.41,4.56,26.72,111.88,15.33,25.66,12.98,2.22,95.7,1163.5,20.3,0.0,161.79,161.79,398.85,246.53,True,71.22,71.13,71.65
SYN_00424,SYNTHETIC_SIMULATED,True,,,True,VERIFIED,Almond Shells,nut_shells,51.0,6.0,39.5,0.5,0.05,2.95,27.54134478996928,73.5,23.55,2.0,480.0,20.725,13.396,280.487345761557,105.0,8.0,699.71,123.27,22.04,15.2,13.99,70.81,30.11,43.895,146.088,59.577,100.0,46.87,15.39,15.55,15.7,4.58,24.43,133.72,16.09,45.73,9.63,2.31,65.3,1119.4,5.0,67.6,136.06,203.65,500.42,245.72,True,63.76,63.21,62.46
SYN_00425,SYNTHETIC_SIMULATED,True,,,True,VERIFIED,Pine Sawdust,woody_biomass,51.5,6.3,41.6,0.2,0.05,0.35,14.878728149484951,82.5,17.15,2.0,420.0,21.095,16.423,335.2514177822152,105.0,8.0,379.0,53.43,15.98,53.19,33.28,13.53,146.96,114.655,43.796,25.066,100.0,33.99,51.66,7.6,1.23,3.31,34.89,27.87,9.25,30.23,13.3,2.2,104.6,1153.5,13.8,38.91,83.44,122.35,59.96,49.01,False,99.48,94.97,97.58
SYN_00426,SYNTHETIC_SIMULATED,True,,,True,VERIFIED,Beech Wood,woody_biomass,49.5,6.1,43.8,0.2,0.02,0.38,17.011765848551775,84.0,15.62,2.0,460.0,19.93,15.02,225.03223870875712,105.0,8.0,602.67,465.72,0.21,14.02,44.17,41.81,25.764,95.568,82.544,22.043,100.0,47.44,19.41,15.04,11.49,4.57,26.22,70.12,15.52,26.47,13.3,2.23,93.7,1161.8,19.0,30.86,100.69,131.55,253.15,192.44,True,73.46,72.94,73.52
SYN_00427,SYNTHETIC_SIMULATED,True,,,True,VERIFIED,Olive Pomace,agricultural_residue,50.2,6.2,39.8,1.4,0.1,2.3,14.234398404107612,76.5,21.2,2.0,550.0,20.655,16.207,410.68117334352524,105.0,8.0,359.06,50.61,9.87,60.3,27.07,12.63,204.57,122.608,49.776,27.83,100.0,32.46,54.26,6.93,1.02,3.13,35.44,31.32,8.68,33.4,12.3,2.21,101.9,1146.5,10.5,45.06,95.97,141.02,63.26,44.86,False,100.47,95.85,98.41
SYN_00428,SYNTHETIC_SIMULATED,True,,,True,VERIFIED,Wheat Straw,agricultural_residue,46.5,5.9,41.2,0.7,0.1,5.6,22.54814095818172,75.0,19.4,2.0,220.0,18.806,13.018,90.42572498569382,105.0,8.0,720.07,9.44,3.2,18.21,21.69,60.1,12.483,20.14,42.948,14.299,100.0,46.79,15.11,15.59,16.03,4.58,24.3,39.61,16.13,37.19,10.32,2.28,74.9,1138.2,7.6,17.34,48.42,65.76,148.63,226.03,True,64.3,63.43,63.38
SYN_00429,SYNTHETIC_SIMULATED,True,,,True,VERIFIED,Rice Husk,agricultural_residue,39.5,5.1,36.5,0.4,0.1,18.4,9.79324273906576,63.5,18.1,2.0,340.0,15.64,12.865,346.14686435571366,105.0,8.0,573.62,8.91,0.7,32.03,33.7,34.27,99.029,128.186,112.214,6.747,100.0,47.32,21.85,14.65,9.52,4.55,27.16,92.66,15.14,30.05,9.76,2.23,90.7,1153.9,14.0,22.81,156.99,179.8,326.36,181.51,True,72.81,72.26,73.38
SYN_00430,SYNTHETIC_SIMULATED,True,,,True,VERIFIED,Sugarcane Bagasse,agricultural_residue,48.0,5.8,43.5,0.3,0.05,2.35,17.728919997239707,81.0,16.65,2.0,180.0,19.044,14.193,153.1005288034101,105.0,8.0,610.71,48.64,14.63,15.93,34.32,49.75,19.847,51.907,64.655,16.19,100.0,47.43,18.89,15.12,11.96,4.57,26.0,55.88,15.6,29.79,12.0,2.24,89.1,1154.5,14.3,22.08,69.15,91.23,202.76,222.26,True,69.67,69.04,69.48
SYN_00431,SYNTHETIC_SIMULATED,True,,,True,VERIFIED,Miscanthus,energy_crop,48.5,5.7,42.6,0.6,0.1,2.5,13.439984626530801,79.5,18.0,2.0,200.0,19.191,15.207,88.07966625089082,105.0,8.0,734.95,61.63,12.12,14.48,12.21,73.32,10.98,15.433,56.459,5.208,100.0,46.73,14.86,15.62,16.31,4.58,24.18,52.4,16.17,48.61,8.22,2.32,60.6,1113.1,5.0,8.97,54.58,63.55,197.06,310.08,True,61.44,60.68,60.28
SYN_00432,SYNTHETIC_SIMULATED,True,,,True,VERIFIED,Almond Shells,nut_shells,51.0,6.0,39.5,0.5,0.05,2.95,11.813354463307297,73.5,23.55,2.0,480.0,20.725,16.834,96.10485365644303,105.0,8.0,736.36,261.56,1.91,15.02,23.8,61.18,12.525,26.276,52.898,3.983,100.0,46.7,14.78,15.63,16.4,4.59,24.15,49.15,16.18,35.55,11.9,2.27,75.7,1141.8,8.8,8.25,61.43,69.68,184.98,265.47,True,64.44,63.78,63.4
SYN_00433,SYNTHETIC_SIMULATED,True,,,True,VERIFIED,Pine Sawdust,woody_biomass,51.5,6.3,41.6,0.2,0.05,0.35,25.39744318354422,82.5,17.15,2.0,420.0,21.095,14.091,164.86291081802867,105.0,8.0,707.35,14.55,0.36,13.32,29.75,56.93,16.136,45.012,71.176,31.176,100.0,46.83,15.25,15.57,15.87,4.58,24.36,66.16,16.11,31.91,12.92,2.26,81.6,1149.8,12.0,36.24,83.63,119.87,247.9,206.8,True,69.97,69.35,69.18
SYN_00434,SYNTHETIC_SIMULATED,True,,,True,VERIFIED,Beech Wood,woody_biomass,49.5,6.1,43.8,0.2,0.02,0.38,19.504114197010153,84.0,15.62,2.0,460.0,19.93,14.495,183.49599034561277,105.0,8.0,727.39,135.69,6.81,12.24,21.62,66.14,17.676,42.988,100.237,22.945,100.0,46.75,14.97,15.61,16.19,4.58,24.23,92.01,16.15,37.24,11.0,2.28,74.4,1138.1,7.6,29.67,104.06,133.73,345.67,258.48,True,65.91,65.34,65.08
SYN_00435,SYNTHETIC_SIMULATED,True,,,True,VERIFIED,Olive Pomace,agricultural_residue,50.2,6.2,39.8,1.4,0.1,2.3,7.419039705931674,76.5,21.2,2.0,550.0,20.655,17.689,495.9932347094774,105.0,7.419039705931674,478.69,18.88,3.66,31.28,47.68,21.05,142.359,246.103,107.491,0.0,100.0,42.77,35.51,11.66,3.65,4.16,31.21,76.76,12.62,24.66,14.23,2.21,103.1,1165.7,22.1,0.0,179.05,179.05,225.2,125.77,True,83.75,83.69,84.86
SYN_00436,SYNTHETIC_SIMULATED,True,,,True,VERIFIED,Wheat Straw,agricultural_residue,46.5,5.9,41.2,0.7,0.1,5.6,24.19461715623746,75.0,19.4,2.0,220.0,18.806,12.69,229.51924513785187,105.0,8.0,552.35,49.67,3.07,22.16,45.59,32.25,38.102,89.338,59.642,40.402,100.0,46.89,24.42,14.17,7.86,4.51,28.05,47.85,14.71,26.1,12.57,2.22,97.1,1162.6,19.6,47.74,82.5,130.24,163.74,125.73,True,74.63,74.02,74.92
SYN_00437,SYNTHETIC_SIMULATED,True,,,True,VERIFIED,Rice Husk,agricultural_residue,39.5,5.1,36.5,0.4,0.1,18.4,19.72410142066366,63.5,18.1,2.0,340.0,15.64,11.18,460.0789147316273,105.0,8.0,576.18,94.81,2.7,30.83,34.17,35.0,111.584,153.953,135.542,58.631,100.0,47.34,21.75,14.67,9.6,4.55,27.12,112.07,15.16,29.85,9.79,2.23,90.9,1154.3,14.2,75.4,186.18,261.58,395.14,151.06,True,74.19,73.6,74.7
SYN_00438,SYNTHETIC_SIMULATED,True,,,True,VERIFIED,Sugarcane Bagasse,agricultural_residue,48.0,5.8,43.5,0.3,0.05,2.35,21.249389582440287,81.0,16.65,2.0,180.0,19.044,13.481,452.14342181744223,105.0,8.0,656.94,254.14,1.4,14.6,34.16,51.24,51.655,146.28,188.826,65.115,100.0,47.15,16.61,15.41,14.3,4.57,25.01,169.02,15.92,29.86,11.99,2.24,86.7,1154.3,14.2,80.9,216.79,297.69,625.86,210.24,True,69.14,68.66,68.95
SYN_00439,SYNTHETIC_SIMULATED,True,,,True,VERIFIED,Miscanthus,energy_crop,48.5,5.7,42.6,0.6,0.1,2.5,16.776622897617575,79.5,18.0,2.0,200.0,19.191,14.526,133.83767434839376,105.0,8.0,671.23,83.64,0.62,14.75,32.77,52.48,15.995,44.239,60.698,12.768,100.0,47.05,16.17,15.46,14.8,4.57,24.8,54.49,15.98,30.45,11.99,2.25,85.3,1153.0,13.5,18.04,69.78,87.82,202.55,230.64,True,68.0,67.35,67.59
SYN_00440,SYNTHETIC_SIMULATED,True,,,True,VERIFIED,Almond Shells,nut_shells,51.0,6.0,39.5,0.5,0.05,2.95,20.294925489920274,73.5,23.55,2.0,480.0,20.725,14.98,331.7779889419532,105.0,8.0,694.79,23.44,0.25,15.94,28.98,55.08,42.011,94.431,147.624,44.339,100.0,46.9,15.52,15.54,15.55,4.57,24.49,136.93,16.07,32.31,12.62,2.26,81.8,1148.9,11.5,56.24,174.72,230.96,511.87,221.62,True,67.66,67.19,66.94
SYN_00441,SYNTHETIC_SIMULATED,True,,,True,VERIFIED,Pine Sawdust,woody_biomass,51.5,6.3,41.6,0.2,0.05,0.35,15.81487475119753,82.5,17.15,2.0,420.0,21.095,16.215,102.03155725561717,105.0,8.0,648.96,80.26,5.94,13.13,33.68,53.19,11.187,34.885,47.297,8.667,100.0,47.21,16.96,15.37,13.91,4.57,25.17,41.99,15.87,30.06,13.33,2.24,86.9,1153.9,14.0,12.79,51.26,64.05,155.01,242.03,True,69.6,68.95,68.91
SYN_00442,SYNTHETIC_SIMULATED,True,,,True,VERIFIED,Beech Wood,woody_biomass,49.5,6.1,43.8,0.2,0.02,0.38,23.30316510154342,84.0,15.62,2.0,460.0,19.93,13.696,298.5931183054456,105.0,8.0,401.98,15.25,0.38,49.5,35.89,14.61,110.927,97.471,37.603,49.668,100.0,35.77,48.6,8.38,1.52,3.5,34.24,24.58,9.91,29.16,12.73,2.2,104.1,1155.8,15.1,59.48,71.7,131.18,56.63,43.17,False,99.18,92.09,95.23
SYN_00443,SYNTHETIC_SIMULATED,True,,,True,VERIFIED,Olive Pomace,agricultural_residue,50.2,6.2,39.8,1.4,0.1,2.3,26.680697777361843,76.5,21.2,2.0,550.0,20.655,13.501,272.05465674079267,105.0,8.0,470.87,228.27,0.17,31.17,48.67,20.15,60.674,109.684,44.69,55.241,100.0,42.1,36.9,11.32,3.33,4.1,31.55,31.81,12.34,25.34,14.08,2.21,102.9,1164.3,20.9,63.25,76.41,139.66,91.27,65.35,False,87.05,81.76,83.95
SYN_00444,SYNTHETIC_SIMULATED,True,,,True,VERIFIED,Wheat Straw,agricultural_residue,46.5,5.9,41.2,0.7,0.1,5.6,22.59971566284207,75.0,19.4,2.0,220.0,18.806,13.008,333.5314273666221,105.0,8.0,568.28,307.08,0.97,20.49,44.5,35.01,52.105,131.26,96.822,52.929,100.0,47.24,22.49,14.54,9.07,4.54,27.39,78.44,15.04,26.38,12.51,2.22,95.8,1162.0,19.1,64.12,127.79,191.91,274.38,142.98,True,72.74,72.2,72.93
SYN_00445,SYNTHETIC_SIMULATED,True,,,True,VERIFIED,Rice Husk,agricultural_residue,39.5,5.1,36.5,0.4,0.1,18.4,24.307530656871982,63.5,18.1,2.0,340.0,15.64,10.402,123.8460666485068,105.0,8.0,520.33,40.3,0.11,35.3,39.2,25.5,32.518,42.553,25.554,21.952,100.0,45.77,28.32,13.35,5.95,4.41,29.27,19.68,14.01,27.98,10.12,2.22,96.1,1158.5,16.7,25.9,41.27,67.16,64.12,95.47,False,78.62,76.83,78.63
SYN_00446,SYNTHETIC_SIMULATED,True,,,True,VERIFIED,Sugarcane Bagasse,agricultural_residue,48.0,5.8,43.5,0.3,0.05,2.35,26.890708188824654,81.0,16.65,2.0,180.0,19.044,12.341,420.4764556733757,105.0,8.0,680.24,22.44,4.09,15.04,28.15,56.8,45.661,109.271,179.941,86.338,100.0,46.99,15.89,15.49,15.12,4.57,24.67,162.76,16.02,32.77,11.39,2.26,82.0,1147.9,11.1,98.64,196.62,295.25,606.43,205.39,True,68.69,68.14,68.28
SYN_00447,SYNTHETIC_SIMULATED,True,,,True,VERIFIED,Miscanthus,energy_crop,48.5,5.7,42.6,0.6,0.1,2.5,6.284017128792375,79.5,18.0,2.0,200.0,19.191,16.666,430.7622668118021,105.0,6.284017128792375,401.37,15.45,0.19,51.97,33.63,14.4,205.411,154.309,64.091,0.0,100.0,35.55,48.99,8.28,1.48,3.47,34.32,42.21,9.82,26.63,12.78,2.2,108.1,1161.4,18.7,0.0,123.95,123.95,96.43,77.8,False,94.79,93.34,96.04
SYN_00448,SYNTHETIC_SIMULATED,True,,,True,VERIFIED,Almond Shells,nut_shells,51.0,6.0,39.5,0.5,0.05,2.95,18.88983809119521,73.5,23.55,2.0,480.0,20.725,15.287,381.70138298182906,105.0,8.0,689.02,56.3,0.53,15.56,29.6,54.84,47.069,113.92,176.274,45.181,100.0,46.93,15.63,15.52,15.43,4.57,24.54,159.38,16.06,31.98,12.69,2.26,82.4,1149.6,11.9,59.41,202.56,261.97,595.2,227.2,True,67.36,66.91,66.66
SYN_00449,SYNTHETIC_SIMULATED,True,,,True,VERIFIED,Pine Sawdust,woody_biomass,51.5,6.3,41.6,0.2,0.05,0.35,20.558219819442023,82.5,17.15,2.0,420.0,21.095,15.164,151.23091659538738,105.0,8.0,584.92,19.01,0.18,15.96,46.03,38.01,18.962,64.2,48.157,20.643,100.0,47.4,21.06,14.79,10.11,4.56,26.87,40.29,15.27,25.98,14.25,2.22,95.5,1162.8,19.8,26.03,61.67,87.7,143.09,163.17,True,75.99,75.4,75.91
SYN_00450,SYNTHETIC_SIMULATED,True,,,True,VERIFIED,Beech Wood,woody_biomass,49.5,6.1,43.8,0.2,0.02,0.38,9.298844423506283,84.0,15.62,2.0,460.0,19.93,16.642,415.93781489924226,105.0,8.0,550.69,667.98,11.49,16.77,48.35,34.88,62.843,203.547,139.366,5.872,100.0,46.96,24.08,14.24,8.06,4.52,27.94,112.47,14.77,25.42,13.53,2.22,97.8,1164.1,20.8,25.38,180.17,205.55,386.37,187.97,True,75.7,75.29,76.16
SYN_00451,SYNTHETIC_SIMULATED,True,,,True,VERIFIED,Olive Pomace,agricultural_residue,50.2,6.2,39.8,1.4,0.1,2.3,8.674479671948198,76.5,21.2,2.0,550.0,20.655,17.416,492.5416399511789,105.0,8.0,537.44,69.85,0.44,20.68,49.64,29.68,91.569,251.501,142.644,3.611,100.0,46.45,26.14,13.82,6.94,4.47,28.61,112.82,14.41,25.12,14.13,2.22,99.1,1164.7,21.3,27.02,206.08,233.1,378.05,162.19,True,76.53,76.15,76.79
SYN_00452,SYNTHETIC_SIMULATED,True,,,True,VERIFIED,Wheat Straw,agricultural_residue,46.5,5.9,41.2,0.7,0.1,5.6,15.49160115846118,75.0,19.4,2.0,220.0,18.806,14.427,341.49137040371585,105.0,8.0,535.3,418.91,0.25,23.06,47.77,29.17,66.083,156.451,90.1,27.808,100.0,46.4,26.32,13.78,6.85,4.47,28.66,70.92,14.38,25.55,12.68,2.22,98.6,1163.8,20.5,41.7,131.76,173.47,237.12,136.7,True,74.49,74.01,74.99
SYN_00453,SYNTHETIC_SIMULATED,True,,,True,VERIFIED,Rice Husk,agricultural_residue,39.5,5.1,36.5,0.4,0.1,18.4,26.36162924144118,63.5,18.1,2.0,340.0,15.64,10.054,314.8802213063395,105.0,8.0,678.77,755.95,0.31,28.5,21.06,50.44,64.671,66.446,120.043,62.845,100.0,46.98,15.86,15.5,15.15,4.57,24.66,108.83,16.02,37.72,8.42,2.27,75.9,1137.0,7.3,72.22,148.68,220.9,405.59,183.6,True,70.67,69.96,70.53
SYN_00454,SYNTHETIC_SIMULATED,True,,,True,VERIFIED,Sugarcane Bagasse,agricultural_residue,48.0,5.8,43.5,0.3,0.05,2.35,14.16214919518683,81.0,16.65,2.0,180.0,19.044,14.914,181.69978039345176,105.0,8.0,588.99,5.29,0.36,17.93,42.78,39.29,27.051,77.333,64.034,12.17,100.0,47.43,20.41,14.89,10.63,4.56,26.62,54.31,15.37,26.87,12.61,2.23,93.9,1160.9,18.3,19.81,81.52,101.33,194.15,191.61,True,73.11,72.55,73.38
SYN_00455,SYNTHETIC_SIMULATED,True,,,True,VERIFIED,Miscanthus,energy_crop,48.5,5.7,42.6,0.6,0.1,2.5,18.471126085231163,79.5,18.0,2.0,200.0,19.191,14.181,235.01362704263502,105.0,8.0,738.46,31.0,0.67,14.78,25.71,59.51,27.719,62.791,116.804,26.748,100.0,46.71,14.81,15.63,16.37,4.58,24.16,108.24,16.18,34.24,11.2,2.27,77.4,1144.7,9.8,35.61,138.29,173.89,407.23,234.18,True,66.2,65.66,65.63
SYN_00456,SYNTHETIC_SIMULATED,True,,,True,VERIFIED,Almond Shells,nut_shells,51.0,6.0,39.5,0.5,0.05,2.95,20.95843668958917,73.5,23.55,2.0,480.0,20.725,14.835,291.46307594549717,105.0,8.0,657.82,676.03,1.18,15.67,33.7,50.63,35.777,93.858,120.894,41.053,100.0,47.16,16.71,15.4,14.19,4.57,25.05,107.87,15.91,30.05,13.12,2.24,86.6,1153.9,14.0,51.31,139.48,190.8,399.1,209.17,True,68.92,68.44,68.33
SYN_00457,SYNTHETIC_SIMULATED,True,,,True,VERIFIED,Pine Sawdust,woody_biomass,51.5,6.3,41.6,0.2,0.05,0.35,8.630396533634233,82.5,17.15,2.0,420.0,21.095,17.807,97.75654398807688,105.0,8.0,542.26,266.67,0.13,17.6,51.22,31.18,15.348,50.343,30.404,0.67,100.0,46.73,25.08,14.04,7.49,4.5,28.27,23.78,14.6,24.77,14.53,2.22,99.1,1165.5,21.9,5.32,41.78,47.1,80.72,171.36,True,77.14,76.52,77.3
SYN_00458,SYNTHETIC_SIMULATED,True,,,True,VERIFIED,Beech Wood,woody_biomass,49.5,6.1,43.8,0.2,0.02,0.38,22.116102795051994,84.0,15.62,2.0,460.0,19.93,13.946,157.8125720981613,105.0,8.0,379.5,33.73,0.81,54.09,32.47,13.44,65.691,48.624,18.314,24.214,100.0,33.85,51.91,7.54,1.21,3.29,34.95,11.89,9.2,30.59,12.42,2.2,104.2,1152.7,13.4,29.59,35.72,65.3,25.44,38.95,False,101.42,94.26,97.45
SYN_00459,SYNTHETIC_SIMULATED,True,,,True,VERIFIED,Olive Pomace,agricultural_residue,50.2,6.2,39.8,1.4,0.1,2.3,8.86138360733103,76.5,21.2,2.0,550.0,20.655,17.375,393.0578302782845,105.0,8.0,549.48,480.51,6.46,19.2,47.72,33.07,68.726,194.229,125.995,3.68,100.0,46.87,24.47,14.16,7.83,4.51,28.07,101.05,14.7,25.56,14.03,2.22,97.8,1163.8,20.5,22.29,169.66,191.94,345.53,180.01,True,74.9,74.51,75.0
SYN_00460,SYNTHETIC_SIMULATED,True,,,True,VERIFIED,Wheat Straw,agricultural_residue,46.5,5.9,41.2,0.7,0.1,5.6,9.109079129501815,75.0,19.4,2.0,220.0,18.806,15.701,204.20952667696827,105.0,8.0,397.56,52.77,1.02,51.24,34.37,14.39,94.72,76.694,29.478,2.462,100.0,35.72,48.7,8.36,1.51,3.49,34.26,19.56,9.89,29.77,11.82,2.21,103.2,1154.5,14.3,12.08,57.99,70.07,44.97,64.18,False,90.81,87.48,90.18
SYN_00461,SYNTHETIC_SIMULATED,True,,,True,VERIFIED,Rice Husk,agricultural_residue,39.5,5.1,36.5,0.4,0.1,18.4,26.602940292532644,63.5,18.1,2.0,340.0,15.64,10.013,219.84211933689485,105.0,8.0,429.4,444.09,5.46,49.92,34.53,15.56,78.523,66.886,27.936,44.453,100.0,38.51,43.75,9.61,2.11,3.77,33.16,18.85,10.93,29.7,9.82,2.21,100.4,1154.7,14.4,50.95,55.31,106.25,47.91,45.09,False,84.02,73.69,78.19
SYN_00462,SYNTHETIC_SIMULATED,True,,,True,VERIFIED,Sugarcane Bagasse,agricultural_residue,48.0,5.8,43.5,0.3,0.05,2.35,17.543616970583006,81.0,16.65,2.0,180.0,19.044,14.231,51.17118829354661,105.0,8.0,494.09,19.97,0.39,27.01,49.72,23.27,11.296,23.678,10.894,5.308,100.0,44.14,32.49,12.39,4.47,4.28,30.43,7.96,13.21,25.1,12.97,2.21,101.4,1164.8,21.3,7.28,17.33,24.61,24.45,99.36,False,82.49,81.29,83.08
SYN_00463,SYNTHETIC_SIMULATED,True,,,True,VERIFIED,Miscanthus,energy_crop,48.5,5.7,42.6,0.6,0.1,2.5,11.30766835480965,79.5,18.0,2.0,200.0,19.191,15.641,171.11587542299878,105.0,8.0,579.41,12.72,0.57,18.22,44.32,37.46,27.907,76.887,59.636,6.152,100.0,47.38,21.3,14.75,9.93,4.56,26.96,49.95,15.23,26.43,12.82,2.22,95.0,1161.8,19.0,13.83,77.4,91.23,176.94,193.94,True,73.21,72.66,73.47
SYN_00464,SYNTHETIC_SIMULATED,True,,,True,VERIFIED,Almond Shells,nut_shells,51.0,6.0,39.5,0.5,0.05,2.95,7.893230139204242,73.5,23.55,2.0,480.0,20.725,17.691,300.32910222072456,105.0,7.893230139204242,614.2,14.26,0.18,17.52,38.75,43.73,47.66,123.932,126.498,0.0,100.0,47.41,18.59,15.16,12.24,4.57,25.88,109.3,15.64,27.94,13.59,2.23,91.2,1158.5,16.7,0.0,153.41,153.41,397.66,259.22,True,70.18,70.08,70.13
SYN_00465,SYNTHETIC_SIMULATED,True,,,True,VERIFIED,Pine Sawdust,woody_biomass,51.5,6.3,41.6,0.2,0.05,0.35,8.400471592619281,82.5,17.15,2.0,420.0,21.095,17.858,389.1897284594369,105.0,8.0,624.04,21.52,20.7,14.22,31.57,54.2,50.013,136.32,198.37,1.694,100.0,47.35,17.95,15.24,12.88,4.57,25.61,174.18,15.74,31.0,13.12,2.24,86.8,1151.8,12.9,20.3,202.97,223.27,637.43,285.5,True,68.98,68.6,68.48
SYN_00466,SYNTHETIC_SIMULATED,True,,,True,VERIFIED,Beech Wood,woody_biomass,49.5,6.1,43.8,0.2,0.02,0.38,16.472591572086827,84.0,15.62,2.0,460.0,19.93,15.133,202.2951807381594,105.0,8.0,677.27,238.24,0.65,12.57,33.83,53.61,21.299,68.385,93.341,18.63,100.0,47.01,15.98,15.48,15.02,4.57,24.71,84.76,16.01,29.99,12.55,2.25,85.5,1154.0,14.1,26.66,107.36,134.02,315.59,235.48,True,69.29,68.75,68.91
SYN_00467,SYNTHETIC_SIMULATED,True,,,True,VERIFIED,Olive Pomace,agricultural_residue,50.2,6.2,39.8,1.4,0.1,2.3,10.990055657050458,76.5,21.2,2.0,550.0,20.655,16.912,248.58781680242157,105.0,8.0,599.08,194.16,13.82,16.26,37.11,46.64,35.188,96.734,107.95,8.079,100.0,47.45,19.64,15.01,11.28,4.57,26.31,91.35,15.49,28.71,13.34,2.23,91.1,1156.8,15.7,19.32,118.42,137.73,329.09,238.94,True,69.91,69.46,69.46
SYN_00468,SYNTHETIC_SIMULATED,True,,,True,VERIFIED,Wheat Straw,agricultural_residue,46.5,5.9,41.2,0.7,0.1,5.6,21.048212587182725,75.0,19.4,2.0,220.0,18.806,13.318,463.6494599872749,105.0,8.0,385.33,517.93,1.16,53.55,32.79,13.66,196.542,146.278,55.637,65.759,100.0,34.54,50.73,7.84,1.31,3.37,34.7,36.23,9.45,30.44,11.69,2.21,103.6,1153.0,13.5,82.04,109.42,191.45,79.64,41.6,False,94.29,87.28,90.55
SYN_00469,SYNTHETIC_SIMULATED,True,,,True,VERIFIED,Rice Husk,agricultural_residue,39.5,5.1,36.5,0.4,0.1,18.4,22.406363076031855,63.5,18.1,2.0,340.0,15.64,10.725,268.9692946707496,105.0,8.0,592.94,146.39,9.58,30.06,29.13,40.8,61.4,76.28,87.161,42.118,100.0,47.44,20.15,14.93,10.85,4.57,26.51,74.66,15.41,32.23,9.38,2.24,86.9,1149.1,11.6,51.19,109.94,161.14,267.61,166.08,True,72.91,72.22,73.13
SYN_00470,SYNTHETIC_SIMULATED,True,,,True,VERIFIED,Sugarcane Bagasse,agricultural_residue,48.0,5.8,43.5,0.3,0.05,2.35,15.621148460246646,81.0,16.65,2.0,180.0,19.044,14.619,180.8255342764231,105.0,8.0,353.52,181.47,0.38,57.67,29.77,12.56,86.261,56.65,21.725,14.979,100.0,32.33,54.47,6.88,1.01,3.12,35.49,13.59,8.64,31.89,11.57,2.2,104.3,1149.8,12.0,22.31,41.3,63.61,27.29,42.91,False,99.54,94.03,97.31
SYN_00471,SYNTHETIC_SIMULATED,True,,,True,VERIFIED,Miscanthus,energy_crop,48.5,5.7,42.6,0.6,0.1,2.5,26.261822447002796,79.5,18.0,2.0,200.0,19.191,12.592,320.95996751499393,105.0,8.0,627.25,10.03,0.3,16.57,37.97,45.45,38.801,105.96,112.706,63.71,100.0,47.36,18.04,15.23,12.78,4.57,25.65,97.88,15.72,28.4,12.41,2.24,90.1,1157.5,16.1,73.3,134.22,207.52,357.91,172.47,True,72.45,71.89,72.38
SYN_00472,SYNTHETIC_SIMULATED,True,,,True,VERIFIED,Almond Shells,nut_shells,51.0,6.0,39.5,0.5,0.05,2.95,27.380996657752544,73.5,23.55,2.0,480.0,20.725,13.431,421.35057437948336,105.0,8.0,442.6,7.57,0.76,41.66,40.72,17.62,123.695,145.66,59.493,88.763,100.0,39.79,41.39,10.21,2.47,3.89,32.62,41.21,11.42,27.49,13.69,2.21,102.3,1159.5,17.4,100.88,109.11,209.99,109.43,52.11,False,92.08,85.19,87.88
SYN_00473,SYNTHETIC_SIMULATED,True,,,True,VERIFIED,Pine Sawdust,woody_biomass,51.5,6.3,41.6,0.2,0.05,0.35,27.112654884302398,82.5,17.15,2.0,420.0,21.095,13.711,437.3590703527305,105.0,8.0,392.81,45.41,0.3,50.07,35.75,14.18,157.368,136.278,51.262,90.86,100.0,35.1,49.77,8.08,1.4,3.43,34.49,33.07,9.66,29.22,13.52,2.2,104.8,1155.7,15.0,103.55,97.36,200.92,74.26,36.96,False,100.35,92.26,95.16
SYN_00474,SYNTHETIC_SIMULATED,True,,,True,VERIFIED,Beech Wood,woody_biomass,49.5,6.1,43.8,0.2,0.02,0.38,19.591237675215204,84.0,15.62,2.0,460.0,19.93,14.477,54.280829502730086,105.0,8.0,612.54,86.96,0.19,13.84,42.95,43.21,5.958,21.565,19.779,6.839,100.0,47.43,18.87,15.12,11.98,4.57,26.0,17.04,15.6,26.82,13.23,2.23,92.9,1161.0,18.4,8.82,23.97,32.8,61.83,188.51,True,73.34,72.28,72.97
SYN_00475,SYNTHETIC_SIMULATED,True,,,True,VERIFIED,Olive Pomace,agricultural_residue,50.2,6.2,39.8,1.4,0.1,2.3,14.561436936133932,76.5,21.2,2.0,550.0,20.655,16.136,218.9493113284011,105.0,8.0,358.29,575.88,0.7,58.47,28.85,12.69,107.564,68.83,26.58,15.615,100.0,32.57,54.07,6.98,1.04,3.14,35.4,16.8,8.72,32.38,12.52,2.21,103.2,1148.8,11.5,24.73,51.25,75.98,34.1,44.88,False,99.66,94.91,97.46
SYN_00476,SYNTHETIC_SIMULATED,True,,,True,VERIFIED,Wheat Straw,agricultural_residue,46.5,5.9,41.2,0.7,0.1,5.6,23.467474789141576,75.0,19.4,2.0,220.0,18.806,12.835,431.50902103572196,105.0,8.0,501.65,352.41,28.39,27.42,48.07,24.51,88.685,181.432,88.989,72.547,100.0,44.57,31.47,12.63,4.79,4.31,30.16,65.74,13.41,25.48,12.69,2.21,100.5,1163.9,20.6,86.65,137.85,224.5,205.04,91.33,False,79.26,77.48,79.07
SYN_00477,SYNTHETIC_SIMULATED,True,,,True,VERIFIED,Rice Husk,agricultural_residue,39.5,5.1,36.5,0.4,0.1,18.4,23.70302768522547,63.5,18.1,2.0,340.0,15.64,10.505,269.8477886573687,105.0,8.0,511.27,761.93,0.34,35.95,40.12,23.93,73.038,97.275,53.831,46.059,100.0,45.15,30.0,12.97,5.3,4.36,29.75,40.15,13.69,27.68,10.17,2.22,97.1,1159.1,17.1,54.81,88.05,142.87,127.85,89.48,False,79.02,76.41,78.47
SYN_00478,SYNTHETIC_SIMULATED,True,,,True,VERIFIED,Sugarcane Bagasse,agricultural_residue,48.0,5.8,43.5,0.3,0.05,2.35,25.622129547180123,81.0,16.65,2.0,180.0,19.044,12.597,108.51019429446856,105.0,8.0,537.6,26.26,2.04,20.85,49.16,29.99,16.557,45.149,25.884,20.785,100.0,46.47,26.07,13.84,6.98,4.47,28.59,20.44,14.42,25.23,12.94,2.22,98.9,1164.5,21.1,24.1,37.02,61.12,68.56,112.17,True,79.14,78.32,79.63
SYN_00479,SYNTHETIC_SIMULATED,True,,,True,VERIFIED,Miscanthus,energy_crop,48.5,5.7,42.6,0.6,0.1,2.5,27.962332266521667,79.5,18.0,2.0,200.0,19.191,12.246,62.17321079498201,105.0,8.0,593.14,143.28,2.67,16.39,42.71,40.89,7.23,21.796,19.363,13.49,100.0,47.44,20.09,14.94,10.89,4.57,26.49,16.27,15.42,26.89,12.73,2.23,93.7,1160.9,18.3,15.24,23.64,38.88,58.37,150.14,True,74.05,72.9,73.71
SYN_00480,SYNTHETIC_SIMULATED,True,,,True,VERIFIED,Almond Shells,nut_shells,51.0,6.0,39.5,0.5,0.05,2.95,6.888245668657984,73.5,23.55,2.0,480.0,20.725,17.91,65.48550379235947,105.0,6.888245668657984,596.17,253.52,8.48,17.11,39.08,43.81,10.237,27.162,27.854,0.0,100.0,47.45,19.83,14.98,11.12,4.57,26.39,23.65,15.46,26.01,14.02,2.23,94.6,1162.8,19.7,0.0,32.2,32.2,85.04,264.1,True,69.97,69.51,69.67
SYN_00481,SYNTHETIC_SIMULATED,True,,,True,VERIFIED,Pine Sawdust,woody_biomass,51.5,6.3,41.6,0.2,0.05,0.35,16.608328936116983,82.5,17.15,2.0,420.0,21.095,16.039,240.15789326360365,105.0,8.0,696.23,364.71,0.23,12.48,31.91,55.61,24.615,78.024,114.212,22.471,100.0,46.89,15.48,15.54,15.6,4.57,24.47,104.98,16.08,30.85,13.16,2.25,83.4,1152.1,13.1,31.97,132.9,164.87,392.56,238.1,True,68.7,68.23,68.04
SYN_00482,SYNTHETIC_SIMULATED,True,,,True,VERIFIED,Beech Wood,woody_biomass,49.5,6.1,43.8,0.2,0.02,0.38,7.554481286727844,84.0,15.62,2.0,460.0,19.93,17.009,494.05066390065195,105.0,7.554481286727844,537.69,35.01,2.79,18.76,50.71,30.53,85.117,253.845,149.94,0.0,100.0,46.53,25.85,13.88,7.09,4.48,28.52,118.04,14.46,24.21,13.79,2.21,100.2,1166.7,23.0,0.0,209.78,209.78,396.96,189.22,True,77.69,77.63,78.62
SYN_00483,SYNTHETIC_SIMULATED,True,,,True,VERIFIED,Olive Pomace,agricultural_residue,50.2,6.2,39.8,1.4,0.1,2.3,21.578497178668787,76.5,21.2,2.0,550.0,20.655,14.61,243.89623623936168,105.0,8.0,541.78,70.26,1.45,20.1,49.06,30.84,37.992,104.821,63.149,35.997,100.0,46.65,25.38,13.98,7.33,4.49,28.37,50.09,14.54,25.25,14.1,2.22,98.6,1164.5,21.0,44.43,88.93,133.36,169.44,127.05,True,77.72,77.2,77.82
SYN_00484,SYNTHETIC_SIMULATED,True,,,True,VERIFIED,Wheat Straw,agricultural_residue,46.5,5.9,41.2,0.7,0.1,5.6,21.093969416379444,75.0,19.4,2.0,220.0,18.806,13.308,121.75192918373732,105.0,8.0,436.3,237.35,0.14,40.92,42.25,16.84,39.05,47.109,17.96,17.328,100.0,39.05,42.78,9.86,2.26,3.82,32.94,12.34,11.13,27.02,12.38,2.21,103.7,1160.6,18.1,21.6,33.48,55.08,31.94,57.99,False,87.43,81.55,84.48
SYN_00485,SYNTHETIC_SIMULATED,True,,,True,VERIFIED,Rice Husk,agricultural_residue,39.5,5.1,36.5,0.4,0.1,18.4,21.140922341458534,63.5,18.1,2.0,340.0,15.64,10.94,73.62949501828034,105.0,8.0,727.37,14.65,0.41,29.0,15.96,55.04,16.703,13.614,32.509,10.517,100.0,46.74,14.93,15.61,16.23,4.58,24.22,30.11,16.16,43.03,7.49,2.3,67.4,1125.3,5.0,13.1,41.12,54.22,113.15,208.71,True,68.23,67.06,67.64
SYN_00486,SYNTHETIC_SIMULATED,True,,,True,VERIFIED,Sugarcane Bagasse,agricultural_residue,48.0,5.8,43.5,0.3,0.05,2.35,27.064186337694203,81.0,16.65,2.0,180.0,19.044,12.306,106.70144346080833,105.0,8.0,685.99,34.48,30.19,14.78,17.37,67.85,11.296,19.891,53.439,22.111,100.0,46.95,15.72,15.51,15.31,4.57,24.59,48.87,16.04,41.36,9.62,2.29,71.2,1129.0,5.4,25.21,50.48,75.69,182.35,240.91,True,65.32,64.47,64.33
SYN_00487,SYNTHETIC_SIMULATED,True,,,True,VERIFIED,Miscanthus,energy_crop,48.5,5.7,42.6,0.6,0.1,2.5,10.645865553839446,79.5,18.0,2.0,200.0,19.191,15.776,230.080210701418,105.0,8.0,624.06,8.42,23.54,16.71,30.24,53.05,33.632,77.162,113.054,6.617,100.0,47.37,18.14,15.22,12.68,4.57,25.69,97.96,15.71,31.66,11.74,2.25,86.1,1150.4,12.2,17.1,116.11,133.21,357.87,268.65,True,67.96,67.47,67.7
SYN_00488,SYNTHETIC_SIMULATED,True,,,True,VERIFIED,Almond Shells,nut_shells,51.0,6.0,39.5,0.5,0.05,2.95,20.89383833947899,73.5,23.55,2.0,480.0,20.725,14.849,165.3561320114154,105.0,8.0,698.47,109.65,2.3,15.21,27.14,57.65,19.591,44.677,76.576,23.175,100.0,46.87,15.42,15.55,15.66,4.58,24.45,70.86,16.09,33.35,12.38,2.26,80.3,1146.6,10.6,29.01,87.28,116.29,265.09,227.97,True,66.65,66.07,65.76
SYN_00489,SYNTHETIC_SIMULATED,True,,,True,VERIFIED,Pine Sawdust,woody_biomass,51.5,6.3,41.6,0.2,0.05,0.35,13.810984928779746,82.5,17.15,2.0,420.0,21.095,16.659,357.5213388386126,105.0,8.0,539.36,6.04,3.05,20.25,49.37,30.38,61.18,168.463,102.194,22.582,100.0,46.49,25.99,13.85,7.02,4.48,28.56,79.08,14.44,25.18,14.44,2.22,99.0,1164.6,21.2,37.73,141.58,179.32,265.49,148.06,True,79.23,78.81,79.65
SYN_00490,SYNTHETIC_SIMULATED,True,,,True,VERIFIED,Beech Wood,woody_biomass,49.5,6.1,43.8,0.2,0.02,0.38,14.494991326581328,84.0,15.62,2.0,460.0,19.93,15.549,116.67655598252703,105.0,8.0,474.93,8.58,11.75,30.04,48.97,21.0,29.458,55.951,23.221,8.237,100.0,42.67,35.72,11.61,3.6,4.15,31.26,16.67,12.57,25.27,13.56,2.21,102.3,1164.4,21.0,13.1,38.92,52.03,48.74,93.69,False,86.53,85.24,87.14
SYN_00491,SYNTHETIC_SIMULATED,True,,,True,VERIFIED,Olive Pomace,agricultural_residue,50.2,6.2,39.8,1.4,0.1,2.3,11.343953014911335,76.5,21.2,2.0,550.0,20.655,16.835,109.8027130470735,105.0,8.0,418.66,6.64,11.23,48.34,36.0,15.67,45.892,41.219,16.971,3.991,100.0,37.4,45.75,9.1,1.85,3.66,33.61,11.33,10.51,29.12,13.24,2.21,102.4,1155.9,15.1,8.92,32.2,41.12,27.7,67.36,False,93.6,90.37,92.57
SYN_00492,SYNTHETIC_SIMULATED,True,,,True,VERIFIED,Wheat Straw,agricultural_residue,46.5,5.9,41.2,0.7,0.1,5.6,16.199231584871548,75.0,19.4,2.0,220.0,18.806,14.285,340.17065352042107,105.0,8.0,672.6,11.73,2.55,18.45,27.62,53.93,51.937,99.003,157.894,30.317,100.0,47.04,16.11,15.47,14.87,4.57,24.77,142.85,15.99,33.07,11.15,2.26,82.0,1147.2,10.8,43.92,179.44,223.36,531.28,237.86,True,65.3,64.81,64.84
SYN_00493,SYNTHETIC_SIMULATED,True,,,True,VERIFIED,Rice Husk,agricultural_residue,39.5,5.1,36.5,0.4,0.1,18.4,7.207469340031143,63.5,18.1,2.0,340.0,15.64,13.304,416.8802372601003,105.0,7.207469340031143,730.25,159.63,0.14,28.24,16.67,55.09,108.012,90.856,220.311,0.0,100.0,46.73,14.86,15.62,16.31,4.58,24.18,201.01,16.17,39.97,8.03,2.29,70.8,1132.1,6.0,0.0,275.34,275.34,755.87,274.52,True,66.03,65.93,66.14
SYN_00494,SYNTHETIC_SIMULATED,True,,,True,VERIFIED,Sugarcane Bagasse,agricultural_residue,48.0,5.8,43.5,0.3,0.05,2.35,6.580688537948828,81.0,16.65,2.0,180.0,19.044,16.447,270.93720925620863,105.0,6.580688537948828,388.26,6.69,5.7,55.7,30.41,13.89,137.823,90.974,38.84,0.0,100.0,34.71,50.43,7.91,1.34,3.38,34.63,25.2,9.52,28.55,12.26,2.2,106.2,1157.2,15.9,0.0,75.47,75.47,55.77,73.91,False,96.85,95.13,98.08
SYN_00495,SYNTHETIC_SIMULATED,True,,,True,VERIFIED,Miscanthus,energy_crop,48.5,5.7,42.6,0.6,0.1,2.5,23.738581060003145,79.5,18.0,2.0,200.0,19.191,13.107,325.6957263912909,105.0,8.0,366.83,26.91,2.07,58.82,28.25,12.93,143.931,87.205,35.325,55.717,100.0,33.04,53.27,7.19,1.1,3.2,35.23,22.77,8.9,32.71,11.52,2.21,102.1,1148.0,11.2,66.27,69.63,135.91,47.13,34.68,False,101.56,93.53,96.93
SYN_00496,SYNTHETIC_SIMULATED,True,,,True,VERIFIED,Almond Shells,nut_shells,51.0,6.0,39.5,0.5,0.05,2.95,24.1715860429882,73.5,23.55,2.0,480.0,20.725,14.133,478.3343662878829,105.0,8.0,397.77,339.22,0.12,50.61,35.05,14.33,182.82,152.437,58.72,84.081,100.0,35.47,49.12,8.25,1.47,3.47,34.35,38.07,9.8,29.49,13.24,2.2,103.9,1155.1,14.7,99.38,112.34,211.72,86.73,40.96,False,96.56,89.45,92.26
SYN_00497,SYNTHETIC_SIMULATED,True,,,True,VERIFIED,Pine Sawdust,woody_biomass,51.5,6.3,41.6,0.2,0.05,0.35,15.350126079815688,82.5,17.15,2.0,420.0,21.095,16.318,424.7792430281834,105.0,8.0,421.09,124.42,34.51,41.6,42.62,15.78,147.658,175.967,64.235,33.937,100.0,37.46,45.64,9.13,1.86,3.67,33.59,42.8,10.53,26.91,14.04,2.2,105.5,1160.8,18.3,51.28,119.19,170.47,104.84,61.5,False,93.54,89.73,92.05
SYN_00498,SYNTHETIC_SIMULATED,True,,,True,VERIFIED,Beech Wood,woody_biomass,49.5,6.1,43.8,0.2,0.02,0.38,23.110968332500942,84.0,15.62,2.0,460.0,19.93,13.736,406.4450474429453,105.0,8.0,473.22,26.61,0.14,29.88,49.66,20.45,92.378,176.136,70.946,66.758,100.0,42.27,36.56,11.41,3.41,4.11,31.47,50.72,12.41,25.11,13.59,2.21,103.0,1164.8,21.3,80.19,120.35,200.53,146.33,72.97,False,88.17,84.19,86.55
SYN_00499,SYNTHETIC_SIMULATED,True,,,True,VERIFIED,Olive Pomace,agricultural_residue,50.2,6.2,39.8,1.4,0.1,2.3,11.930174214177942,76.5,21.2,2.0,550.0,20.655,16.708,424.8881842943449,105.0,8.0,532.49,18.67,26.42,22.05,47.06,30.89,81.209,200.211,125.077,18.151,100.0,46.3,26.66,13.71,6.69,4.46,28.77,96.54,14.31,25.72,14.0,2.22,98.5,1163.4,20.2,36.96,169.75,206.7,321.37,155.47,True,77.21,76.81,77.46
SYN_00500,SYNTHETIC_SIMULATED,True,,,True,VERIFIED,Wheat Straw,agricultural_residue,46.5,5.9,41.2,0.7,0.1,5.6,8.761001489989745,75.0,19.4,2.0,220.0,18.806,15.77,132.86241842142147,105.0,8.0,432.0,165.09,0.48,41.15,42.09,16.76,49.146,59.063,22.53,1.099,100.0,38.96,42.94,9.82,2.23,3.81,32.98,15.48,11.1,27.07,12.37,2.21,103.7,1160.5,18.0,7.4,42.13,49.54,39.96,80.68,False,85.44,83.19,85.44
SYN_00501,SYNTHETIC_SIMULATED,True,,,True,VERIFIED,Rice Husk,agricultural_residue,39.5,5.1,36.5,0.4,0.1,18.4,13.883424560507638,63.5,18.1,2.0,340.0,15.64,12.171,151.38619849507165,105.0,8.0,670.5,7.66,0.52,29.62,21.11,49.27,37.812,37.201,66.759,9.681,100.0,47.06,16.18,15.46,14.78,4.57,24.81,59.44,15.98,37.67,8.43,2.27,76.5,1137.1,7.3,16.08,81.61,97.69,220.91,226.14,True,68.75,68.01,68.65
SYN_00502,SYNTHETIC_SIMULATED,True,,,True,VERIFIED,Sugarcane Bagasse,agricultural_residue,48.0,5.8,43.5,0.3,0.05,2.35,10.584024448966396,81.0,16.65,2.0,180.0,19.044,15.638,144.07238244448448,105.0,8.0,488.3,21.44,4.79,28.46,49.28,22.26,36.278,71.916,31.624,4.047,100.0,43.54,33.86,12.06,4.08,4.22,30.79,23.05,12.94,25.2,12.95,2.21,101.7,1164.6,21.1,10.62,51.76,62.37,69.4,111.26,True,82.36,81.78,83.52
SYN_00503,SYNTHETIC_SIMULATED,True,,,True,VERIFIED,Miscanthus,energy_crop,48.5,5.7,42.6,0.6,0.1,2.5,16.50102438533381,79.5,18.0,2.0,200.0,19.191,14.583,381.2596031291649,105.0,8.0,663.86,379.22,0.21,14.78,34.31,50.92,46.628,130.629,165.7,35.229,100.0,47.12,16.47,15.42,14.46,4.57,24.94,150.61,15.94,29.8,12.12,2.24,86.6,1154.5,14.3,50.36,195.56,245.91,558.4,227.07,True,68.42,67.95,68.18
SYN_00504,SYNTHETIC_SIMULATED,True,,,True,VERIFIED,Almond Shells,nut_shells,51.0,6.0,39.5,0.5,0.05,2.95,16.225935845494718,73.5,23.55,2.0,480.0,20.725,15.869,322.2569284947322,105.0,8.0,723.81,130.87,11.41,15.08,14.13,70.78,40.093,58.486,194.222,28.814,100.0,46.76,15.0,15.6,16.15,4.58,24.25,178.9,16.15,45.52,9.68,2.31,64.7,1119.9,5.0,41.69,189.19,230.88,671.85,291.0,True,62.18,61.74,60.97
SYN_00505,SYNTHETIC_SIMULATED,True,,,True,VERIFIED,Pine Sawdust,woody_biomass,51.5,6.3,41.6,0.2,0.05,0.35,21.07955127325593,82.5,17.15,2.0,420.0,21.095,15.048,303.9993089740944,105.0,8.0,518.82,13.11,8.53,22.0,50.34,27.66,52.22,136.441,71.678,43.219,100.0,45.67,28.61,13.29,5.83,4.41,29.35,55.0,13.96,24.96,14.48,2.21,100.3,1165.1,21.6,53.88,105.09,158.97,178.51,112.3,True,81.93,81.45,82.45
SYN_00506,SYNTHETIC_SIMULATED,True,,,True,VERIFIED,Beech Wood,woody_biomass,49.5,6.1,43.8,0.2,0.02,0.38,21.630606435845596,84.0,15.62,2.0,460.0,19.93,14.048,234.85826694139152,105.0,8.0,555.69,151.96,0.37,16.64,50.39,32.96,30.056,104.047,64.741,34.796,100.0,47.0,23.89,14.28,8.17,4.52,27.88,52.27,14.8,24.95,13.63,2.22,98.3,1165.1,21.6,42.9,88.25,131.16,179.95,137.21,True,77.99,77.44,78.41
SYN_00507,SYNTHETIC_SIMULATED,True,,,True,VERIFIED,Olive Pomace,agricultural_residue,50.2,6.2,39.8,1.4,0.1,2.3,21.654593480729453,76.5,21.2,2.0,550.0,20.655,14.593,119.5030348004901,105.0,8.0,448.59,6.88,15.82,40.14,41.98,17.88,36.931,46.049,18.906,17.737,100.0,40.03,40.94,10.32,2.55,3.91,32.52,12.85,11.51,27.1,13.69,2.21,102.6,1160.4,18.0,21.86,33.63,55.49,34.4,61.99,False,90.93,85.89,88.18
SYN_00508,SYNTHETIC_SIMULATED,True,,,True,VERIFIED,Wheat Straw,agricultural_residue,46.5,5.9,41.2,0.7,0.1,5.6,26.644229013349538,75.0,19.4,2.0,220.0,18.806,12.201,296.55968555292424,105.0,8.0,588.74,61.0,0.37,19.61,41.49,38.9,41.046,105.687,88.738,60.099,100.0,47.43,20.44,14.89,10.6,4.56,26.63,74.9,15.37,27.25,12.34,2.23,93.5,1160.1,17.8,68.85,113.61,182.46,267.67,146.7,True,71.93,71.34,71.93
SYN_00509,SYNTHETIC_SIMULATED,True,,,True,VERIFIED,Rice Husk,agricultural_residue,39.5,5.1,36.5,0.4,0.1,18.4,20.209761188254934,63.5,18.1,2.0,340.0,15.64,11.098,481.57640020954966,105.0,8.0,744.95,150.86,1.77,28.21,13.81,57.98,106.263,82.749,228.596,63.912,100.0,46.68,14.71,15.64,16.49,4.59,24.11,210.32,16.19,46.0,6.98,2.31,63.2,1118.8,5.0,81.23,282.3,363.52,792.09,217.89,True,67.07,66.48,66.75
SYN_00510,SYNTHETIC_SIMULATED,True,,,True,VERIFIED,Sugarcane Bagasse,agricultural_residue,48.0,5.8,43.5,0.3,0.05,2.35,8.023793154437843,81.0,16.65,2.0,180.0,19.044,16.156,254.99173421944718,105.0,8.0,481.96,10.15,25.79,30.22,48.16,21.62,70.535,128.518,55.895,0.066,100.0,43.13,34.74,11.85,3.84,4.19,31.01,40.5,12.77,25.46,12.9,2.21,101.6,1164.0,20.7,12.35,92.93,105.28,120.26,114.23,True,83.0,82.53,84.32
SYN_00511,SYNTHETIC_SIMULATED,True,,,True,VERIFIED,Miscanthus,energy_crop,48.5,5.7,42.6,0.6,0.1,2.5,17.173976914365,79.5,18.0,2.0,200.0,19.191,14.445,296.10377765038993,105.0,8.0,452.14,707.53,0.49,34.61,46.98,18.42,83.973,131.941,51.03,29.527,100.0,40.58,39.9,10.58,2.73,3.96,32.27,35.16,11.73,25.74,12.96,2.2,103.9,1163.4,20.2,41.07,89.6,130.67,95.89,73.38,False,87.19,83.76,86.2
SYN_00512,SYNTHETIC_SIMULATED,True,,,True,VERIFIED,Almond Shells,nut_shells,51.0,6.0,39.5,0.5,0.05,2.95,17.28649292023401,73.5,23.55,2.0,480.0,20.725,15.638,174.72237186303857,105.0,8.0,550.78,412.4,10.63,19.86,46.05,34.09,28.31,76.313,52.266,17.637,100.0,46.91,24.31,14.19,7.93,4.51,28.02,41.94,14.73,25.98,14.03,2.22,97.2,1162.9,19.8,24.43,68.68,93.11,143.68,154.31,True,75.17,74.63,75.19
SYN_00513,SYNTHETIC_SIMULATED,True,,,True,VERIFIED,Pine Sawdust,woody_biomass,51.5,6.3,41.6,0.2,0.05,0.35,21.571754024252698,82.5,17.15,2.0,420.0,21.095,14.939,276.20166402672305,105.0,8.0,543.73,79.12,0.35,17.71,50.98,31.31,37.548,123.858,73.379,40.745,100.0,46.75,25.01,14.05,7.53,4.5,28.25,57.92,14.61,24.82,14.52,2.22,99.0,1165.4,21.8,50.3,101.47,151.77,196.77,129.65,True,78.93,78.44,79.19
SYN_00514,SYNTHETIC_SIMULATED,True,,,True,VERIFIED,Beech Wood,woody_biomass,49.5,6.1,43.8,0.2,0.02,0.38,24.378302618970906,84.0,15.62,2.0,460.0,19.93,13.47,379.7652983352085,105.0,8.0,728.76,214.26,25.34,12.24,11.66,76.1,34.246,55.854,220.254,67.608,100.0,46.75,14.95,15.61,16.21,4.58,24.22,204.38,16.16,49.59,8.35,2.33,59.7,1110.9,5.0,79.67,202.87,282.54,767.96,271.8,True,63.7,63.19,62.56
SYN_00515,SYNTHETIC_SIMULATED,True,,,True,VERIFIED,Olive Pomace,agricultural_residue,50.2,6.2,39.8,1.4,0.1,2.3,7.068225666920311,76.5,21.2,2.0,550.0,20.655,17.765,470.3487036965766,105.0,7.068225666920311,455.92,416.21,11.93,34.61,46.78,18.62,148.369,227.412,89.859,0.0,100.0,40.77,39.54,10.67,2.8,3.98,32.19,63.28,11.8,24.31,14.31,2.2,105.8,1166.5,22.8,0.0,159.59,159.59,173.68,108.82,True,85.96,85.9,87.25
SYN_00516,SYNTHETIC_SIMULATED,True,,,True,VERIFIED,Wheat Straw,agricultural_residue,46.5,5.9,41.2,0.7,0.1,5.6,22.6261824381831,75.0,19.4,2.0,220.0,18.806,13.003,334.037874731093,105.0,8.0,431.73,88.58,0.11,42.47,41.13,16.41,107.973,122.975,47.454,53.105,100.0,38.53,43.72,9.62,2.12,3.77,33.16,32.15,10.94,27.36,12.31,2.21,103.8,1159.8,17.6,64.3,88.64,152.95,81.76,53.46,False,88.6,82.16,85.22
SYN_00517,SYNTHETIC_SIMULATED,True,,,True,VERIFIED,Rice Husk,agricultural_residue,39.5,5.1,36.5,0.4,0.1,18.4,13.38664849587392,63.5,18.1,2.0,340.0,15.64,12.255,98.33679834200082,105.0,8.0,711.88,67.62,13.75,28.48,4.37,67.15,23.7,10.613,58.216,5.758,100.0,46.82,15.21,15.57,15.91,4.58,24.35,53.06,16.12,70.56,2.69,2.44,35.2,1064.8,5.0,9.97,58.13,68.1,198.88,292.04,True,63.26,62.37,62.46
SYN_00518,SYNTHETIC_SIMULATED,True,,,True,VERIFIED,Sugarcane Bagasse,agricultural_residue,48.0,5.8,43.5,0.3,0.05,2.35,12.788848482918176,81.0,16.65,2.0,180.0,19.044,15.192,110.10762030910496,105.0,8.0,516.57,739.08,15.61,22.3,50.13,27.57,21.21,54.402,28.722,5.731,100.0,45.52,29.02,13.19,5.67,4.39,29.47,21.85,13.88,25.01,12.99,2.21,100.3,1165.0,21.5,10.51,41.76,52.27,70.52,134.92,True,78.32,77.64,79.03
SYN_00519,SYNTHETIC_SIMULATED,True,,,True,VERIFIED,Miscanthus,energy_crop,48.5,5.7,42.6,0.6,0.1,2.5,24.082898305054492,79.5,18.0,2.0,200.0,19.191,13.037,299.32120621246804,105.0,8.0,420.67,68.45,0.14,43.24,40.94,15.82,97.424,109.286,40.813,52.326,100.0,37.61,45.38,9.2,1.89,3.68,33.53,27.05,10.59,27.42,12.62,2.2,104.6,1159.7,17.5,61.92,75.69,137.62,66.62,48.41,False,93.4,86.3,89.51
SYN_00520,SYNTHETIC_SIMULATED,True,,,True,VERIFIED,Almond Shells,nut_shells,51.0,6.0,39.5,0.5,0.05,2.95,21.879907361017015,73.5,23.55,2.0,480.0,20.725,14.633,352.09514138987254,105.0,8.0,462.05,729.21,20.92,33.32,47.17,19.51,91.22,147.095,59.445,53.12,100.0,41.6,37.91,11.07,3.11,4.05,31.8,42.15,12.13,25.7,14.09,2.21,102.9,1163.5,20.3,65.19,103.7,168.89,118.94,70.43,False,86.46,82.49,84.54
SYN_00521,SYNTHETIC_SIMULATED,True,,,True,VERIFIED,Pine Sawdust,woody_biomass,51.5,6.3,41.6,0.2,0.05,0.35,10.627849433075731,82.5,17.15,2.0,420.0,21.095,17.365,436.21886329861167,105.0,8.0,604.83,35.49,6.83,14.62,40.36,45.02,56.523,184.396,182.778,12.46,100.0,47.44,19.29,15.06,11.6,4.57,26.17,156.87,15.54,27.6,13.89,2.23,92.2,1159.3,17.2,32.34,211.07,243.4,567.01,232.95,True,72.03,71.65,71.84
SYN_00522,SYNTHETIC_SIMULATED,True,,,True,VERIFIED,Beech Wood,woody_biomass,49.5,6.1,43.8,0.2,0.02,0.38,8.801221298218184,84.0,15.62,2.0,460.0,19.93,16.747,71.97146097496953,105.0,8.0,716.01,49.37,0.12,12.62,30.11,57.27,8.169,24.34,38.389,0.627,100.0,46.8,15.13,15.58,16.0,4.58,24.31,35.59,16.13,31.72,12.18,2.26,81.5,1150.2,12.1,4.04,45.23,49.26,133.51,271.02,True,67.34,66.57,66.69
SYN_00523,SYNTHETIC_SIMULATED,True,,,True,VERIFIED,Olive Pomace,agricultural_residue,50.2,6.2,39.8,1.4,0.1,2.3,12.511171594438515,76.5,21.2,2.0,550.0,20.655,16.582,84.29877686792676,105.0,8.0,532.69,13.87,0.42,22.35,48.74,28.91,16.228,40.217,23.17,4.134,100.0,46.27,26.76,13.69,6.64,4.46,28.8,17.91,14.3,25.32,14.08,2.22,99.1,1164.3,20.9,7.82,33.39,41.21,59.55,144.5,True,77.99,77.28,78.07
SYN_00524,SYNTHETIC_SIMULATED,True,,,True,VERIFIED,Wheat Straw,agricultural_residue,46.5,5.9,41.2,0.7,0.1,5.6,19.532012345181595,75.0,19.4,2.0,220.0,18.806,13.62,124.50238770782138,105.0,8.0,580.82,17.91,2.51,20.68,41.27,38.06,20.666,47.512,40.07,15.606,100.0,47.39,21.15,14.77,10.04,4.56,26.9,33.43,15.26,27.32,12.32,2.23,93.8,1159.9,17.7,20.17,51.29,71.46,118.62,166.0,True,71.43,70.71,71.4
SYN_00525,SYNTHETIC_SIMULATED,True,,,True,VERIFIED,Rice Husk,agricultural_residue,39.5,5.1,36.5,0.4,0.1,18.4,20.69330796552974,63.5,18.1,2.0,340.0,15.64,11.016,388.4281483038248,105.0,8.0,479.67,63.62,0.17,40.52,39.3,20.18,121.978,141.384,69.055,53.592,100.0,43.05,34.91,11.81,3.8,4.18,31.06,49.14,12.73,27.94,10.13,2.22,98.3,1158.5,16.7,67.37,121.72,189.09,145.54,76.97,False,80.0,75.72,78.39
SYN_00526,SYNTHETIC_SIMULATED,True,,,True,VERIFIED,Sugarcane Bagasse,agricultural_residue,48.0,5.8,43.5,0.3,0.05,2.35,17.76851456153654,81.0,16.65,2.0,180.0,19.044,14.185,133.38197307203382,105.0,8.0,432.67,121.69,8.34,39.3,44.04,16.66,42.192,54.711,20.304,14.162,100.0,38.67,43.47,9.68,2.15,3.78,33.1,13.94,10.99,26.51,12.68,2.2,104.8,1161.7,18.9,19.28,37.78,57.06,35.63,62.44,False,90.2,85.45,88.33
SYN_00527,SYNTHETIC_SIMULATED,True,,,True,VERIFIED,Miscanthus,energy_crop,48.5,5.7,42.6,0.6,0.1,2.5,17.260186678870294,79.5,18.0,2.0,200.0,19.191,14.428,447.72621179160996,105.0,8.0,372.22,23.97,12.74,57.51,29.29,13.2,208.779,134.845,53.544,45.066,100.0,33.54,52.44,7.4,1.16,3.26,35.06,34.87,9.08,32.15,11.64,2.21,102.3,1149.3,11.7,62.49,106.2,168.69,73.63,43.65,False,99.41,93.65,96.84
SYN_00528,SYNTHETIC_SIMULATED,True,,,True,VERIFIED,Almond Shells,nut_shells,51.0,6.0,39.5,0.5,0.05,2.95,11.874600235377805,73.5,23.55,2.0,480.0,20.725,16.82,456.20062519355906,105.0,8.0,560.65,114.7,9.01,19.11,45.07,35.82,76.308,210.193,150.336,19.213,100.0,47.13,23.21,14.41,8.59,4.53,27.65,123.76,14.92,26.23,13.97,2.22,96.3,1162.3,19.4,39.43,195.67,235.1,429.37,182.63,True,73.62,73.23,73.67
SYN_00529,SYNTHETIC_SIMULATED,True,,,True,VERIFIED,Pine Sawdust,woody_biomass,51.5,6.3,41.6,0.2,0.05,0.35,14.51912009254022,82.5,17.15,2.0,420.0,21.095,16.502,476.62743125025406,105.0,8.0,462.1,400.33,16.24,30.48,49.95,19.57,121.498,229.641,88.412,33.774,100.0,41.55,38.01,11.05,3.1,4.05,31.82,62.89,12.11,25.05,14.46,2.21,103.9,1164.9,21.4,53.63,153.37,207.01,177.16,85.58,False,87.18,85.42,87.12
SYN_00530,SYNTHETIC_SIMULATED,True,,,True,VERIFIED,Beech Wood,woody_biomass,49.5,6.1,43.8,0.2,0.02,0.38,8.896347929316411,84.0,15.62,2.0,460.0,19.93,16.727,433.5315057977594,105.0,8.0,533.28,719.1,35.47,18.87,50.54,30.58,73.455,224.381,131.816,4.224,100.0,46.21,26.94,13.65,6.56,4.45,28.86,101.1,14.26,24.92,13.64,2.21,99.7,1165.2,21.6,24.73,178.24,202.97,335.34,165.22,True,77.84,77.44,78.52
SYN_00531,SYNTHETIC_SIMULATED,True,,,True,VERIFIED,Olive Pomace,agricultural_residue,50.2,6.2,39.8,1.4,0.1,2.3,12.823751807974585,76.5,21.2,2.0,550.0,20.655,16.514,60.67278982341789,105.0,8.0,364.43,731.84,13.23,57.39,29.74,12.88,29.994,19.398,7.539,3.181,100.0,32.93,53.47,7.13,1.08,3.19,35.28,4.84,8.86,31.91,12.63,2.21,103.5,1149.8,11.9,5.81,14.74,20.56,9.98,48.53,False,98.81,94.14,96.68
SYN_00532,SYNTHETIC_SIMULATED,True,,,True,VERIFIED,Wheat Straw,agricultural_residue,46.5,5.9,41.2,0.7,0.1,5.6,18.328510102603374,75.0,19.4,2.0,220.0,18.806,13.86,177.9528576764613,105.0,8.0,363.16,13.56,24.85,62.45,24.8,12.75,90.965,46.973,20.521,19.978,100.0,32.9,53.52,7.12,1.08,3.18,35.29,13.01,8.85,34.84,10.79,2.22,99.0,1143.3,9.3,26.71,40.46,67.18,26.76,39.83,False,98.17,91.66,94.92
SYN_00533,SYNTHETIC_SIMULATED,True,,,True,VERIFIED,Rice Husk,agricultural_residue,39.5,5.1,36.5,0.4,0.1,18.4,23.55847213723004,63.5,18.1,2.0,340.0,15.64,10.529,499.11244888140783,105.0,8.0,618.37,13.45,9.1,30.18,23.6,46.21,114.258,117.012,178.978,84.407,100.0,47.39,18.35,15.19,12.48,4.57,25.78,157.61,15.68,35.69,8.77,2.26,81.2,1141.5,8.7,100.67,213.74,314.41,574.74,182.8,True,71.54,70.92,71.64
SYN_00534,SYNTHETIC_SIMULATED,True,,,True,VERIFIED,Sugarcane Bagasse,agricultural_residue,48.0,5.8,43.5,0.3,0.05,2.35,6.185100525955262,81.0,16.65,2.0,180.0,19.044,16.527,85.49352751960093,105.0,6.185100525955262,530.43,42.11,14.24,21.15,48.38,30.47,16.973,42.971,26.104,0.0,100.0,46.24,26.87,13.67,6.59,4.45,28.83,20.37,14.28,22.55,13.49,2.21,102.8,1170.4,26.5,0.0,35.81,35.81,67.61,188.81,True,76.3,75.92,77.1
SYN_00535,SYNTHETIC_SIMULATED,True,,,True,VERIFIED,Miscanthus,energy_crop,48.5,5.7,42.6,0.6,0.1,2.5,12.520402215446204,79.5,18.0,2.0,200.0,19.191,15.394,305.6046791456796,105.0,8.0,729.49,37.36,0.2,14.72,26.88,58.41,38.243,91.351,160.161,15.016,100.0,46.74,14.9,15.62,16.27,4.58,24.2,148.15,16.16,33.51,11.35,2.27,78.6,1146.3,10.4,28.36,190.26,218.62,556.92,254.75,True,65.73,65.26,65.24
SYN_00536,SYNTHETIC_SIMULATED,True,,,True,VERIFIED,Almond Shells,nut_shells,51.0,6.0,39.5,0.5,0.05,2.95,22.187389096780976,73.5,23.55,2.0,480.0,20.725,14.566,61.887515460605606,105.0,8.0,387.86,12.19,4.67,57.46,28.75,13.79,27.456,17.282,7.395,9.544,100.0,34.59,50.65,7.86,1.32,3.37,34.68,4.76,9.47,32.44,12.59,2.21,100.6,1148.6,11.4,11.65,14.42,26.07,10.48,40.2,False,99.52,92.33,95.18
SYN_00537,SYNTHETIC_SIMULATED,True,,,True,VERIFIED,Pine Sawdust,woody_biomass,51.5,6.3,41.6,0.2,0.05,0.35,19.74006402653236,82.5,17.15,2.0,420.0,21.095,15.345,108.43977669386798,105.0,8.0,383.93,7.94,1.13,55.51,30.7,13.79,47.789,32.783,13.424,13.838,100.0,34.45,50.88,7.8,1.3,3.36,34.73,8.63,9.42,31.42,13.03,2.21,102.2,1150.9,12.5,17.79,25.93,43.71,18.91,43.26,False,101.39,95.34,98.09
SYN_00538,SYNTHETIC_SIMULATED,True,,,True,VERIFIED,Beech Wood,woody_biomass,49.5,6.1,43.8,0.2,0.02,0.38,27.03598095755379,84.0,15.62,2.0,460.0,19.93,12.91,158.5586345298309,105.0,8.0,709.84,222.59,0.56,12.32,30.45,57.23,14.048,43.751,67.167,32.808,100.0,46.82,15.23,15.57,15.89,4.58,24.36,62.6,16.11,31.55,12.22,2.26,82.0,1150.6,12.3,37.42,78.81,116.23,234.59,201.83,True,69.76,69.07,69.14
SYN_00539,SYNTHETIC_SIMULATED,True,,,True,VERIFIED,Olive Pomace,agricultural_residue,50.2,6.2,39.8,1.4,0.1,2.3,10.27641784400566,76.5,21.2,2.0,550.0,20.655,17.067,356.75061576984206,105.0,8.0,562.49,15.83,6.01,19.26,44.88,35.87,60.58,162.718,121.273,8.827,100.0,47.19,22.86,14.47,8.82,4.54,27.52,99.08,14.98,26.28,13.87,2.22,96.1,1162.2,19.3,25.21,157.06,182.27,345.14,189.36,True,74.29,73.89,74.3
SYN_00540,SYNTHETIC_SIMULATED,True,,,True,VERIFIED,Wheat Straw,agricultural_residue,46.5,5.9,41.2,0.7,0.1,5.6,23.76107430040651,75.0,19.4,2.0,220.0,18.806,12.776,439.25420055794905,105.0,8.0,479.7,25.33,0.27,32.39,46.4,21.21,107.969,177.318,79.056,75.251,100.0,43.02,34.99,11.79,3.78,4.18,31.08,56.55,12.72,25.89,12.61,2.21,101.1,1163.0,19.9,89.48,132.16,221.64,167.27,75.47,False,82.66,78.65,80.96
SYN_00541,SYNTHETIC_SIMULATED,True,,,True,VERIFIED,Rice Husk,agricultural_residue,39.5,5.1,36.5,0.4,0.1,18.4,11.110037033742426,63.5,18.1,2.0,340.0,15.64,12.642,268.49733308423276,105.0,8.0,452.75,58.34,0.46,45.94,36.76,17.3,107.538,104.267,45.886,9.076,100.0,40.54,39.97,10.56,2.72,3.96,32.29,31.66,11.71,28.83,9.97,2.21,99.7,1156.6,15.5,21.18,87.08,108.26,86.24,79.66,False,79.62,76.69,79.21
SYN_00542,SYNTHETIC_SIMULATED,True,,,True,VERIFIED,Sugarcane Bagasse,agricultural_residue,48.0,5.8,43.5,0.3,0.05,2.35,6.8019665745143065,81.0,16.65,2.0,180.0,19.044,16.403,487.9282219921105,105.0,6.8019665745143065,527.64,16.49,35.84,22.47,48.1,29.43,100.533,238.643,141.948,0.0,100.0,45.99,27.64,13.5,6.24,4.43,29.07,110.99,14.14,23.59,13.28,2.21,101.7,1168.1,24.2,0.0,201.02,201.02,364.87,181.51,True,77.2,77.13,78.31
SYN_00543,SYNTHETIC_SIMULATED,True,,,True,VERIFIED,Miscanthus,energy_crop,48.5,5.7,42.6,0.6,0.1,2.5,24.58155636640517,79.5,18.0,2.0,200.0,19.191,12.935,413.4804952235805,105.0,8.0,356.13,82.72,0.15,58.39,29.01,12.59,176.009,114.509,44.184,74.523,100.0,32.4,54.35,6.91,1.02,3.12,35.46,27.79,8.66,32.29,11.61,2.21,103.6,1149.0,11.6,87.57,84.71,172.28,55.99,32.5,False,101.67,93.32,96.75
SYN_00544,SYNTHETIC_SIMULATED,True,,,True,VERIFIED,Almond Shells,nut_shells,51.0,6.0,39.5,0.5,0.05,2.95,27.723687814238023,73.5,23.55,2.0,480.0,20.725,13.356,195.72306721508826,105.0,8.0,599.88,11.71,43.24,18.16,34.62,47.22,25.08,59.308,68.631,41.961,100.0,47.45,19.59,15.02,11.33,4.57,26.29,59.03,15.5,29.67,13.2,2.24,89.8,1154.7,14.5,47.52,75.82,123.35,212.76,172.49,True,72.2,71.59,71.7
SYN_00545,SYNTHETIC_SIMULATED,True,,,True,VERIFIED,Pine Sawdust,woody_biomass,51.5,6.3,41.6,0.2,0.05,0.35,17.19165820804558,82.5,17.15,2.0,420.0,21.095,15.91,366.3739225272806,105.0,8.0,367.03,15.35,0.12,58.26,28.65,13.09,173.037,108.877,44.456,36.604,100.0,33.21,52.99,7.26,1.12,3.22,35.17,28.19,8.96,32.49,12.79,2.21,102.2,1148.5,11.4,50.89,85.72,136.61,58.75,43.01,False,102.38,97.14,99.85
SYN_00546,SYNTHETIC_SIMULATED,True,,,True,VERIFIED,Beech Wood,woody_biomass,49.5,6.1,43.8,0.2,0.02,0.38,27.21402115181709,84.0,15.62,2.0,460.0,19.93,12.873,111.25508398147872,105.0,8.0,470.91,85.8,0.27,29.1,50.71,20.2,23.403,46.179,18.428,23.235,100.0,42.07,36.97,11.31,3.32,4.09,31.57,12.98,12.32,24.88,13.64,2.21,103.6,1165.3,21.7,26.45,30.99,57.44,37.2,64.76,False,88.76,82.88,85.58
SYN_00547,SYNTHETIC_SIMULATED,True,,,True,VERIFIED,Olive Pomace,agricultural_residue,50.2,6.2,39.8,1.4,0.1,2.3,27.129566077916923,76.5,21.2,2.0,550.0,20.655,13.403,389.78361190401495,105.0,8.0,442.97,187.15,41.73,37.3,45.08,17.62,102.824,145.853,55.8,81.048,100.0,39.76,41.46,10.19,2.46,3.89,32.64,38.57,11.41,26.23,13.88,2.2,104.1,1162.3,19.4,92.35,101.18,193.54,102.31,52.87,False,90.81,84.02,86.59
SYN_00548,SYNTHETIC_SIMULATED,True,,,True,VERIFIED,Wheat Straw,agricultural_residue,46.5,5.9,41.2,0.7,0.1,5.6,12.757087942032047,75.0,19.4,2.0,220.0,18.806,14.973,232.29981269748748,105.0,8.0,704.93,111.49,1.62,17.2,25.53,57.27,34.067,66.351,119.428,12.012,100.0,46.84,15.29,15.56,15.81,4.58,24.39,109.23,16.11,34.36,10.89,2.27,78.8,1144.4,9.7,22.1,137.09,159.19,409.12,257.0,True,63.32,62.8,62.69
SYN_00549,SYNTHETIC_SIMULATED,True,,,True,VERIFIED,Rice Husk,agricultural_residue,39.5,5.1,36.5,0.4,0.1,18.4,23.86664687648712,63.5,18.1,2.0,340.0,15.64,10.477,234.4143961305716,105.0,8.0,706.72,270.4,0.15,28.35,18.9,52.74,49.157,46.799,95.487,40.428,100.0,46.85,15.32,15.56,15.78,4.58,24.4,88.27,16.1,39.73,8.07,2.28,72.4,1132.6,6.1,47.99,120.29,168.28,330.51,196.41,True,69.4,68.66,69.16
SYN_00550,SYNTHETIC_SIMULATED,True,,,True,VERIFIED,Sugarcane Bagasse,agricultural_residue,48.0,5.8,43.5,0.3,0.05,2.35,6.762417808198533,81.0,16.65,2.0,180.0,19.044,16.411,350.54996741735437,105.0,6.762417808198533,364.5,16.43,1.13,59.94,27.23,12.83,192.648,107.568,46.718,0.0,100.0,32.85,53.6,7.1,1.07,3.18,35.3,29.49,8.83,30.51,11.86,2.2,105.7,1152.9,13.5,0.0,90.05,90.05,60.55,67.24,False,99.09,97.15,100.25
SYN_00551,SYNTHETIC_SIMULATED,True,,,True,VERIFIED,Miscanthus,energy_crop,48.5,5.7,42.6,0.6,0.1,2.5,15.691585880531395,79.5,18.0,2.0,200.0,19.191,14.748,344.6475203314434,105.0,8.0,491.68,686.18,0.25,26.66,50.7,22.64,76.295,164.588,72.853,28.814,100.0,43.8,33.27,12.2,4.24,4.25,30.63,53.19,13.06,24.88,13.14,2.21,101.9,1165.3,21.7,42.77,117.84,160.61,161.56,100.59,True,82.01,81.53,83.09
SYN_00552,SYNTHETIC_SIMULATED,True,,,True,VERIFIED,Almond Shells,nut_shells,51.0,6.0,39.5,0.5,0.05,2.95,15.436291329482936,73.5,23.55,2.0,480.0,20.725,16.042,122.46703975248941,105.0,8.0,403.49,682.56,1.25,48.92,36.39,14.7,49.804,44.637,17.214,9.899,100.0,36.03,48.15,8.5,1.57,3.52,34.14,11.22,10.0,28.97,13.36,2.2,104.1,1156.3,15.3,14.89,32.72,47.61,26.1,54.81,False,93.98,89.43,91.9
SYN_00553,SYNTHETIC_SIMULATED,True,,,True,VERIFIED,Pine Sawdust,woody_biomass,51.5,6.3,41.6,0.2,0.05,0.35,25.97913253434974,82.5,17.15,2.0,420.0,21.095,13.963,434.79715896011453,105.0,8.0,394.86,20.6,3.85,51.14,34.6,14.27,163.459,135.188,51.673,84.97,100.0,35.23,49.54,8.14,1.43,3.44,34.44,33.51,9.71,29.68,13.42,2.2,103.9,1154.7,14.4,98.08,98.78,196.87,75.63,38.41,False,100.55,92.89,95.74
SYN_00554,SYNTHETIC_SIMULATED,True,,,True,VERIFIED,Beech Wood,woody_biomass,49.5,6.1,43.8,0.2,0.02,0.38,15.853446096535976,84.0,15.62,2.0,460.0,19.93,15.263,187.09007240292544,105.0,8.0,718.29,162.14,0.33,12.27,29.84,57.89,19.189,58.458,95.506,15.971,100.0,46.78,15.06,15.59,16.08,4.58,24.28,86.37,16.14,31.86,12.15,2.26,81.1,1149.9,12.0,23.51,109.44,132.95,324.19,243.83,True,67.83,67.29,67.3
SYN_00555,SYNTHETIC_SIMULATED,True,,,True,VERIFIED,Olive Pomace,agricultural_residue,50.2,6.2,39.8,1.4,0.1,2.3,24.2656878352694,76.5,21.2,2.0,550.0,20.655,14.026,483.234732226895,105.0,8.0,565.33,14.41,3.78,19.26,45.26,35.48,69.807,190.004,137.649,85.436,100.0,47.2,22.78,14.49,8.88,4.54,27.49,112.3,14.99,26.18,13.89,2.22,96.2,1162.4,19.4,100.84,179.92,280.76,391.56,139.46,True,76.42,75.95,76.39
SYN_00556,SYNTHETIC_SIMULATED,True,,,True,VERIFIED,Wheat Straw,agricultural_residue,46.5,5.9,41.2,0.7,0.1,5.6,24.343394288179418,75.0,19.4,2.0,220.0,18.806,12.66,127.95615151438193,105.0,8.0,479.03,182.9,6.9,31.19,47.7,21.11,29.813,52.629,22.828,22.731,100.0,42.95,35.14,11.75,3.74,4.17,31.12,16.29,12.69,25.57,12.68,2.21,101.6,1163.7,20.5,26.8,38.12,64.92,48.08,74.07,False,82.24,77.73,80.15
SYN_00557,SYNTHETIC_SIMULATED,True,,,True,VERIFIED,Rice Husk,agricultural_residue,39.5,5.1,36.5,0.4,0.1,18.4,13.46521870564612,63.5,18.1,2.0,340.0,15.64,12.242,189.47832460191384,105.0,8.0,408.57,596.83,0.4,54.89,31.02,14.09,88.318,62.359,25.431,11.256,100.0,36.41,47.49,8.66,1.64,3.56,33.99,16.95,10.14,31.27,9.55,2.21,100.3,1151.2,12.6,19.35,52.49,71.84,39.98,55.65,False,82.04,76.42,79.81
SYN_00558,SYNTHETIC_SIMULATED,True,,,True,VERIFIED,Sugarcane Bagasse,agricultural_residue,48.0,5.8,43.5,0.3,0.05,2.35,25.892713628104538,81.0,16.65,2.0,180.0,19.044,12.542,212.88197408870496,105.0,8.0,379.12,125.18,0.44,53.31,33.34,13.36,82.476,64.152,23.777,41.403,100.0,33.8,51.98,7.52,1.2,3.29,34.96,15.21,9.18,30.21,11.92,2.2,104.9,1153.5,13.8,47.84,45.75,93.6,32.47,34.69,False,99.59,90.72,94.29
SYN_00559,SYNTHETIC_SIMULATED,True,,,True,VERIFIED,Miscanthus,energy_crop,48.5,5.7,42.6,0.6,0.1,2.5,27.708246543843337,79.5,18.0,2.0,200.0,19.191,12.298,80.39943416087583,105.0,8.0,702.29,693.54,44.36,14.4,14.53,71.07,8.237,12.878,41.522,17.223,100.0,46.86,15.37,15.55,15.72,4.58,24.42,38.4,16.09,44.95,8.98,2.3,66.2,1121.1,5.0,19.51,38.98,58.49,143.74,245.74,True,64.08,63.1,62.82
SYN_00560,SYNTHETIC_SIMULATED,True,,,True,VERIFIED,Almond Shells,nut_shells,51.0,6.0,39.5,0.5,0.05,2.95,26.20991518691538,73.5,23.55,2.0,480.0,20.725,13.687,225.87199193254565,105.0,8.0,730.37,8.51,0.94,16.23,24.76,59.0,26.671,54.02,101.688,44.708,100.0,46.75,14.93,15.61,16.23,4.58,24.22,93.08,16.16,34.87,12.05,2.27,77.1,1143.3,9.3,51.47,117.96,169.43,349.8,206.46,True,67.53,66.96,66.62
SYN_00561,SYNTHETIC_SIMULATED,True,,,True,VERIFIED,Pine Sawdust,woody_biomass,51.5,6.3,41.6,0.2,0.05,0.35,24.93690375512871,82.5,17.15,2.0,420.0,21.095,14.193,208.02353745989313,105.0,8.0,385.18,52.13,0.19,51.61,34.56,13.83,79.652,64.86,24.073,38.296,100.0,34.52,50.77,7.83,1.31,3.36,34.7,15.69,9.44,29.69,13.42,2.2,104.7,1154.7,14.4,44.79,46.64,91.42,34.46,37.7,False,100.67,93.16,96.01
SYN_00562,SYNTHETIC_SIMULATED,True,,,True,VERIFIED,Beech Wood,woody_biomass,49.5,6.1,43.8,0.2,0.02,0.38,21.705936746204042,84.0,15.62,2.0,460.0,19.93,14.032,425.7349143083097,105.0,8.0,416.85,399.06,43.58,41.88,42.5,15.62,138.154,163.177,58.724,63.425,100.0,37.23,46.05,9.03,1.81,3.64,33.68,39.19,10.45,26.95,13.2,2.2,105.7,1160.7,18.2,78.09,109.68,187.77,95.22,50.71,False,94.95,88.89,91.85
SYN_00563,SYNTHETIC_SIMULATED,True,,,True,VERIFIED,Olive Pomace,agricultural_residue,50.2,6.2,39.8,1.4,0.1,2.3,9.914067014107797,76.5,21.2,2.0,550.0,20.655,17.146,188.998024166647,105.0,8.0,499.4,41.16,1.32,26.14,49.89,23.97,44.58,94.359,44.974,3.932,100.0,44.48,31.69,12.58,4.72,4.3,30.21,33.23,13.37,25.06,14.14,2.21,101.2,1164.9,21.4,12.68,70.82,83.5,103.32,123.73,True,80.82,80.34,81.34
SYN_00564,SYNTHETIC_SIMULATED,True,,,True,VERIFIED,Wheat Straw,agricultural_residue,46.5,5.9,41.2,0.7,0.1,5.6,23.817654267949443,75.0,19.4,2.0,220.0,18.806,12.765,379.3165998197363,105.0,8.0,637.83,95.69,0.11,17.96,34.96,47.08,50.849,120.848,141.847,65.216,100.0,47.28,17.39,15.32,13.46,4.57,25.36,124.72,15.82,29.53,11.87,2.24,88.1,1155.0,14.6,77.48,168.8,246.28,458.75,186.27,True,68.21,67.68,67.92
SYN_00565,SYNTHETIC_SIMULATED,True,,,True,VERIFIED,Rice Husk,agricultural_residue,39.5,5.1,36.5,0.4,0.1,18.4,26.858450472350857,63.5,18.1,2.0,340.0,15.64,9.969,111.95371719536476,105.0,8.0,392.67,206.14,44.93,58.4,28.38,13.22,47.171,29.4,12.164,22.949,100.0,34.99,49.96,8.03,1.38,3.41,34.53,7.82,9.62,32.64,9.31,2.21,99.8,1148.2,11.2,26.23,24.91,51.13,17.48,34.19,False,85.84,73.96,79.01
SYN_00566,SYNTHETIC_SIMULATED,True,,,True,VERIFIED,Sugarcane Bagasse,agricultural_residue,48.0,5.8,43.5,0.3,0.05,2.35,9.171397227416488,81.0,16.65,2.0,180.0,19.044,15.924,359.0544887234897,105.0,8.0,577.49,347.92,12.21,17.0,42.79,40.22,54.364,161.818,138.419,4.572,100.0,47.35,21.64,14.69,9.67,4.55,27.08,114.1,15.18,26.86,12.61,2.23,94.7,1160.9,18.3,21.46,164.86,186.31,402.76,216.17,True,71.76,71.33,72.06
SYN_00567,SYNTHETIC_SIMULATED,True,,,True,VERIFIED,Miscanthus,energy_crop,48.5,5.7,42.6,0.6,0.1,2.5,8.039902221764926,79.5,18.0,2.0,200.0,19.191,16.308,159.39165152243226,105.0,8.0,647.31,18.31,18.82,15.78,24.92,59.31,22.495,46.53,88.95,0.069,100.0,47.21,16.93,15.37,13.95,4.57,25.15,79.22,15.88,34.77,11.09,2.26,81.0,1143.5,9.4,7.75,87.62,95.37,292.54,306.75,True,65.45,64.91,64.93
SYN_00568,SYNTHETIC_SIMULATED,True,,,True,VERIFIED,Almond Shells,nut_shells,51.0,6.0,39.5,0.5,0.05,2.95,10.710109759185618,73.5,23.55,2.0,480.0,20.725,17.075,181.94170143692602,105.0,8.0,367.53,23.77,0.66,60.96,26.09,12.95,96.622,54.703,23.332,5.36,100.0,33.11,53.16,7.21,1.11,3.21,35.21,14.83,8.92,34.0,12.24,2.21,100.0,1145.2,10.0,13.64,45.68,59.31,30.78,51.9,False,99.27,95.47,98.06
SYN_00569,SYNTHETIC_SIMULATED,True,,,True,VERIFIED,Pine Sawdust,woody_biomass,51.5,6.3,41.6,0.2,0.05,0.35,9.39850834372956,82.5,17.15,2.0,420.0,21.095,17.637,467.072326698006,105.0,8.0,377.53,84.05,39.24,53.12,33.51,13.37,222.076,170.001,63.951,7.1,100.0,33.72,52.13,7.48,1.19,3.28,34.99,40.81,9.15,30.13,13.32,2.2,105.1,1153.7,13.9,28.96,122.29,151.25,86.84,57.41,False,98.61,95.42,97.93
SYN_00570,SYNTHETIC_SIMULATED,True,,,True,VERIFIED,Beech Wood,woody_biomass,49.5,6.1,43.8,0.2,0.02,0.38,7.672329463330605,84.0,15.62,2.0,460.0,19.93,16.985,498.7513590362148,105.0,7.672329463330605,482.02,26.98,20.06,27.79,50.6,21.61,125.493,257.432,110.438,0.0,100.0,43.08,34.86,11.82,3.81,4.18,31.04,79.67,12.74,24.41,13.74,2.21,103.1,1166.3,22.6,0.0,181.7,181.7,236.15,129.97,True,84.37,84.31,85.92
SYN_00571,SYNTHETIC_SIMULATED,True,,,True,VERIFIED,Olive Pomace,agricultural_residue,50.2,6.2,39.8,1.4,0.1,2.3,12.718422146188942,76.5,21.2,2.0,550.0,20.655,16.537,491.5780533811725,105.0,8.0,651.72,12.8,31.95,15.96,23.58,60.46,68.067,132.497,268.603,25.212,100.0,47.17,16.75,15.39,14.15,4.57,25.07,236.9,15.9,35.71,11.79,2.26,79.6,1141.4,8.6,46.58,259.17,305.75,876.2,286.58,True,65.99,65.6,65.14
SYN_00572,SYNTHETIC_SIMULATED,True,,,True,VERIFIED,Wheat Straw,agricultural_residue,46.5,5.9,41.2,0.7,0.1,5.6,25.047796514726997,75.0,19.4,2.0,220.0,18.806,12.519,480.2045619061133,105.0,8.0,619.62,55.99,2.03,18.55,35.85,45.6,65.845,155.681,169.31,88.983,100.0,47.37,18.18,15.22,12.65,4.57,25.7,148.71,15.7,29.18,11.94,2.24,89.3,1155.8,15.1,103.91,203.02,306.93,543.11,176.95,True,69.15,68.63,68.94
SYN_00573,SYNTHETIC_SIMULATED,True,,,True,VERIFIED,Rice Husk,agricultural_residue,39.5,5.1,36.5,0.4,0.1,18.4,19.101810224826448,63.5,18.1,2.0,340.0,15.64,11.286,150.6791272602987,105.0,8.0,503.51,5.82,1.57,38.79,38.1,23.11,46.42,54.464,30.513,18.183,100.0,44.75,31.02,12.74,4.94,4.33,30.03,22.73,13.5,28.35,10.05,2.22,96.5,1157.6,16.2,23.77,51.26,75.03,71.35,95.1,False,78.57,77.0,78.89
SYN_00574,SYNTHETIC_SIMULATED,True,,,True,VERIFIED,Sugarcane Bagasse,agricultural_residue,48.0,5.8,43.5,0.3,0.05,2.35,9.779402023895557,81.0,16.65,2.0,180.0,19.044,15.801,343.4259305621962,105.0,8.0,466.85,133.02,2.46,30.58,49.35,20.07,93.245,173.363,69.265,6.642,100.0,42.04,37.02,11.29,3.3,4.09,31.58,49.24,12.31,25.18,12.95,2.21,103.2,1164.6,21.2,22.58,118.45,141.03,140.99,99.97,False,83.85,83.4,85.26
SYN_00575,SYNTHETIC_SIMULATED,True,,,True,VERIFIED,Miscanthus,energy_crop,48.5,5.7,42.6,0.6,0.1,2.5,24.618584124186686,79.5,18.0,2.0,200.0,19.191,12.928,422.5819162248216,105.0,8.0,471.56,113.31,0.75,30.01,49.45,20.54,94.935,178.85,72.238,76.334,100.0,42.41,36.27,11.48,3.47,4.13,31.4,52.0,12.46,25.16,13.09,2.21,102.8,1164.6,21.2,89.66,123.24,212.89,150.75,70.81,False,85.85,81.24,83.76
SYN_00576,SYNTHETIC_SIMULATED,True,,,True,VERIFIED,Almond Shells,nut_shells,51.0,6.0,39.5,0.5,0.05,2.95,9.269240870263198,73.5,23.55,2.0,480.0,20.725,17.39,283.60767302179056,105.0,8.0,408.39,106.05,0.32,47.19,37.73,15.09,118.688,115.178,43.694,3.913,100.0,36.61,47.14,8.75,1.68,3.58,33.92,28.81,10.22,28.48,13.47,2.2,104.1,1157.3,16.0,17.22,82.94,100.17,68.46,68.35,False,92.12,89.38,91.58
SYN_00577,SYNTHETIC_SIMULATED,True,,,True,VERIFIED,Pine Sawdust,woody_biomass,51.5,6.3,41.6,0.2,0.05,0.35,20.128753991843418,82.5,17.15,2.0,420.0,21.095,15.259,315.1523969909687,105.0,8.0,636.31,286.02,0.74,13.26,39.15,47.59,32.783,114.759,125.537,41.548,100.0,47.3,17.53,15.3,13.31,4.57,25.42,109.88,15.79,27.99,13.8,2.24,90.1,1158.4,16.7,52.9,146.02,198.92,403.63,202.91,True,71.87,71.4,71.48
SYN_00578,SYNTHETIC_SIMULATED,True,,,True,VERIFIED,Beech Wood,woody_biomass,49.5,6.1,43.8,0.2,0.02,0.38,16.26719950952149,84.0,15.62,2.0,460.0,19.93,15.176,341.84133977986625,105.0,8.0,590.66,710.65,3.01,14.49,44.84,40.68,40.904,145.27,122.006,30.718,100.0,47.44,20.31,14.91,10.71,4.56,26.58,103.36,15.39,26.29,13.34,2.23,94.6,1162.2,19.3,44.36,150.07,194.43,369.91,190.25,True,73.89,73.43,74.06
SYN_00579,SYNTHETIC_SIMULATED,True,,,True,VERIFIED,Olive Pomace,agricultural_residue,50.2,6.2,39.8,1.4,0.1,2.3,9.001363042785673,76.5,21.2,2.0,550.0,20.655,17.345,445.22038971426497,105.0,8.0,747.43,8.21,0.1,15.43,25.15,59.41,61.241,132.515,241.595,4.846,100.0,46.69,14.71,15.64,16.48,4.59,24.11,228.84,16.19,34.61,12.03,2.27,76.5,1143.9,9.5,25.86,297.45,323.31,861.8,266.56,True,65.65,65.27,64.83
SYN_00580,SYNTHETIC_SIMULATED,True,,,True,VERIFIED,Wheat Straw,agricultural_residue,46.5,5.9,41.2,0.7,0.1,5.6,8.465874876867083,75.0,19.4,2.0,220.0,18.806,15.829,289.62028795969877,105.0,8.0,422.17,695.05,16.21,44.33,39.85,15.82,115.608,125.268,46.638,1.467,100.0,37.78,45.07,9.28,1.93,3.7,33.46,31.54,10.65,27.76,12.23,2.2,104.0,1158.9,17.0,15.29,88.79,104.08,78.13,75.07,False,87.13,84.63,87.02
SYN_00581,SYNTHETIC_SIMULATED,True,,,True,VERIFIED,Rice Husk,agricultural_residue,39.5,5.1,36.5,0.4,0.1,18.4,11.033292798988208,63.5,18.1,2.0,340.0,15.64,12.655,275.1362396862105,105.0,8.0,645.93,22.92,4.58,29.48,22.05,48.47,71.682,71.832,121.289,9.071,100.0,47.23,17.09,15.35,13.78,4.57,25.22,108.11,15.86,36.89,8.57,2.27,78.5,1138.8,7.8,21.5,145.15,166.65,398.7,239.24,True,68.53,67.94,68.56
SYN_00582,SYNTHETIC_SIMULATED,True,,,True,VERIFIED,Sugarcane Bagasse,agricultural_residue,48.0,5.8,43.5,0.3,0.05,2.35,7.028999246510485,81.0,16.65,2.0,180.0,19.044,16.357,106.09605130163268,105.0,7.028999246510485,729.35,5.19,1.94,15.39,24.19,60.42,14.776,29.958,61.469,0.0,100.0,46.74,14.92,15.61,16.25,4.58,24.21,56.34,16.16,32.95,11.35,2.26,79.3,1147.5,10.9,0.0,69.58,69.58,211.74,304.31,True,65.15,64.84,64.8
SYN_00583,SYNTHETIC_SIMULATED,True,,,True,VERIFIED,Miscanthus,energy_crop,48.5,5.7,42.6,0.6,0.1,2.5,25.371195231829983,79.5,18.0,2.0,200.0,19.191,12.774,308.8308972685077,105.0,8.0,651.68,16.73,0.39,15.78,34.61,49.61,35.785,95.904,118.875,58.313,100.0,47.19,16.84,15.38,14.05,4.57,25.11,105.63,15.89,29.67,12.15,2.24,87.2,1154.7,14.5,67.82,138.5,206.32,390.36,189.2,True,70.68,70.12,70.45
SYN_00584,SYNTHETIC_SIMULATED,True,,,True,VERIFIED,Almond Shells,nut_shells,51.0,6.0,39.5,0.5,0.05,2.95,17.079439201355875,73.5,23.55,2.0,480.0,20.725,15.683,221.3734939920432,105.0,8.0,477.71,6.09,0.68,33.53,45.55,20.92,60.348,96.77,42.836,21.847,100.0,42.71,35.65,11.63,3.62,4.15,31.24,30.41,12.59,26.11,14.0,2.21,101.2,1162.6,19.6,30.5,71.71,102.21,89.03,87.11,False,85.31,83.44,85.06
SYN_00585,SYNTHETIC_SIMULATED,True,,,True,VERIFIED,Pine Sawdust,woody_biomass,51.5,6.3,41.6,0.2,0.05,0.35,27.021208443072847,82.5,17.15,2.0,420.0,21.095,13.732,244.01443043771872,105.0,8.0,421.03,200.72,3.72,41.48,42.7,15.81,72.273,87.152,31.74,50.451,100.0,37.5,45.57,9.15,1.87,3.67,33.57,21.25,10.55,26.89,14.05,2.2,105.5,1160.8,18.3,57.55,59.11,116.66,52.12,44.68,False,95.77,88.28,91.09
SYN_00586,SYNTHETIC_SIMULATED,True,,,True,VERIFIED,Beech Wood,woody_biomass,49.5,6.1,43.8,0.2,0.02,0.38,13.678225397928436,84.0,15.62,2.0,460.0,19.93,15.721,489.65928542961467,105.0,8.0,530.11,161.31,1.47,18.96,52.23,28.81,77.806,248.196,133.456,30.222,100.0,46.18,27.05,13.63,6.51,4.45,28.89,102.49,14.24,24.56,13.71,2.21,100.2,1166.0,22.3,51.04,190.38,241.42,339.52,140.63,True,79.02,78.61,79.76
SYN_00587,SYNTHETIC_SIMULATED,True,,,True,VERIFIED,Olive Pomace,agricultural_residue,50.2,6.2,39.8,1.4,0.1,2.3,22.057983417296793,76.5,21.2,2.0,550.0,20.655,14.506,191.36540197005223,105.0,8.0,378.64,14.1,13.09,58.43,28.16,13.41,85.376,52.443,22.251,29.241,100.0,33.89,51.84,7.55,1.21,3.3,34.93,14.24,9.21,32.76,12.44,2.21,100.9,1147.9,11.1,35.77,43.42,79.19,30.51,38.53,False,100.9,94.02,96.74
SYN_00588,SYNTHETIC_SIMULATED,True,,,True,VERIFIED,Wheat Straw,agricultural_residue,46.5,5.9,41.2,0.7,0.1,5.6,25.356442857881632,75.0,19.4,2.0,220.0,18.806,12.458,300.94326739870394,105.0,8.0,598.96,506.86,0.14,18.98,40.53,40.49,42.139,106.664,96.218,56.775,100.0,47.45,19.71,15.0,11.22,4.57,26.34,81.16,15.48,27.55,12.27,2.23,92.6,1159.4,17.3,66.04,119.95,185.98,292.18,157.1,True,70.91,70.33,70.84
SYN_00589,SYNTHETIC_SIMULATED,True,,,True,VERIFIED,Rice Husk,agricultural_residue,39.5,5.1,36.5,0.4,0.1,18.4,22.753993930138517,63.5,18.1,2.0,340.0,15.64,10.666,493.2525197474889,105.0,8.0,682.53,224.02,1.6,28.47,19.57,51.95,107.053,103.096,202.103,79.103,100.0,46.96,15.77,15.51,15.26,4.57,24.61,184.2,16.04,39.07,8.19,2.28,74.1,1134.0,6.5,95.58,246.2,341.78,687.05,201.02,True,69.42,68.81,69.29
SYN_00590,SYNTHETIC_SIMULATED,True,,,True,VERIFIED,Sugarcane Bagasse,agricultural_residue,48.0,5.8,43.5,0.3,0.05,2.35,19.64656074736615,81.0,16.65,2.0,180.0,19.044,13.805,146.73035297303304,105.0,8.0,483.59,173.17,21.86,27.82,50.47,21.7,32.563,67.721,28.477,18.575,100.0,43.18,34.64,11.87,3.87,4.19,30.99,20.53,12.79,24.93,13.0,2.21,102.3,1165.1,21.6,23.93,46.79,70.72,61.06,86.33,False,83.71,81.33,83.42
SYN_00591,SYNTHETIC_SIMULATED,True,,,True,VERIFIED,Miscanthus,energy_crop,48.5,5.7,42.6,0.6,0.1,2.5,6.255003822081687,79.5,18.0,2.0,200.0,19.191,16.672,347.9442526700926,105.0,6.255003822081687,682.46,8.1,18.92,15.73,17.17,67.11,50.425,73.614,224.377,0.0,100.0,46.97,15.81,15.5,15.21,4.57,24.63,202.01,16.03,36.63,10.71,2.27,77.1,1139.4,8.0,0.0,207.75,207.75,753.22,362.56,True,63.23,63.13,62.73
SYN_00592,SYNTHETIC_SIMULATED,True,,,True,VERIFIED,Almond Shells,nut_shells,51.0,6.0,39.5,0.5,0.05,2.95,15.785511446844453,73.5,23.55,2.0,480.0,20.725,15.966,81.6977667949605,105.0,8.0,672.19,92.2,8.73,15.48,24.93,59.6,10.532,22.327,41.51,6.914,100.0,47.04,16.09,15.47,14.89,4.57,24.76,37.95,15.99,34.76,12.07,2.26,79.9,1143.5,9.4,10.21,43.37,53.58,141.17,263.48,True,65.55,64.8,64.51
SYN_00593,SYNTHETIC_SIMULATED,True,,,True,VERIFIED,Pine Sawdust,woody_biomass,51.5,6.3,41.6,0.2,0.05,0.35,18.592643403904198,82.5,17.15,2.0,420.0,21.095,15.599,278.22860780221424,105.0,8.0,350.25,47.58,7.61,59.38,28.13,12.49,134.11,80.265,31.48,32.035,100.0,32.09,54.89,6.77,0.98,3.09,35.57,19.93,8.55,32.78,12.72,2.21,103.4,1147.9,11.1,42.49,60.51,103.0,39.61,38.45,False,103.34,97.61,100.38
SYN_00594,SYNTHETIC_SIMULATED,True,,,True,VERIFIED,Beech Wood,woody_biomass,49.5,6.1,43.8,0.2,0.02,0.38,17.675810485410395,84.0,15.62,2.0,460.0,19.93,14.88,475.9561280420325,105.0,8.0,649.91,36.0,0.74,13.39,36.64,49.97,52.142,171.79,200.524,50.057,100.0,47.19,16.87,15.38,14.02,4.57,25.12,181.02,15.89,28.88,12.79,2.24,88.2,1156.5,15.5,68.38,235.05,303.42,668.82,220.42,True,70.89,70.45,70.72
SYN_00595,SYNTHETIC_SIMULATED,True,,,True,VERIFIED,Olive Pomace,agricultural_residue,50.2,6.2,39.8,1.4,0.1,2.3,11.676028378778039,76.5,21.2,2.0,550.0,20.655,16.763,295.28028683180105,105.0,8.0,661.99,108.78,5.81,14.86,30.15,55.0,38.461,97.132,146.078,11.798,100.0,47.13,16.51,15.42,14.41,4.57,24.96,132.44,15.94,31.7,12.67,2.25,84.3,1150.3,12.2,24.94,159.74,184.69,490.82,265.76,True,66.94,66.51,66.2
SYN_00596,SYNTHETIC_SIMULATED,True,,,True,VERIFIED,Wheat Straw,agricultural_residue,46.5,5.9,41.2,0.7,0.1,5.6,11.442610472737254,75.0,19.4,2.0,220.0,18.806,15.235,156.58819885658892,105.0,8.0,597.87,229.23,0.89,19.09,40.65,40.27,26.169,64.921,58.465,5.859,100.0,47.45,19.93,14.97,11.03,4.57,26.43,49.68,15.45,27.51,12.28,2.23,92.8,1159.5,17.4,12.87,73.54,86.4,178.45,206.53,True,68.91,68.33,68.85
SYN_00597,SYNTHETIC_SIMULATED,True,,,True,VERIFIED,Rice Husk,agricultural_residue,39.5,5.1,36.5,0.4,0.1,18.4,27.312920457549986,63.5,18.1,2.0,340.0,15.64,9.892,453.4060824545748,105.0,8.0,371.42,213.78,1.14,63.16,24.64,12.19,205.069,104.854,44.222,95.18,100.0,33.08,53.2,7.2,1.1,3.2,35.22,28.37,8.91,34.95,8.9,2.22,98.6,1143.1,9.2,108.25,92.56,200.81,58.82,29.29,False,86.87,74.8,79.93
SYN_00598,SYNTHETIC_SIMULATED,True,,,True,VERIFIED,Sugarcane Bagasse,agricultural_residue,48.0,5.8,43.5,0.3,0.05,2.35,10.8894727095206,81.0,16.65,2.0,180.0,19.044,15.576,357.31132726114697,105.0,8.0,611.0,275.69,0.19,15.64,41.85,42.5,49.394,156.252,142.05,11.222,100.0,47.43,19.07,15.09,11.8,4.57,26.08,121.85,15.57,27.14,12.55,2.23,92.6,1160.3,17.9,27.41,173.7,201.11,441.36,219.47,True,70.7,70.26,70.87
SYN_00599,SYNTHETIC_SIMULATED,True,,,True,VERIFIED,Miscanthus,energy_crop,48.5,5.7,42.6,0.6,0.1,2.5,16.054891594750117,79.5,18.0,2.0,200.0,19.191,14.674,230.74067640691263,105.0,8.0,659.13,10.87,3.11,15.89,31.55,52.56,30.114,74.924,105.171,20.202,100.0,47.14,16.6,15.41,14.32,4.57,25.0,94.08,15.92,31.02,11.87,2.25,85.2,1151.8,12.9,29.46,118.04,147.5,348.42,236.22,True,68.4,67.88,68.1
SYN_00600,SYNTHETIC_SIMULATED,True,,,True,VERIFIED,Almond Shells,nut_shells,51.0,6.0,39.5,0.5,0.05,2.95,26.26582519588144,73.5,23.55,2.0,480.0,20.725,13.675,109.18871380546548,105.0,8.0,452.33,97.88,27.98,36.63,45.21,18.16,29.12,41.454,16.367,21.678,100.0,40.35,40.34,10.47,2.65,3.94,32.38,11.32,11.64,26.2,13.98,2.21,103.6,1162.4,19.4,24.94,29.2,54.15,30.65,56.6,False,89.28,82.86,85.45
SYN_00601,SYNTHETIC_SIMULATED,True,,,True,VERIFIED,Pine Sawdust,woody_biomass,51.5,6.3,41.6,0.2,0.05,0.35,18.56281073389342,82.5,17.15,2.0,420.0,21.095,15.606,216.927791995617,105.0,8.0,647.42,44.77,0.52,13.39,36.82,49.79,22.859,77.708,90.907,24.906,100.0,47.2,16.88,15.38,14.01,4.57,25.13,81.34,15.89,28.81,13.62,2.24,88.3,1156.6,15.5,33.06,105.93,139.0,300.5,216.19,True,71.07,70.56,70.59
SYN_00602,SYNTHETIC_SIMULATED,True,,,True,VERIFIED,Beech Wood,woody_biomass,49.5,6.1,43.8,0.2,0.02,0.38,7.274901169424861,84.0,15.62,2.0,460.0,19.93,17.068,456.4889882397119,105.0,7.274901169424861,361.91,5.76,2.13,61.23,25.92,12.85,256.999,138.72,60.37,0.0,100.0,32.78,53.72,7.07,1.06,3.17,35.33,38.14,8.8,32.45,12.02,2.21,102.8,1148.6,11.4,0.0,116.6,116.6,78.06,66.95,False,102.18,100.33,103.36
SYN_00603,SYNTHETIC_SIMULATED,True,,,True,VERIFIED,Olive Pomace,agricultural_residue,50.2,6.2,39.8,1.4,0.1,2.3,26.459403912204653,76.5,21.2,2.0,550.0,20.655,13.549,490.94449576017576,105.0,8.0,587.83,490.52,0.99,16.91,44.55,38.54,60.384,184.988,147.121,98.506,100.0,47.41,20.85,14.82,10.27,4.56,26.79,122.86,15.3,26.37,13.85,2.22,94.9,1162.0,19.1,113.08,186.36,299.43,437.24,146.02,True,74.8,74.32,74.59
SYN_00604,SYNTHETIC_SIMULATED,True,,,True,VERIFIED,Wheat Straw,agricultural_residue,46.5,5.9,41.2,0.7,0.1,5.6,9.877731382914236,75.0,19.4,2.0,220.0,18.806,15.547,472.3573823770137,105.0,8.0,698.43,232.64,2.15,17.23,25.56,57.21,72.801,137.27,248.189,9.641,100.0,46.87,15.4,15.55,15.69,4.58,24.44,228.71,16.09,34.34,10.9,2.26,79.1,1144.5,9.7,31.52,284.64,316.16,855.82,270.69,True,63.03,62.61,62.47
SYN_00605,SYNTHETIC_SIMULATED,True,,,True,VERIFIED,Rice Husk,agricultural_residue,39.5,5.1,36.5,0.4,0.1,18.4,15.16779451820196,63.5,18.1,2.0,340.0,15.64,11.953,338.855306764893,105.0,8.0,641.84,25.69,32.26,29.48,16.24,54.28,82.951,68.554,161.241,26.4,100.0,47.25,17.22,15.34,13.64,4.57,25.28,140.88,15.84,42.69,7.55,2.29,71.5,1126.1,5.0,40.3,169.28,209.57,518.9,247.6,True,67.46,66.87,67.29
SYN_00606,SYNTHETIC_SIMULATED,True,,,True,VERIFIED,Sugarcane Bagasse,agricultural_residue,48.0,5.8,43.5,0.3,0.05,2.35,17.41608408784541,81.0,16.65,2.0,180.0,19.044,14.256,268.23281708363015,105.0,8.0,693.34,127.34,37.43,14.24,16.72,69.04,30.901,53.842,153.604,27.453,100.0,46.92,15.59,15.53,15.47,4.57,24.53,141.82,16.06,42.11,9.47,2.29,70.1,1127.4,5.0,37.85,145.43,183.28,529.82,289.08,True,63.25,62.73,62.42
SYN_00607,SYNTHETIC_SIMULATED,True,,,True,VERIFIED,Miscanthus,energy_crop,48.5,5.7,42.6,0.6,0.1,2.5,23.523702866030945,79.5,18.0,2.0,200.0,19.191,13.151,402.96964721853675,105.0,8.0,407.25,63.41,4.48,47.35,37.8,14.85,143.449,135.387,51.54,67.995,100.0,36.24,47.79,8.59,1.61,3.54,34.06,33.89,10.08,28.46,12.4,2.2,104.6,1157.4,16.0,81.14,98.09,179.23,79.45,44.33,False,95.51,88.22,91.48
SYN_00608,SYNTHETIC_SIMULATED,True,,,True,VERIFIED,Almond Shells,nut_shells,51.0,6.0,39.5,0.5,0.05,2.95,10.857019477706915,73.5,23.55,2.0,480.0,20.725,17.043,145.8126304636378,105.0,8.0,636.22,247.91,33.95,16.0,27.94,56.06,20.645,45.687,74.548,4.528,100.0,47.3,17.51,15.3,13.33,4.57,25.41,65.95,15.8,32.89,12.49,2.25,84.0,1147.6,11.0,11.14,75.48,86.61,242.31,279.76,True,66.26,65.72,65.48
SYN_00609,SYNTHETIC_SIMULATED,True,,,True,VERIFIED,Pine Sawdust,woody_biomass,51.5,6.3,41.6,0.2,0.05,0.35,18.626465324402623,82.5,17.15,2.0,420.0,21.095,15.592,167.01801406825967,105.0,8.0,544.02,10.24,0.85,19.53,49.84,30.63,26.146,76.819,44.611,19.291,100.0,46.61,25.57,13.94,7.23,4.48,28.43,35.33,14.51,25.07,14.46,2.22,98.9,1164.8,21.4,25.56,62.96,88.52,119.22,134.67,True,79.51,78.96,79.8
SYN_00610,SYNTHETIC_SIMULATED,True,,,True,VERIFIED,Beech Wood,woody_biomass,49.5,6.1,43.8,0.2,0.02,0.38,9.731080511512573,84.0,15.62,2.0,460.0,19.93,16.551,294.15851044667215,105.0,8.0,408.82,184.55,16.33,44.34,40.64,15.02,114.616,125.309,44.682,5.535,100.0,36.38,47.54,8.65,1.64,3.56,34.01,29.74,10.13,27.51,13.08,2.2,105.8,1159.5,17.4,19.2,84.93,104.13,70.08,67.3,False,94.11,91.15,93.79
SYN_00611,SYNTHETIC_SIMULATED,True,,,True,VERIFIED,Olive Pomace,agricultural_residue,50.2,6.2,39.8,1.4,0.1,2.3,6.95879970690109,76.5,21.2,2.0,550.0,20.655,17.789,190.30282740843833,105.0,6.95879970690109,724.73,188.37,0.47,14.34,27.3,58.36,25.252,58.833,106.405,0.0,100.0,46.75,14.96,15.61,16.19,4.58,24.23,97.86,16.15,30.92,12.84,2.26,81.9,1152.0,13.0,0.0,123.96,123.96,367.64,296.59,True,65.36,65.2,64.68
SYN_00612,SYNTHETIC_SIMULATED,True,,,True,VERIFIED,Wheat Straw,agricultural_residue,46.5,5.9,41.2,0.7,0.1,5.6,8.912751043865132,75.0,19.4,2.0,220.0,18.806,15.74,408.1386200314344,105.0,8.0,555.92,190.32,1.75,21.45,45.93,32.62,78.544,196.506,129.925,4.049,100.0,46.97,24.02,14.25,8.1,4.52,27.92,103.85,14.78,26.01,12.59,2.22,97.0,1162.8,19.7,23.35,177.76,201.11,357.01,177.52,True,71.87,71.45,72.24
SYN_00613,SYNTHETIC_SIMULATED,True,,,True,VERIFIED,Rice Husk,agricultural_residue,39.5,5.1,36.5,0.4,0.1,18.4,8.221903145588382,63.5,18.1,2.0,340.0,15.64,13.132,440.8526720899716,105.0,8.0,525.18,199.27,0.39,34.33,39.57,26.11,137.631,190.221,112.856,1.063,100.0,45.95,27.76,13.47,6.19,4.43,29.1,87.37,14.11,27.86,10.14,2.22,96.1,1158.7,16.9,22.22,179.9,202.12,286.75,141.87,True,75.22,74.71,76.14
SYN_00614,SYNTHETIC_SIMULATED,True,,,True,VERIFIED,Sugarcane Bagasse,agricultural_residue,48.0,5.8,43.5,0.3,0.05,2.35,18.76465395099364,81.0,16.65,2.0,180.0,19.044,13.984,433.91015623559827,105.0,8.0,612.0,268.8,4.45,15.49,39.06,45.45,53.336,162.897,168.444,50.771,100.0,47.42,18.74,15.14,12.11,4.57,25.94,144.24,15.62,28.02,12.37,2.23,91.2,1158.4,16.6,67.0,194.58,261.58,524.1,200.36,True,70.86,70.39,70.9
SYN_00615,SYNTHETIC_SIMULATED,True,,,True,VERIFIED,Miscanthus,energy_crop,48.5,5.7,42.6,0.6,0.1,2.5,26.436052718515167,79.5,18.0,2.0,200.0,19.191,12.557,272.77895704197874,105.0,8.0,575.05,119.11,30.34,17.27,41.81,40.92,33.55,96.776,86.539,54.663,100.0,47.34,21.68,14.68,9.65,4.55,27.1,71.27,15.17,27.15,12.67,2.23,94.3,1160.3,17.9,62.76,101.34,164.1,251.47,153.24,True,74.15,73.56,74.24
SYN_00616,SYNTHETIC_SIMULATED,True,,,True,VERIFIED,Almond Shells,nut_shells,51.0,6.0,39.5,0.5,0.05,2.95,18.136513234527904,73.5,23.55,2.0,480.0,20.725,15.452,396.1212861710515,105.0,8.0,662.67,81.69,0.44,15.66,33.04,51.3,50.077,129.386,173.174,43.644,100.0,47.1,16.4,15.43,14.54,4.57,24.91,154.58,15.95,30.33,13.06,2.25,85.8,1153.3,13.7,58.71,200.03,258.74,573.42,221.62,True,68.33,67.89,67.75
SYN_00617,SYNTHETIC_SIMULATED,True,,,True,VERIFIED,Pine Sawdust,woody_biomass,51.5,6.3,41.6,0.2,0.05,0.35,10.443275588388932,82.5,17.15,2.0,420.0,21.095,17.406,337.6809941736638,105.0,8.0,528.22,8.46,0.1,21.21,50.52,28.27,63.466,172.129,93.06,8.968,100.0,46.08,27.37,13.56,6.36,4.44,28.99,71.66,14.18,24.92,14.49,2.21,99.8,1165.2,21.6,24.42,135.41,159.82,236.39,147.91,True,79.83,79.43,80.36
SYN_00618,SYNTHETIC_SIMULATED,True,,,True,VERIFIED,Beech Wood,woody_biomass,49.5,6.1,43.8,0.2,0.02,0.38,11.51634933175491,84.0,15.62,2.0,460.0,19.93,16.176,415.2719947987029,105.0,8.0,597.39,9.35,6.2,15.56,41.48,42.96,55.895,177.53,166.274,15.872,100.0,47.45,19.9,14.97,11.06,4.57,26.42,140.19,15.45,27.25,13.14,2.23,93.1,1160.0,17.8,34.42,195.05,229.47,503.76,219.53,True,73.1,72.69,73.25
SYN_00619,SYNTHETIC_SIMULATED,True,,,True,VERIFIED,Olive Pomace,agricultural_residue,50.2,6.2,39.8,1.4,0.1,2.3,12.451104548983754,76.5,21.2,2.0,550.0,20.655,16.595,372.8871599221815,105.0,8.0,609.58,758.09,0.69,15.99,41.37,42.65,51.579,155.687,144.81,18.041,100.0,47.44,19.1,15.09,11.77,4.57,26.09,125.21,15.57,27.28,13.65,2.23,92.5,1160.0,17.7,34.35,177.89,212.24,453.4,213.63,True,71.1,70.68,70.79
SYN_00620,SYNTHETIC_SIMULATED,True,,,True,VERIFIED,Wheat Straw,agricultural_residue,46.5,5.9,41.2,0.7,0.1,5.6,27.38524918274899,75.0,19.4,2.0,220.0,18.806,12.053,276.4171721454086,105.0,8.0,720.78,20.11,0.26,17.84,24.89,57.27,35.332,64.652,116.585,58.244,100.0,46.77,15.03,15.6,16.12,4.58,24.26,108.69,16.14,34.78,10.8,2.27,77.5,1143.5,9.4,66.19,140.22,206.41,408.07,197.7,True,65.78,65.17,65.1
SYN_00621,SYNTHETIC_SIMULATED,True,,,True,VERIFIED,Rice Husk,agricultural_residue,39.5,5.1,36.5,0.4,0.1,18.4,24.435949208731113,63.5,18.1,2.0,340.0,15.64,10.38,264.8060386242175,105.0,8.0,647.28,13.29,2.18,29.64,22.77,47.59,57.446,58.929,97.641,47.308,100.0,47.2,16.92,15.37,13.97,4.57,25.14,87.13,15.88,36.32,8.66,2.26,79.1,1140.1,8.2,55.7,119.73,175.44,321.79,183.42,True,71.25,70.53,71.22
SYN_00622,SYNTHETIC_SIMULATED,True,,,True,VERIFIED,Sugarcane Bagasse,agricultural_residue,48.0,5.8,43.5,0.3,0.05,2.35,15.672494481527805,81.0,16.65,2.0,180.0,19.044,14.609,200.9244550316937,105.0,8.0,703.37,5.98,6.04,15.49,22.91,61.6,26.218,51.007,106.646,16.756,100.0,46.87,15.41,15.55,15.68,4.58,24.44,97.68,16.09,36.21,10.68,2.27,76.8,1140.3,8.3,24.89,113.18,138.08,365.48,264.7,True,65.75,65.19,65.2
SYN_00623,SYNTHETIC_SIMULATED,True,,,True,VERIFIED,Miscanthus,energy_crop,48.5,5.7,42.6,0.6,0.1,2.5,14.369911886256526,79.5,18.0,2.0,200.0,19.191,15.017,179.09093559911162,105.0,8.0,368.92,64.4,3.0,55.92,30.95,13.12,83.585,57.814,22.519,12.4,100.0,33.4,52.68,7.34,1.14,3.24,35.11,14.4,9.03,31.3,11.81,2.21,103.7,1151.1,12.6,19.89,43.69,63.58,30.24,47.57,False,98.13,93.11,96.22
SYN_00624,SYNTHETIC_SIMULATED,True,,,True,VERIFIED,Almond Shells,nut_shells,51.0,6.0,39.5,0.5,0.05,2.95,27.574408577190532,73.5,23.55,2.0,480.0,20.725,13.389,351.79273103095977,105.0,8.0,638.3,94.22,9.2,15.97,30.86,53.17,40.164,97.259,139.128,74.849,100.0,47.28,17.37,15.32,13.48,4.57,25.35,123.36,15.82,31.35,12.83,2.25,85.8,1151.0,12.5,84.9,148.95,233.85,453.79,194.05,True,69.36,68.85,68.67
SYN_00625,SYNTHETIC_SIMULATED,True,,,True,VERIFIED,Pine Sawdust,woody_biomass,51.5,6.3,41.6,0.2,0.05,0.35,6.203353815586246,82.5,17.15,2.0,420.0,21.095,18.345,408.76306859781795,105.0,6.203353815586246,529.1,27.8,0.17,20.16,51.34,28.5,75.471,211.008,116.747,0.0,100.0,46.14,27.18,13.6,6.45,4.45,28.93,91.55,14.22,22.04,15.14,2.21,103.6,1171.5,27.6,0.0,170.22,170.22,302.75,177.85,True,78.97,78.9,79.72
SYN_00626,SYNTHETIC_SIMULATED,True,,,True,VERIFIED,Beech Wood,woody_biomass,49.5,6.1,43.8,0.2,0.02,0.38,19.638359875089485,84.0,15.62,2.0,460.0,19.93,14.467,326.22452756820985,105.0,8.0,631.84,374.35,1.04,13.25,39.69,47.05,34.128,119.963,128.363,41.269,100.0,47.33,17.74,15.27,13.09,4.57,25.51,112.82,15.76,27.81,13.02,2.23,90.6,1158.8,16.9,53.18,150.62,203.8,413.66,202.97,True,71.96,71.47,71.85
SYN_00627,SYNTHETIC_SIMULATED,True,,,True,VERIFIED,Olive Pomace,agricultural_residue,50.2,6.2,39.8,1.4,0.1,2.3,11.282814725045698,76.5,21.2,2.0,550.0,20.655,16.849,367.65990182737846,105.0,8.0,489.91,7.81,10.18,29.13,47.79,23.08,94.844,176.048,83.098,13.119,100.0,43.92,33.01,12.27,4.32,4.26,30.56,60.61,13.11,25.55,14.03,2.21,101.0,1163.8,20.5,29.63,132.83,162.46,184.82,113.76,True,82.62,82.22,83.32
SYN_00628,SYNTHETIC_SIMULATED,True,,,True,VERIFIED,Wheat Straw,agricultural_residue,46.5,5.9,41.2,0.7,0.1,5.6,7.478182031910606,75.0,19.4,2.0,220.0,18.806,16.026,50.247171455720746,105.0,7.478182031910606,721.73,144.23,0.27,17.13,25.72,57.16,7.783,15.094,27.321,0.0,100.0,46.78,15.05,15.6,16.1,4.58,24.27,25.12,16.14,33.04,11.16,2.26,79.6,1147.3,10.9,0.0,32.28,32.28,94.3,292.1,True,62.8,62.13,62.09
SYN_00629,SYNTHETIC_SIMULATED,True,,,True,VERIFIED,Rice Husk,agricultural_residue,39.5,5.1,36.5,0.4,0.1,18.4,8.259603037693699,63.5,18.1,2.0,340.0,15.64,13.125,375.2257672757989,105.0,8.0,429.45,12.35,0.15,52.85,31.71,15.45,179.708,132.092,58.996,1.059,100.0,38.37,44.01,9.55,2.08,3.75,33.22,39.63,10.87,30.94,9.6,2.22,98.8,1151.9,13.0,19.05,117.46,136.51,100.22,73.42,False,80.49,77.31,80.06
SYN_00630,SYNTHETIC_SIMULATED,True,,,True,VERIFIED,Sugarcane Bagasse,agricultural_residue,48.0,5.8,43.5,0.3,0.05,2.35,23.291153731335903,81.0,16.65,2.0,180.0,19.044,13.069,193.39259552338177,105.0,8.0,532.78,22.31,0.16,21.35,49.54,29.11,31.289,83.542,46.891,32.143,100.0,46.33,26.56,13.73,6.73,4.46,28.74,36.37,14.33,25.14,12.96,2.21,99.2,1164.7,21.2,38.5,67.42,105.92,121.24,114.46,True,79.17,78.54,79.85
SYN_00631,SYNTHETIC_SIMULATED,True,,,True,VERIFIED,Miscanthus,energy_crop,48.5,5.7,42.6,0.6,0.1,2.5,7.957634356725881,79.5,18.0,2.0,200.0,19.191,16.325,476.22039297261506,105.0,7.957634356725881,740.77,15.03,0.8,15.1,25.01,59.89,65.525,142.386,271.643,0.0,100.0,46.7,14.78,15.63,16.41,4.59,24.14,249.21,16.18,34.61,11.13,2.27,76.8,1143.9,9.5,0.0,318.07,318.07,937.93,294.88,True,64.97,64.9,64.7
SYN_00632,SYNTHETIC_SIMULATED,True,,,True,VERIFIED,Almond Shells,nut_shells,51.0,6.0,39.5,0.5,0.05,2.95,19.987372333340602,73.5,23.55,2.0,480.0,20.725,15.047,474.7184797482241,105.0,8.0,390.31,177.34,1.01,52.4,33.63,13.97,196.313,155.476,59.263,61.855,100.0,34.89,50.13,7.99,1.37,3.4,34.57,38.58,9.58,30.08,13.11,2.21,103.7,1153.8,14.0,79.03,115.09,194.12,85.94,44.27,False,96.65,90.76,93.44
SYN_00633,SYNTHETIC_SIMULATED,True,,,True,VERIFIED,Pine Sawdust,woody_biomass,51.5,6.3,41.6,0.2,0.05,0.35,12.65212113900802,82.5,17.15,2.0,420.0,21.095,16.916,170.16851894002357,105.0,8.0,443.64,233.97,0.28,34.76,47.39,17.85,51.091,79.905,29.574,8.605,100.0,39.92,41.16,10.26,2.51,3.9,32.57,20.55,11.47,25.64,14.33,2.2,104.8,1163.6,20.4,16.01,53.21,69.22,54.81,79.18,False,89.37,87.06,89.0
SYN_00634,SYNTHETIC_SIMULATED,True,,,True,VERIFIED,Beech Wood,woody_biomass,49.5,6.1,43.8,0.2,0.02,0.38,22.80136252068094,84.0,15.62,2.0,460.0,19.93,13.801,92.78958368683598,105.0,8.0,461.75,54.16,0.6,31.48,49.2,19.33,22.464,39.291,15.63,14.928,100.0,41.34,38.42,10.95,3.01,4.03,31.92,10.89,12.03,25.22,13.57,2.21,103.9,1164.5,21.1,18.02,26.79,44.82,30.45,67.96,False,89.19,84.34,86.91
SYN_00635,SYNTHETIC_SIMULATED,True,,,True,VERIFIED,Olive Pomace,agricultural_residue,50.2,6.2,39.8,1.4,0.1,2.3,26.732983792299226,76.5,21.2,2.0,550.0,20.655,13.489,455.24572351073397,105.0,8.0,476.13,235.24,0.58,28.97,49.68,21.36,94.863,189.657,78.82,92.697,100.0,42.99,35.05,11.77,3.77,4.18,31.09,56.97,12.71,25.11,14.13,2.21,102.2,1164.8,21.3,106.08,131.52,237.6,168.36,70.86,False,85.66,81.12,83.09
SYN_00636,SYNTHETIC_SIMULATED,True,,,True,VERIFIED,Wheat Straw,agricultural_residue,46.5,5.9,41.2,0.7,0.1,5.6,14.750803662751267,75.0,19.4,2.0,220.0,18.806,14.575,399.3497900377774,105.0,8.0,579.13,703.7,36.08,19.86,38.79,41.36,66.992,153.05,147.351,29.304,100.0,47.37,21.38,14.73,9.86,4.56,26.99,122.3,15.22,28.12,12.16,2.23,92.9,1158.1,16.5,45.85,173.23,219.08,432.88,197.59,True,69.38,68.92,69.39
SYN_00637,SYNTHETIC_SIMULATED,True,,,True,VERIFIED,Rice Husk,agricultural_residue,39.5,5.1,36.5,0.4,0.1,18.4,17.458920523223433,63.5,18.1,2.0,340.0,15.64,11.564,339.37417191431535,105.0,8.0,589.15,501.61,3.74,30.22,31.88,37.9,84.626,108.028,110.383,34.893,100.0,47.43,20.51,14.88,10.55,4.56,26.66,93.1,15.36,30.86,9.62,2.24,88.9,1152.1,13.1,48.03,146.02,194.05,332.53,171.36,True,72.81,72.21,73.2
SYN_00638,SYNTHETIC_SIMULATED,True,,,True,VERIFIED,Sugarcane Bagasse,agricultural_residue,48.0,5.8,43.5,0.3,0.05,2.35,7.977707478930618,81.0,16.65,2.0,180.0,19.044,16.165,128.66011179962402,105.0,7.977707478930618,381.73,34.23,11.01,53.89,32.47,13.64,62.326,47.176,18.107,0.0,100.0,34.3,51.13,7.73,1.28,3.34,34.78,11.67,9.36,30.55,11.85,2.21,103.7,1152.8,13.4,0.0,35.06,35.06,25.41,72.47,False,96.14,94.21,97.12
SYN_00639,SYNTHETIC_SIMULATED,True,,,True,VERIFIED,Miscanthus,energy_crop,48.5,5.7,42.6,0.6,0.1,2.5,7.136607864115154,79.5,18.0,2.0,200.0,19.191,16.492,102.67108566020022,105.0,7.136607864115154,633.84,574.08,0.5,15.2,37.65,47.14,14.218,41.311,46.502,0.0,100.0,47.3,17.55,15.29,13.28,4.57,25.43,41.14,15.79,26.92,12.72,2.23,91.5,1160.8,18.3,0.0,54.94,54.94,151.1,275.01,True,68.65,68.33,68.66
SYN_00640,SYNTHETIC_SIMULATED,True,,,True,VERIFIED,Almond Shells,nut_shells,51.0,6.0,39.5,0.5,0.05,2.95,6.027961636591146,73.5,23.55,2.0,480.0,20.725,18.098,136.44632257117132,105.0,6.027961636591146,479.56,626.82,2.59,29.5,48.98,21.51,37.186,67.993,30.243,0.0,100.0,43.11,34.79,11.84,3.83,4.19,31.02,21.98,12.76,22.19,14.87,2.2,106.1,1171.2,27.3,0.0,50.1,50.1,65.23,130.2,True,81.98,81.76,82.93
SYN_00641,SYNTHETIC_SIMULATED,True,,,True,VERIFIED,Pine Sawdust,woody_biomass,51.5,6.3,41.6,0.2,0.05,0.35,16.001343128312207,82.5,17.15,2.0,420.0,21.095,16.174,91.80243017126634,105.0,8.0,638.21,23.72,1.38,13.92,37.62,48.46,10.595,34.132,38.753,7.984,100.0,47.28,17.4,15.31,13.45,4.57,25.36,34.29,15.81,28.52,13.68,2.24,89.3,1157.2,15.9,11.67,45.02,56.69,126.11,222.45,True,71.36,70.67,70.82
SYN_00642,SYNTHETIC_SIMULATED,True,,,True,VERIFIED,Beech Wood,woody_biomass,49.5,6.1,43.8,0.2,0.02,0.38,11.475004906664502,84.0,15.62,2.0,460.0,19.93,16.185,296.8466268244292,105.0,8.0,740.1,24.04,17.72,12.86,9.32,77.82,33.856,45.053,204.89,11.212,100.0,46.71,14.82,15.63,16.36,4.58,24.16,191.47,16.18,54.49,7.3,2.35,53.6,1100.1,5.0,24.49,189.44,213.93,720.34,336.72,True,61.85,61.4,60.75
SYN_00643,SYNTHETIC_SIMULATED,True,,,True,VERIFIED,Olive Pomace,agricultural_residue,50.2,6.2,39.8,1.4,0.1,2.3,15.98760850724202,76.5,21.2,2.0,550.0,20.655,15.826,290.4920284098096,105.0,8.0,527.63,11.29,0.82,22.85,48.67,28.48,55.391,133.967,75.257,25.221,100.0,46.15,27.16,13.6,6.46,4.45,28.92,58.21,14.22,25.34,14.08,2.22,99.2,1164.3,20.9,36.9,109.7,146.6,192.56,131.35,True,78.82,78.36,79.12
SYN_00644,SYNTHETIC_SIMULATED,True,,,True,VERIFIED,Wheat Straw,agricultural_residue,46.5,5.9,41.2,0.7,0.1,5.6,24.12819172334119,75.0,19.4,2.0,220.0,18.806,12.703,321.6860261943313,105.0,8.0,530.09,9.6,0.55,25.61,46.53,27.86,61.571,130.127,73.688,56.394,100.0,46.05,27.46,13.54,6.32,4.44,29.01,56.69,14.17,25.86,12.62,2.22,98.6,1163.1,20.0,66.69,109.11,175.8,186.81,106.26,True,77.55,77.0,78.14
SYN_00645,SYNTHETIC_SIMULATED,True,,,True,VERIFIED,Rice Husk,agricultural_residue,39.5,5.1,36.5,0.4,0.1,18.4,21.936520745317054,63.5,18.1,2.0,340.0,15.64,10.805,317.9502053680851,105.0,8.0,461.06,7.64,39.4,46.0,35.81,18.2,113.407,105.313,50.117,48.164,100.0,41.43,38.25,10.99,3.05,4.04,31.88,34.86,12.06,29.2,9.91,2.22,98.3,1155.8,15.0,59.04,93.08,152.12,97.81,64.29,False,81.54,75.19,78.53
SYN_00646,SYNTHETIC_SIMULATED,True,,,True,VERIFIED,Sugarcane Bagasse,agricultural_residue,48.0,5.8,43.5,0.3,0.05,2.35,22.32399949444919,81.0,16.65,2.0,180.0,19.044,13.264,495.67673835194955,105.0,8.0,471.3,7.74,5.24,32.61,46.94,20.45,123.197,203.852,86.661,77.175,100.0,42.34,36.42,11.44,3.44,4.12,31.43,62.25,12.43,25.75,12.83,2.21,102.1,1163.3,20.2,93.94,148.59,242.53,180.01,74.22,False,86.85,82.93,85.45
SYN_00647,SYNTHETIC_SIMULATED,True,,,True,VERIFIED,Miscanthus,energy_crop,48.5,5.7,42.6,0.6,0.1,2.5,20.502652364942584,79.5,18.0,2.0,200.0,19.191,13.767,238.40730259517687,105.0,8.0,654.18,29.34,0.94,15.45,33.96,50.59,28.28,77.467,98.713,32.399,100.0,47.16,16.69,15.4,14.22,4.57,25.04,88.72,15.91,29.94,12.09,2.24,86.7,1154.1,14.1,40.9,114.89,155.79,328.32,210.75,True,69.41,68.86,69.14
SYN_00648,SYNTHETIC_SIMULATED,True,,,True,VERIFIED,Almond Shells,nut_shells,51.0,6.0,39.5,0.5,0.05,2.95,13.054637517886245,73.5,23.55,2.0,480.0,20.725,16.563,280.0202743505922,105.0,8.0,614.94,15.13,22.99,17.55,31.91,50.54,42.236,94.366,126.532,15.385,100.0,47.42,18.72,15.14,12.13,4.57,25.93,109.77,15.63,30.85,12.94,2.24,87.6,1152.1,13.1,27.46,134.5,161.96,398.92,246.31,True,68.8,68.36,68.3
SYN_00649,SYNTHETIC_SIMULATED,True,,,True,VERIFIED,Pine Sawdust,woody_biomass,51.5,6.3,41.6,0.2,0.05,0.35,16.91171833925541,82.5,17.15,2.0,420.0,21.095,15.972,432.44662491695965,105.0,8.0,589.24,17.18,0.13,15.66,45.06,39.27,56.096,184.216,147.983,41.89,100.0,47.43,20.46,14.88,10.59,4.56,26.64,125.24,15.36,26.23,14.2,2.22,94.8,1162.3,19.4,58.87,187.54,246.41,447.5,181.61,True,74.96,74.54,74.95
SYN_00650,SYNTHETIC_SIMULATED,True,,,True,VERIFIED,Beech Wood,woody_biomass,49.5,6.1,43.8,0.2,0.02,0.38,18.399596200428416,84.0,15.62,2.0,460.0,19.93,14.728,363.54185271679466,105.0,8.0,544.13,359.21,4.55,17.38,50.52,32.1,50.191,169.046,102.414,41.094,100.0,46.76,24.96,14.06,7.56,4.5,28.23,81.17,14.62,24.92,13.63,2.22,98.9,1165.2,21.6,54.82,139.1,193.92,275.96,142.3,True,78.05,77.58,78.59
SYN_00651,SYNTHETIC_SIMULATED,True,,,True,VERIFIED,Olive Pomace,agricultural_residue,50.2,6.2,39.8,1.4,0.1,2.3,26.71132336746944,76.5,21.2,2.0,550.0,20.655,13.494,383.2337192527361,105.0,8.0,441.51,6.47,1.79,42.3,40.46,17.24,117.988,135.083,53.922,77.944,100.0,39.34,42.23,10.0,2.34,3.85,32.82,36.85,11.25,27.57,13.59,2.21,102.6,1159.4,17.3,89.22,98.79,188.01,96.39,51.27,False,93.2,86.32,88.93
SYN_00652,SYNTHETIC_SIMULATED,True,,,True,VERIFIED,Wheat Straw,agricultural_residue,46.5,5.9,41.2,0.7,0.1,5.6,25.470056729430706,75.0,19.4,2.0,220.0,18.806,12.435,281.36661494904615,105.0,8.0,682.57,11.12,34.36,18.37,15.01,66.62,37.541,47.989,141.835,53.429,100.0,46.97,15.8,15.5,15.22,4.57,24.63,128.97,16.03,44.28,8.88,2.3,67.8,1122.6,5.0,62.06,135.14,197.2,480.89,243.87,True,62.93,62.34,61.97
SYN_00653,SYNTHETIC_SIMULATED,True,,,True,VERIFIED,Rice Husk,agricultural_residue,39.5,5.1,36.5,0.4,0.1,18.4,6.852681627204107,63.5,18.1,2.0,340.0,15.64,13.364,161.02668270780447,105.0,6.852681627204107,435.25,332.18,0.43,49.16,35.03,15.81,71.965,61.204,26.305,0.0,100.0,38.84,43.15,9.76,2.2,3.8,33.03,17.82,11.05,27.27,10.24,2.21,103.6,1160.0,17.7,0.0,51.54,51.54,45.82,88.9,False,79.9,78.69,80.91
SYN_00654,SYNTHETIC_SIMULATED,True,,,True,VERIFIED,Sugarcane Bagasse,agricultural_residue,48.0,5.8,43.5,0.3,0.05,2.35,13.300455657424774,81.0,16.65,2.0,180.0,19.044,15.089,387.81736904745816,105.0,8.0,416.03,341.51,24.38,43.63,40.91,15.46,143.704,161.646,59.618,22.344,100.0,37.11,46.26,8.98,1.79,3.63,33.72,38.98,10.4,27.43,12.49,2.2,105.2,1159.7,17.5,38.98,110.2,149.18,94.33,63.23,False,91.75,87.93,90.77
SYN_00655,SYNTHETIC_SIMULATED,True,,,True,VERIFIED,Miscanthus,energy_crop,48.5,5.7,42.6,0.6,0.1,2.5,13.361916812302695,79.5,18.0,2.0,200.0,19.191,15.223,463.53604633986964,105.0,8.0,413.23,27.22,38.28,46.43,38.18,15.39,184.706,176.563,69.723,27.016,100.0,37.03,46.41,8.94,1.77,3.62,33.76,46.05,10.37,28.32,12.43,2.2,103.9,1157.7,16.2,46.87,131.26,178.12,111.08,62.36,False,92.89,89.04,91.83
SYN_00656,SYNTHETIC_SIMULATED,True,,,True,VERIFIED,Almond Shells,nut_shells,51.0,6.0,39.5,0.5,0.05,2.95,23.914506827033108,73.5,23.55,2.0,480.0,20.725,14.189,189.69253293529775,105.0,8.0,502.38,473.48,0.13,25.27,50.07,24.66,35.77,80.57,38.918,32.814,100.0,44.85,30.79,12.79,5.02,4.34,29.97,29.16,13.54,25.02,14.24,2.21,100.9,1165.0,21.5,38.93,60.93,99.85,91.83,91.96,False,81.53,79.87,81.13
SYN_00657,SYNTHETIC_SIMULATED,True,,,True,VERIFIED,Pine Sawdust,woody_biomass,51.5,6.3,41.6,0.2,0.05,0.35,21.843901340592527,82.5,17.15,2.0,420.0,21.095,14.879,468.2147861601332,105.0,8.0,716.85,163.37,0.2,12.37,30.19,57.43,43.941,136.229,214.968,70.456,100.0,46.79,15.12,15.59,16.01,4.58,24.31,199.06,16.13,31.68,12.97,2.26,81.5,1150.3,12.2,86.52,252.58,339.1,746.76,220.22,True,68.83,68.39,68.11
SYN_00658,SYNTHETIC_SIMULATED,True,,,True,VERIFIED,Beech Wood,woody_biomass,49.5,6.1,43.8,0.2,0.02,0.38,15.578861492033777,84.0,15.62,2.0,460.0,19.93,15.321,274.39793972071567,105.0,8.0,467.78,436.53,2.74,29.75,50.46,19.79,68.109,130.318,51.135,22.605,100.0,41.74,37.63,11.14,3.17,4.07,31.73,36.26,12.19,24.94,13.63,2.21,103.8,1165.1,21.6,33.74,87.72,121.47,102.79,84.62,False,86.92,84.84,86.9
SYN_00659,SYNTHETIC_SIMULATED,True,,,True,VERIFIED,Olive Pomace,agricultural_residue,50.2,6.2,39.8,1.4,0.1,2.3,14.926374021780942,76.5,21.2,2.0,550.0,20.655,16.056,216.34069525709134,105.0,8.0,494.54,33.19,0.16,27.67,49.42,22.91,50.457,101.922,46.344,16.288,100.0,43.95,32.93,12.28,4.34,4.26,30.55,34.08,13.13,25.17,14.12,2.21,101.4,1164.6,21.2,25.21,75.04,100.25,104.03,103.77,True,82.52,82.03,83.11
SYN_00660,SYNTHETIC_SIMULATED,True,,,True,VERIFIED,Wheat Straw,agricultural_residue,46.5,5.9,41.2,0.7,0.1,5.6,8.19897702232622,75.0,19.4,2.0,220.0,18.806,15.882,471.6335207073734,105.0,8.0,691.84,47.66,0.73,17.62,27.5,54.87,74.834,148.398,242.534,1.02,100.0,46.91,15.58,15.53,15.48,4.57,24.52,222.9,16.06,33.14,11.14,2.26,80.9,1147.1,10.8,23.66,284.55,308.21,832.79,270.2,True,63.69,63.28,63.23
SYN_00661,SYNTHETIC_SIMULATED,True,,,True,VERIFIED,Rice Husk,agricultural_residue,39.5,5.1,36.5,0.4,0.1,18.4,15.300179797387123,63.5,18.1,2.0,340.0,15.64,11.931,390.97244308730086,105.0,8.0,693.65,14.34,1.51,29.19,18.09,52.72,94.911,85.087,178.341,31.024,100.0,46.92,15.59,15.53,15.47,4.57,24.53,162.79,16.06,40.57,7.92,2.28,71.9,1130.8,5.7,47.01,217.35,264.36,608.12,230.04,True,67.9,67.33,67.79
SYN_00662,SYNTHETIC_SIMULATED,True,,,True,VERIFIED,Sugarcane Bagasse,agricultural_residue,48.0,5.8,43.5,0.3,0.05,2.35,9.448397824636166,81.0,16.65,2.0,180.0,19.044,15.868,137.77796263286024,105.0,8.0,501.29,6.34,0.13,27.48,48.84,23.68,33.769,69.515,32.261,2.169,100.0,44.36,31.97,12.51,4.63,4.29,30.29,23.99,13.31,25.3,12.93,2.21,101.0,1164.3,21.0,8.61,51.66,60.27,74.28,123.24,True,81.34,80.75,82.41
SYN_00663,SYNTHETIC_SIMULATED,True,,,True,VERIFIED,Miscanthus,energy_crop,48.5,5.7,42.6,0.6,0.1,2.5,12.870013552676777,79.5,18.0,2.0,200.0,19.191,15.323,325.35134969082884,105.0,8.0,500.39,198.32,0.28,24.88,51.05,24.07,69.469,161.596,74.884,17.222,100.0,44.56,31.5,12.62,4.78,4.31,30.16,55.73,13.4,24.81,13.16,2.21,101.5,1165.4,21.9,31.32,118.27,149.58,173.74,116.15,True,80.33,79.87,81.32
SYN_00664,SYNTHETIC_SIMULATED,True,,,True,VERIFIED,Almond Shells,nut_shells,51.0,6.0,39.5,0.5,0.05,2.95,6.829823565795575,73.5,23.55,2.0,480.0,20.725,17.923,59.5172802827702,105.0,6.829823565795575,535.56,166.29,0.86,21.47,49.25,29.28,11.65,30.122,17.59,0.0,100.0,46.36,26.47,13.75,6.78,4.46,28.71,13.66,14.35,23.4,14.6,2.21,101.5,1168.5,24.6,0.0,25.05,25.05,45.57,181.9,True,76.1,75.6,76.35
SYN_00665,SYNTHETIC_SIMULATED,True,,,True,VERIFIED,Pine Sawdust,woody_biomass,51.5,6.3,41.6,0.2,0.05,0.35,16.344704754460032,82.5,17.15,2.0,420.0,21.095,16.098,286.4230538302089,105.0,8.0,626.98,46.68,0.11,13.8,40.13,46.08,32.847,112.372,114.928,25.98,100.0,47.34,17.88,15.25,12.95,4.57,25.57,100.86,15.75,27.67,13.87,2.23,90.9,1159.1,17.1,37.39,136.83,174.22,369.33,212.0,True,72.04,71.59,71.73
SYN_00666,SYNTHETIC_SIMULATED,True,,,True,VERIFIED,Beech Wood,woody_biomass,49.5,6.1,43.8,0.2,0.02,0.38,23.3388438508097,84.0,15.62,2.0,460.0,19.93,13.688,417.7197360469175,105.0,8.0,493.7,24.64,28.47,24.85,51.05,24.1,78.157,184.201,86.019,69.645,100.0,44.28,32.18,12.46,4.57,4.29,30.35,62.66,13.27,24.81,13.66,2.21,101.7,1165.4,21.8,83.35,132.15,215.5,193.44,89.76,False,84.77,82.89,84.67
SYN_00667,SYNTHETIC_SIMULATED,True,,,True,VERIFIED,Olive Pomace,agricultural_residue,50.2,6.2,39.8,1.4,0.1,2.3,23.009671164629186,76.5,21.2,2.0,550.0,20.655,14.299,281.7584377640313,105.0,8.0,443.42,28.58,0.68,39.39,43.11,17.5,84.918,106.85,42.412,45.968,100.0,39.62,41.7,10.13,2.42,3.87,32.7,29.1,11.36,26.77,13.76,2.21,103.5,1161.1,18.5,55.31,76.96,132.27,76.86,58.11,False,90.95,85.49,87.85
SYN_00668,SYNTHETIC_SIMULATED,True,,,True,VERIFIED,Wheat Straw,agricultural_residue,46.5,5.9,41.2,0.7,0.1,5.6,14.049720361090058,75.0,19.4,2.0,220.0,18.806,14.715,466.49265375094507,105.0,8.0,662.48,6.18,36.77,18.89,19.44,61.67,74.084,109.127,253.253,30.676,100.0,47.12,16.48,15.42,14.45,4.57,24.94,226.26,15.94,39.2,9.91,2.28,75.0,1133.8,6.4,50.33,246.18,296.51,838.79,282.88,True,63.0,62.55,62.32
SYN_00669,SYNTHETIC_SIMULATED,True,,,True,VERIFIED,Rice Husk,agricultural_residue,39.5,5.1,36.5,0.4,0.1,18.4,13.11765624973475,63.5,18.1,2.0,340.0,15.64,12.301,438.2909607601371,105.0,8.0,665.14,6.3,21.42,29.75,10.83,59.42,111.278,70.831,232.501,24.381,100.0,47.09,16.34,15.44,14.61,4.57,24.88,206.54,15.96,51.18,6.07,2.32,60.0,1107.4,5.0,43.26,235.91,279.16,766.61,274.61,True,65.65,65.11,65.35
SYN_00670,SYNTHETIC_SIMULATED,True,,,True,VERIFIED,Sugarcane Bagasse,agricultural_residue,48.0,5.8,43.5,0.3,0.05,2.35,19.161814957551282,81.0,16.65,2.0,180.0,19.044,13.903,190.9920636076272,105.0,8.0,678.97,7.23,0.72,15.59,30.77,53.64,23.769,58.303,85.285,23.172,100.0,47.0,15.93,15.49,15.07,4.57,24.69,77.4,16.02,31.39,11.68,2.25,83.7,1150.9,12.5,30.24,98.45,128.68,288.29,224.03,True,68.59,68.0,68.28
SYN_00671,SYNTHETIC_SIMULATED,True,,,True,VERIFIED,Miscanthus,energy_crop,48.5,5.7,42.6,0.6,0.1,2.5,10.742426531721954,79.5,18.0,2.0,200.0,19.191,15.757,176.74963416786028,105.0,8.0,514.91,631.58,3.89,22.83,50.8,26.37,35.589,90.631,45.079,5.269,100.0,45.42,29.3,13.13,5.56,4.38,29.55,34.41,13.83,24.86,13.15,2.21,100.6,1165.3,21.8,13.3,68.28,81.59,110.63,135.6,True,78.43,77.89,79.21
SYN_00672,SYNTHETIC_SIMULATED,True,,,True,VERIFIED,Almond Shells,nut_shells,51.0,6.0,39.5,0.5,0.05,2.95,19.695797181770487,73.5,23.55,2.0,480.0,20.725,15.111,117.05887352480516,105.0,8.0,649.89,11.97,33.55,16.76,23.14,60.1,15.533,28.328,57.539,14.881,100.0,47.18,16.79,15.39,14.1,4.57,25.09,51.54,15.9,36.04,11.79,2.26,79.3,1140.7,8.4,19.15,56.64,75.79,190.56,251.43,True,66.5,65.84,65.53
SYN_00673,SYNTHETIC_SIMULATED,True,,,True,VERIFIED,Pine Sawdust,woody_biomass,51.5,6.3,41.6,0.2,0.05,0.35,21.019740845929398,82.5,17.15,2.0,420.0,21.095,15.062,456.8064956612506,105.0,8.0,513.5,582.11,5.4,21.07,52.38,26.55,75.189,214.877,102.976,64.647,100.0,45.4,29.36,13.12,5.54,4.38,29.57,79.29,13.81,24.53,14.58,2.21,101.1,1166.0,22.4,80.7,155.99,236.69,254.75,107.63,True,81.8,81.37,82.36
SYN_00674,SYNTHETIC_SIMULATED,True,,,True,VERIFIED,Beech Wood,woody_biomass,49.5,6.1,43.8,0.2,0.02,0.38,7.995446300484701,84.0,15.62,2.0,460.0,19.93,16.917,443.8615007364978,105.0,7.995446300484701,738.26,749.78,3.48,12.21,24.69,63.1,49.021,131.22,260.166,0.0,100.0,46.72,14.84,15.62,16.33,4.58,24.17,243.99,16.17,34.91,11.5,2.27,76.7,1143.2,9.3,0.0,293.19,293.19,917.71,313.01,True,65.4,65.33,65.0
SYN_00675,SYNTHETIC_SIMULATED,True,,,True,VERIFIED,Olive Pomace,agricultural_residue,50.2,6.2,39.8,1.4,0.1,2.3,23.949445066669863,76.5,21.2,2.0,550.0,20.655,14.094,414.1994528832405,105.0,8.0,472.51,75.98,0.2,31.15,48.53,20.32,96.679,172.967,70.118,71.807,100.0,42.23,36.63,11.39,3.39,4.11,31.49,50.7,12.39,25.37,14.07,2.21,102.7,1164.2,20.8,85.14,121.17,206.31,146.11,70.82,False,86.43,82.25,84.21
SYN_00676,SYNTHETIC_SIMULATED,True,,,True,VERIFIED,Wheat Straw,agricultural_residue,46.5,5.9,41.2,0.7,0.1,5.6,9.536436007784587,75.0,19.4,2.0,220.0,18.806,15.615,92.59629504178247,105.0,8.0,680.12,60.55,0.26,17.61,29.36,53.03,14.631,30.546,46.121,1.546,100.0,46.99,15.88,15.49,15.13,4.57,24.66,41.52,16.02,32.11,11.35,2.25,82.8,1149.4,11.8,5.87,53.64,59.51,154.73,260.03,True,64.36,63.64,63.76
SYN_00677,SYNTHETIC_SIMULATED,True,,,True,VERIFIED,Rice Husk,agricultural_residue,39.5,5.1,36.5,0.4,0.1,18.4,16.93833300273264,63.5,18.1,2.0,340.0,15.64,11.653,54.01486459434843,105.0,8.0,506.39,664.48,0.18,36.63,40.2,23.17,16.103,21.328,11.279,5.248,100.0,44.82,30.87,12.77,4.99,4.33,29.99,8.43,13.53,27.65,10.18,2.22,97.4,1159.2,17.2,7.37,18.91,26.28,26.51,100.86,True,77.86,76.54,78.32
SYN_00678,SYNTHETIC_SIMULATED,True,,,True,VERIFIED,Sugarcane Bagasse,agricultural_residue,48.0,5.8,43.5,0.3,0.05,2.35,6.4140344667799525,81.0,16.65,2.0,180.0,19.044,16.481,152.32026920666243,105.0,6.4140344667799525,558.01,249.22,0.12,18.16,48.51,33.34,25.514,75.803,49.611,0.0,100.0,47.07,23.53,14.35,8.39,4.53,27.76,40.92,14.86,22.89,13.42,2.21,100.9,1169.6,25.7,0.0,68.18,68.18,141.48,207.52,True,74.11,73.9,74.84
SYN_00679,SYNTHETIC_SIMULATED,True,,,True,VERIFIED,Miscanthus,energy_crop,48.5,5.7,42.6,0.6,0.1,2.5,27.446845533132446,79.5,18.0,2.0,200.0,19.191,12.351,74.37728891573079,105.0,8.0,716.58,68.69,6.25,14.49,21.43,64.08,7.62,15.808,35.676,15.722,100.0,46.79,15.1,15.59,16.04,4.58,24.3,32.5,16.13,37.4,10.55,2.28,74.6,1137.7,7.5,17.86,37.34,55.2,121.95,220.93,True,66.15,65.13,65.09
SYN_00680,SYNTHETIC_SIMULATED,True,,,True,VERIFIED,Almond Shells,nut_shells,51.0,6.0,39.5,0.5,0.05,2.95,12.187036543034775,73.5,23.55,2.0,480.0,20.725,16.752,89.56824143227078,105.0,8.0,465.7,175.63,0.73,33.18,47.24,19.57,25.66,41.898,17.063,4.076,100.0,41.65,37.81,11.1,3.14,4.06,31.77,12.1,12.15,25.68,14.09,2.21,102.9,1163.5,20.3,8.02,29.7,37.72,34.2,90.67,False,84.81,83.28,84.86
SYN_00681,SYNTHETIC_SIMULATED,True,,,True,VERIFIED,Pine Sawdust,woody_biomass,51.5,6.3,41.6,0.2,0.05,0.35,22.888793609660645,82.5,17.15,2.0,420.0,21.095,14.647,194.99737980347658,105.0,8.0,363.73,28.42,0.91,58.66,28.54,12.8,86.403,52.736,21.662,31.557,100.0,32.68,53.89,7.03,1.05,3.16,35.36,13.62,8.76,32.55,12.77,2.21,102.8,1148.4,11.3,38.04,41.42,79.46,27.76,34.93,False,103.83,96.75,99.59
SYN_00682,SYNTHETIC_SIMULATED,True,,,True,VERIFIED,Beech Wood,woody_biomass,49.5,6.1,43.8,0.2,0.02,0.38,24.01593599004646,84.0,15.62,2.0,460.0,19.93,13.546,397.0616773451976,105.0,8.0,701.44,661.43,3.19,12.38,28.75,58.87,37.283,109.345,183.891,69.123,100.0,46.87,15.42,15.55,15.66,4.58,24.45,166.98,16.09,32.44,12.03,2.26,81.4,1148.6,11.4,81.88,201.24,283.12,624.7,220.65,True,68.78,68.28,68.23
SYN_00683,SYNTHETIC_SIMULATED,True,,,True,VERIFIED,Olive Pomace,agricultural_residue,50.2,6.2,39.8,1.4,0.1,2.3,10.830481897424864,76.5,21.2,2.0,550.0,20.655,16.947,245.18564832303275,105.0,8.0,543.69,515.6,0.54,19.75,49.36,30.89,41.827,121.878,72.971,7.543,100.0,46.69,25.24,14.01,7.41,4.49,28.32,57.46,14.57,25.18,14.12,2.22,98.6,1164.6,21.2,18.67,101.95,120.61,194.7,161.42,True,76.01,75.56,76.15
SYN_00684,SYNTHETIC_SIMULATED,True,,,True,VERIFIED,Wheat Straw,agricultural_residue,46.5,5.9,41.2,0.7,0.1,5.6,18.801484052944417,75.0,19.4,2.0,220.0,18.806,13.766,307.9866462876995,105.0,8.0,447.21,640.83,26.19,38.22,44.01,17.77,93.999,125.563,49.32,36.16,100.0,40.08,40.85,10.34,2.56,3.92,32.5,34.29,11.53,26.52,12.48,2.21,103.4,1161.7,18.9,47.67,89.98,137.64,91.97,66.82,False,85.43,81.04,83.62
SYN_00685,SYNTHETIC_SIMULATED,True,,,True,VERIFIED,Rice Husk,agricultural_residue,39.5,5.1,36.5,0.4,0.1,18.4,26.41520046373744,63.5,18.1,2.0,340.0,15.64,10.045,285.688462222548,105.0,8.0,462.63,236.31,7.16,43.87,38.13,18.0,92.212,94.495,41.867,57.185,100.0,41.24,38.62,10.9,2.97,4.02,31.97,29.29,11.99,28.34,10.06,2.21,99.6,1157.6,16.2,65.68,78.38,144.05,81.65,56.68,False,82.48,73.93,77.82
SYN_00686,SYNTHETIC_SIMULATED,True,,,True,VERIFIED,Sugarcane Bagasse,agricultural_residue,48.0,5.8,43.5,0.3,0.05,2.35,15.893236177996554,81.0,16.65,2.0,180.0,19.044,14.564,200.26858186793515,105.0,8.0,576.34,204.0,0.13,16.91,46.14,36.95,28.208,89.913,65.123,17.182,100.0,47.36,21.49,14.71,9.78,4.55,27.03,54.67,15.2,25.96,12.79,2.22,95.8,1162.9,19.8,25.25,85.46,110.71,193.28,174.58,True,73.56,73.01,73.88
SYN_00687,SYNTHETIC_SIMULATED,True,,,True,VERIFIED,Miscanthus,energy_crop,48.5,5.7,42.6,0.6,0.1,2.5,8.461926654700257,79.5,18.0,2.0,200.0,19.191,16.222,230.98636521883193,105.0,8.0,670.99,21.13,0.34,15.4,32.3,52.3,32.217,83.568,115.541,1.16,100.0,47.05,16.16,15.46,14.81,4.57,24.8,103.09,15.98,30.67,11.94,2.25,85.0,1152.5,13.3,12.19,132.59,144.77,383.23,264.7,True,67.32,66.85,67.06
SYN_00688,SYNTHETIC_SIMULATED,True,,,True,VERIFIED,Almond Shells,nut_shells,51.0,6.0,39.5,0.5,0.05,2.95,19.278658868933405,73.5,23.55,2.0,480.0,20.725,15.202,134.26758419046087,105.0,8.0,596.83,6.82,7.77,18.77,38.55,42.68,19.998,49.42,48.343,16.46,100.0,47.44,20.13,14.94,10.87,4.57,26.51,40.85,15.42,28.2,13.53,2.23,92.0,1158.0,16.4,21.41,57.13,78.55,146.47,186.47,True,72.45,71.83,72.11
SYN_00689,SYNTHETIC_SIMULATED,True,,,True,VERIFIED,Pine Sawdust,woody_biomass,51.5,6.3,41.6,0.2,0.05,0.35,16.30205359809296,82.5,17.15,2.0,420.0,21.095,16.107,414.87181831180743,105.0,8.0,413.09,6.75,3.55,47.58,37.01,15.41,163.089,153.171,59.971,37.438,100.0,36.95,46.55,8.9,1.75,3.62,33.79,39.71,10.34,28.74,13.63,2.21,103.4,1156.8,15.6,53.98,113.2,167.18,95.53,57.14,False,96.58,92.31,94.78
SYN_00690,SYNTHETIC_SIMULATED,True,,,True,VERIFIED,Beech Wood,woody_biomass,49.5,6.1,43.8,0.2,0.02,0.38,26.628810840595836,84.0,15.62,2.0,460.0,19.93,12.996,60.05749965471859,105.0,8.0,583.95,779.54,0.55,14.77,46.61,38.62,6.386,23.311,17.872,12.161,100.0,47.41,20.83,14.83,10.29,4.56,26.78,15.06,15.31,25.84,13.44,2.22,95.5,1163.2,20.0,13.93,22.76,36.7,53.62,146.11,True,76.35,75.25,76.12
SYN_00691,SYNTHETIC_SIMULATED,True,,,True,VERIFIED,Olive Pomace,agricultural_residue,50.2,6.2,39.8,1.4,0.1,2.3,20.84447252635038,76.5,21.2,2.0,550.0,20.655,14.77,97.67278626799086,105.0,8.0,443.66,28.8,4.76,39.21,43.24,17.55,29.959,38.847,15.073,13.636,100.0,39.68,41.59,10.15,2.44,3.88,32.67,10.41,11.38,26.73,13.77,2.21,103.5,1161.2,18.6,17.09,27.48,44.56,27.55,61.82,False,90.43,85.44,87.72
SYN_00692,SYNTHETIC_SIMULATED,True,,,True,VERIFIED,Wheat Straw,agricultural_residue,46.5,5.9,41.2,0.7,0.1,5.6,14.719464480951252,75.0,19.4,2.0,220.0,18.806,14.581,250.4780721347979,105.0,8.0,644.9,153.62,25.62,17.8,24.05,58.15,37.924,67.052,127.045,18.294,100.0,47.23,17.05,15.36,13.82,4.57,25.2,112.95,15.86,35.37,10.68,2.26,80.4,1142.2,8.9,28.68,126.91,155.59,416.67,267.81,True,63.59,63.07,62.95
SYN_00693,SYNTHETIC_SIMULATED,True,,,True,VERIFIED,Rice Husk,agricultural_residue,39.5,5.1,36.5,0.4,0.1,18.4,12.541167413904146,63.5,18.1,2.0,340.0,15.64,12.399,427.1123964295811,105.0,8.0,396.83,45.98,40.26,58.43,28.08,13.49,216.94,133.102,56.397,21.082,100.0,35.45,49.16,8.24,1.46,3.46,34.36,36.47,9.79,32.81,9.28,2.22,99.1,1147.8,11.1,39.72,115.59,155.32,83.0,53.44,False,82.45,77.0,80.42
SYN_00694,SYNTHETIC_SIMULATED,True,,,True,VERIFIED,Sugarcane Bagasse,agricultural_residue,48.0,5.8,43.5,0.3,0.05,2.35,17.68388915755579,81.0,16.65,2.0,180.0,19.044,14.202,56.076429726604495,105.0,8.0,358.34,610.78,2.35,57.14,30.21,12.65,25.799,17.504,6.605,5.903,100.0,32.51,54.17,6.95,1.03,3.14,35.42,4.15,8.7,31.67,11.62,2.2,104.4,1150.3,12.2,8.06,12.61,20.67,8.4,40.64,False,99.69,93.08,96.46
SYN_00695,SYNTHETIC_SIMULATED,True,,,True,VERIFIED,Miscanthus,energy_crop,48.5,5.7,42.6,0.6,0.1,2.5,9.333596157961793,79.5,18.0,2.0,200.0,19.191,16.044,370.22733819322343,105.0,8.0,410.07,15.75,5.06,48.48,36.39,15.13,162.115,144.669,57.481,5.367,100.0,36.65,47.07,8.77,1.69,3.59,33.9,37.58,10.23,28.97,12.29,2.21,103.4,1156.3,15.3,22.72,108.34,131.06,89.42,68.23,False,93.25,90.3,93.04
SYN_00696,SYNTHETIC_SIMULATED,True,,,True,VERIFIED,Almond Shells,nut_shells,51.0,6.0,39.5,0.5,0.05,2.95,15.335884728154728,73.5,23.55,2.0,480.0,20.725,16.064,444.76220107813566,105.0,8.0,361.77,255.89,2.0,59.45,27.87,12.68,218.88,132.797,53.586,35.464,100.0,32.6,54.03,6.99,1.04,3.15,35.39,33.72,8.73,32.93,12.48,2.21,102.4,1147.6,11.0,53.63,103.29,156.92,68.5,43.65,False,99.43,94.56,97.22
SYN_00697,SYNTHETIC_SIMULATED,True,,,True,VERIFIED,Pine Sawdust,woody_biomass,51.5,6.3,41.6,0.2,0.05,0.35,25.79340564077519,82.5,17.15,2.0,420.0,21.095,14.004,355.97853355899457,105.0,8.0,723.59,476.77,19.23,12.36,12.83,74.81,31.957,55.225,199.92,68.849,100.0,46.78,15.05,15.59,16.09,4.58,24.27,184.57,16.14,47.54,9.39,2.32,62.4,1115.4,5.0,79.65,183.87,263.52,692.84,262.92,True,64.29,63.79,62.97
SYN_00698,SYNTHETIC_SIMULATED,True,,,True,VERIFIED,Beech Wood,woody_biomass,49.5,6.1,43.8,0.2,0.02,0.38,25.631197446538877,84.0,15.62,2.0,460.0,19.93,13.206,132.09692535079478,105.0,8.0,473.03,25.41,0.12,29.16,49.99,20.85,28.188,55.348,22.597,25.316,100.0,42.57,35.94,11.56,3.55,4.14,31.32,16.31,12.53,25.04,13.61,2.21,102.8,1164.9,21.4,29.35,38.2,67.54,47.53,70.37,False,88.24,83.39,85.89
SYN_00699,SYNTHETIC_SIMULATED,True,,,True,VERIFIED,Olive Pomace,agricultural_residue,50.2,6.2,39.8,1.4,0.1,2.3,18.856559038374197,76.5,21.2,2.0,550.0,20.655,15.202,207.37820770022847,105.0,8.0,435.35,59.22,5.67,40.43,42.72,16.86,67.518,83.214,31.687,24.472,100.0,38.9,43.05,9.79,2.21,3.8,33.0,21.61,11.08,26.88,13.74,2.2,104.1,1160.9,18.3,32.21,58.38,90.58,55.67,61.46,False,90.84,86.32,88.55
SYN_00700,SYNTHETIC_SIMULATED,True,,,True,VERIFIED,Wheat Straw,agricultural_residue,46.5,5.9,41.2,0.7,0.1,5.6,25.85562108353508,75.0,19.4,2.0,220.0,18.806,12.358,208.501927511869,105.0,8.0,667.01,16.63,17.53,18.35,18.48,63.17,27.934,40.403,100.224,40.467,100.0,47.07,16.26,15.45,14.7,4.57,24.84,89.64,15.97,40.16,9.71,2.28,73.5,1131.7,5.9,46.78,96.3,143.08,332.95,232.7,True,64.0,63.36,63.12
SYN_00701,SYNTHETIC_SIMULATED,True,,,True,VERIFIED,Rice Husk,agricultural_residue,39.5,5.1,36.5,0.4,0.1,18.4,20.24102710196988,63.5,18.1,2.0,340.0,15.64,11.092,155.44944553452845,105.0,8.0,615.16,22.09,38.89,30.1,22.04,47.86,36.342,36.418,60.95,20.683,100.0,47.41,18.65,15.15,12.19,4.57,25.91,52.66,15.64,36.9,8.56,2.26,79.9,1138.8,7.8,26.27,68.65,94.92,191.5,201.76,True,70.35,69.55,70.26
SYN_00702,SYNTHETIC_SIMULATED,True,,,True,VERIFIED,Sugarcane Bagasse,agricultural_residue,48.0,5.8,43.5,0.3,0.05,2.35,11.183842354654251,81.0,16.65,2.0,180.0,19.044,15.517,331.417856645185,105.0,8.0,623.43,132.53,0.99,15.26,39.49,45.25,44.708,138.081,139.023,11.469,100.0,47.38,18.24,15.21,12.59,4.57,25.73,120.99,15.7,27.88,12.4,2.23,91.0,1158.7,16.8,26.39,165.63,192.02,441.63,229.99,True,69.77,69.32,69.83
SYN_00703,SYNTHETIC_SIMULATED,True,,,True,VERIFIED,Miscanthus,energy_crop,48.5,5.7,42.6,0.6,0.1,2.5,11.154970811887159,79.5,18.0,2.0,200.0,19.191,15.673,137.21984170830441,105.0,8.0,723.69,18.78,4.05,15.07,22.69,62.24,17.881,36.862,76.746,4.706,100.0,46.77,15.01,15.6,16.14,4.58,24.25,71.54,16.15,36.38,10.76,2.27,75.6,1140.0,8.2,10.89,85.36,96.25,268.65,279.13,True,64.63,64.03,63.95
SYN_00704,SYNTHETIC_SIMULATED,True,,,True,VERIFIED,Almond Shells,nut_shells,51.0,6.0,39.5,0.5,0.05,2.95,17.816567808334874,73.5,23.55,2.0,480.0,20.725,15.522,123.03178107766462,105.0,8.0,415.12,83.48,2.91,46.17,38.43,15.4,47.102,45.852,17.354,13.128,100.0,37.06,46.36,8.95,1.77,3.63,33.75,11.61,10.38,28.24,13.52,2.2,104.0,1157.9,16.3,17.85,33.08,50.93,28.03,55.04,False,92.92,87.97,90.45
SYN_00705,SYNTHETIC_SIMULATED,True,,,True,VERIFIED,Pine Sawdust,woody_biomass,51.5,6.3,41.6,0.2,0.05,0.35,8.317412390649446,82.5,17.15,2.0,420.0,21.095,17.877,262.82955553109275,105.0,8.0,488.93,45.7,0.24,26.03,51.47,22.5,61.537,138.101,61.028,0.907,100.0,43.66,33.6,12.13,4.15,4.23,30.72,43.79,13.0,24.72,14.54,2.21,102.3,1165.6,22.0,13.49,97.21,110.71,132.35,119.55,True,83.44,83.02,84.28
SYN_00706,SYNTHETIC_SIMULATED,True,,,True,VERIFIED,Beech Wood,woody_biomass,49.5,6.1,43.8,0.2,0.02,0.38,27.191186965805425,84.0,15.62,2.0,460.0,19.93,12.878,176.31277852546174,105.0,8.0,423.5,277.8,0.19,40.62,43.44,15.95,51.502,64.044,23.089,36.779,100.0,37.67,45.26,9.23,1.91,3.69,33.5,15.49,10.61,26.68,13.26,2.2,105.6,1161.3,18.6,41.88,42.85,84.73,38.23,45.11,False,95.51,87.48,90.69
SYN_00707,SYNTHETIC_SIMULATED,True,,,True,VERIFIED,Olive Pomace,agricultural_residue,50.2,6.2,39.8,1.4,0.1,2.3,11.851286144115985,76.5,21.2,2.0,550.0,20.655,16.725,398.20632342943765,105.0,8.0,428.02,49.92,1.61,43.18,40.67,16.15,149.662,162.241,64.856,16.67,100.0,38.03,44.62,9.39,1.99,3.72,33.36,42.75,10.75,27.5,13.6,2.2,104.1,1159.5,17.4,34.33,118.51,152.84,106.85,69.91,False,91.16,88.27,90.32
SYN_00708,SYNTHETIC_SIMULATED,True,,,True,VERIFIED,Wheat Straw,agricultural_residue,46.5,5.9,41.2,0.7,0.1,5.6,13.177010313795861,75.0,19.4,2.0,220.0,18.806,14.889,154.19967143016947,105.0,8.0,372.86,5.7,4.32,62.27,24.65,13.08,82.349,43.231,19.363,8.677,100.0,33.5,52.49,7.38,1.16,3.25,35.07,12.33,9.07,34.95,10.77,2.22,98.1,1143.1,9.2,15.31,38.33,53.63,26.0,48.48,False,96.97,92.04,95.13
SYN_00709,SYNTHETIC_SIMULATED,True,,,True,VERIFIED,Rice Husk,agricultural_residue,39.5,5.1,36.5,0.4,0.1,18.4,19.00827116540515,63.5,18.1,2.0,340.0,15.64,11.301,288.7558969180318,105.0,8.0,684.59,6.2,4.13,29.57,16.39,54.03,67.898,55.774,128.998,34.551,100.0,46.97,15.79,15.5,15.24,4.57,24.62,117.17,16.04,42.5,7.59,2.29,69.9,1126.5,5.0,45.28,150.87,196.15,436.97,222.77,True,68.2,67.56,68.01
SYN_00710,SYNTHETIC_SIMULATED,True,,,True,VERIFIED,Sugarcane Bagasse,agricultural_residue,48.0,5.8,43.5,0.3,0.05,2.35,23.25533997081678,81.0,16.65,2.0,180.0,19.044,13.076,392.54085824833913,105.0,8.0,397.07,103.33,2.36,48.97,36.8,14.22,144.564,130.818,48.808,65.091,100.0,35.26,49.48,8.16,1.43,3.44,34.43,31.47,9.72,28.82,12.2,2.2,105.2,1156.6,15.5,78.0,92.59,170.6,71.13,41.69,False,96.61,89.12,92.52
SYN_00711,SYNTHETIC_SIMULATED,True,,,True,VERIFIED,Miscanthus,energy_crop,48.5,5.7,42.6,0.6,0.1,2.5,19.11947591539295,79.5,18.0,2.0,200.0,19.191,14.049,293.6361747531489,105.0,8.0,516.59,5.61,0.75,24.73,48.73,26.54,57.663,130.529,68.457,35.49,100.0,45.56,28.9,13.22,5.72,4.4,29.44,52.15,13.9,25.33,13.05,2.21,99.9,1164.3,20.9,46.37,103.5,149.87,168.6,112.5,True,80.55,80.03,81.41
SYN_00712,SYNTHETIC_SIMULATED,True,,,True,VERIFIED,Almond Shells,nut_shells,51.0,6.0,39.5,0.5,0.05,2.95,21.777964271821595,73.5,23.55,2.0,480.0,20.725,14.656,277.74553975066704,105.0,8.0,424.14,174.79,0.23,42.83,40.99,16.18,91.25,103.822,39.549,41.595,100.0,38.1,44.49,9.43,2.01,3.73,33.33,26.55,10.78,27.4,13.71,2.2,104.1,1159.7,17.5,51.14,73.52,124.67,66.54,53.37,False,91.86,86.22,88.75
SYN_00713,SYNTHETIC_SIMULATED,True,,,True,VERIFIED,Pine Sawdust,woody_biomass,51.5,6.3,41.6,0.2,0.05,0.35,18.50608884412528,82.5,17.15,2.0,420.0,21.095,15.619,440.0360859304114,105.0,8.0,625.87,23.62,17.37,14.25,32.25,53.5,51.066,142.667,199.179,50.251,100.0,47.37,18.1,15.22,12.72,4.57,25.67,172.65,15.71,30.69,13.19,2.24,87.3,1152.5,13.3,66.82,202.89,269.72,630.97,233.94,True,70.38,69.96,69.87
SYN_00714,SYNTHETIC_SIMULATED,True,,,True,VERIFIED,Beech Wood,woody_biomass,49.5,6.1,43.8,0.2,0.02,0.38,15.549480464650085,84.0,15.62,2.0,460.0,19.93,15.327,248.91058764942048,105.0,8.0,485.01,9.8,1.81,27.93,49.95,22.12,57.541,118.362,51.67,20.425,100.0,43.42,34.13,12.0,4.0,4.21,30.86,37.36,12.89,25.05,13.61,2.21,102.0,1164.9,21.4,30.54,84.09,114.63,111.99,97.7,False,85.4,84.66,86.38
SYN_00715,SYNTHETIC_SIMULATED,True,,,True,VERIFIED,Olive Pomace,agricultural_residue,50.2,6.2,39.8,1.4,0.1,2.3,12.061487890831817,76.5,21.2,2.0,550.0,20.655,16.679,124.7444441859711,105.0,8.0,717.66,10.68,0.31,15.43,27.18,57.39,16.758,37.745,64.933,5.507,100.0,46.79,15.11,15.59,16.03,4.58,24.3,59.52,16.13,33.33,12.31,2.26,79.5,1146.7,10.6,11.01,75.85,86.86,223.32,257.11,True,66.56,65.98,65.66
SYN_00716,SYNTHETIC_SIMULATED,True,,,True,VERIFIED,Wheat Straw,agricultural_residue,46.5,5.9,41.2,0.7,0.1,5.6,26.078389537119286,75.0,19.4,2.0,220.0,18.806,12.313,265.4778252152927,105.0,8.0,665.33,87.58,1.63,17.62,30.43,51.95,34.292,73.7,104.32,52.168,100.0,47.1,16.38,15.43,14.56,4.57,24.9,94.54,15.95,31.56,11.46,2.25,84.3,1150.6,12.3,60.15,121.24,181.38,350.79,193.4,True,67.01,66.41,66.5
SYN_00717,SYNTHETIC_SIMULATED,True,,,True,VERIFIED,Rice Husk,agricultural_residue,39.5,5.1,36.5,0.4,0.1,18.4,12.378384929931924,63.5,18.1,2.0,340.0,15.64,12.427,161.30095066667718,105.0,8.0,410.36,31.41,0.59,55.73,29.97,14.29,77.165,52.575,22.481,7.676,100.0,36.73,46.93,8.81,1.71,3.59,33.87,14.81,10.26,31.79,9.46,2.22,99.2,1150.1,12.1,14.74,45.74,60.48,35.36,58.45,False,81.87,76.65,79.96
SYN_00718,SYNTHETIC_SIMULATED,True,,,True,VERIFIED,Sugarcane Bagasse,agricultural_residue,48.0,5.8,43.5,0.3,0.05,2.35,13.542412907971023,81.0,16.65,2.0,180.0,19.044,15.04,403.82183105727324,105.0,8.0,493.11,69.34,1.26,25.82,50.84,23.34,88.422,199.935,89.169,24.328,100.0,44.17,32.42,12.41,4.49,4.28,30.41,66.2,13.23,24.85,13.02,2.21,101.7,1165.3,21.8,41.55,143.51,185.06,203.61,110.02,True,81.27,80.82,82.41
SYN_00719,SYNTHETIC_SIMULATED,True,,,True,VERIFIED,Miscanthus,energy_crop,48.5,5.7,42.6,0.6,0.1,2.5,16.322304292002723,79.5,18.0,2.0,200.0,19.191,14.619,304.9887405555103,105.0,8.0,609.05,9.5,0.32,17.11,40.33,42.56,42.909,119.425,113.658,27.589,100.0,47.43,19.06,15.09,11.8,4.57,26.08,97.65,15.58,27.61,12.58,2.23,92.0,1159.3,17.2,39.74,139.24,178.98,353.73,197.63,True,71.9,71.41,72.0
SYN_00720,SYNTHETIC_SIMULATED,True,,,True,VERIFIED,Almond Shells,nut_shells,51.0,6.0,39.5,0.5,0.05,2.95,25.08906630119942,73.5,23.55,2.0,480.0,20.725,13.932,342.9067379881892,105.0,8.0,708.49,5.65,0.58,16.53,26.68,56.79,41.541,87.074,150.066,63.695,100.0,46.83,15.25,15.57,15.86,4.58,24.37,137.51,16.11,33.63,12.32,2.26,79.5,1146.0,10.3,74.34,174.49,248.84,515.25,207.06,True,68.15,67.65,67.37
SYN_00721,SYNTHETIC_SIMULATED,True,,,True,VERIFIED,Pine Sawdust,woody_biomass,51.5,6.3,41.6,0.2,0.05,0.35,25.17832156387044,82.5,17.15,2.0,420.0,21.095,14.14,374.6970415732708,105.0,8.0,448.63,21.63,38.58,35.72,46.05,18.22,97.334,145.545,57.042,69.964,100.0,40.3,40.43,10.45,2.64,3.94,32.4,39.59,11.62,25.98,14.26,2.2,103.9,1162.9,19.8,81.57,101.56,183.12,106.99,58.43,False,91.92,86.27,88.72
SYN_00722,SYNTHETIC_SIMULATED,True,,,True,VERIFIED,Beech Wood,woody_biomass,49.5,6.1,43.8,0.2,0.02,0.38,21.366399106661586,84.0,15.62,2.0,460.0,19.93,14.103,120.63321223347762,105.0,8.0,629.74,14.17,3.21,14.22,37.31,48.48,13.245,42.448,47.206,17.526,100.0,47.32,17.7,15.28,13.13,4.57,25.5,41.96,15.77,28.63,12.84,2.24,89.5,1157.0,15.8,21.72,54.6,76.33,153.92,201.66,True,72.27,71.57,71.99
SYN_00723,SYNTHETIC_SIMULATED,True,,,True,VERIFIED,Olive Pomace,agricultural_residue,50.2,6.2,39.8,1.4,0.1,2.3,25.826893799182617,76.5,21.2,2.0,550.0,20.655,13.686,107.45325101948345,105.0,8.0,736.36,39.09,0.41,14.73,26.1,59.16,11.765,26.714,48.119,20.821,100.0,46.71,14.82,15.63,16.36,4.58,24.16,44.77,16.18,33.99,12.17,2.27,77.7,1145.2,10.0,24.08,57.45,81.53,168.43,206.59,True,67.56,66.8,66.45
SYN_00724,SYNTHETIC_SIMULATED,True,,,True,VERIFIED,Wheat Straw,agricultural_residue,46.5,5.9,41.2,0.7,0.1,5.6,14.648087385930777,75.0,19.4,2.0,220.0,18.806,14.595,146.07067928776684,105.0,8.0,367.7,392.39,15.09,57.55,29.56,12.89,70.912,46.409,17.905,10.555,100.0,33.17,53.06,7.24,1.11,3.21,35.19,11.45,8.95,32.0,11.37,2.21,103.0,1149.6,11.9,16.62,35.15,51.78,23.83,46.02,False,95.1,89.76,92.85
SYN_00725,SYNTHETIC_SIMULATED,True,,,True,VERIFIED,Rice Husk,agricultural_residue,39.5,5.1,36.5,0.4,0.1,18.4,12.030210027727552,63.5,18.1,2.0,340.0,15.64,12.486,105.58774147800571,105.0,8.0,482.52,7.59,29.31,41.8,37.59,20.62,37.82,41.304,20.633,4.625,100.0,43.29,34.4,11.93,3.93,4.2,30.93,15.12,12.84,28.53,10.02,2.22,97.3,1157.2,15.9,9.29,37.0,46.29,45.15,97.54,False,78.32,77.16,79.08
SYN_00726,SYNTHETIC_SIMULATED,True,,,True,VERIFIED,Sugarcane Bagasse,agricultural_residue,48.0,5.8,43.5,0.3,0.05,2.35,15.465694764678325,81.0,16.65,2.0,180.0,19.044,14.651,86.02492642777189,105.0,8.0,502.7,7.41,0.78,26.39,49.14,24.47,18.764,40.724,19.399,6.981,100.0,44.73,31.08,12.72,4.92,4.33,30.05,14.53,13.49,25.23,12.94,2.21,100.8,1164.5,21.1,10.48,30.55,41.03,45.57,111.06,True,81.51,80.71,82.36
SYN_00727,SYNTHETIC_SIMULATED,True,,,True,VERIFIED,Miscanthus,energy_crop,48.5,5.7,42.6,0.6,0.1,2.5,22.30083537812161,79.5,18.0,2.0,200.0,19.191,13.4,192.2135986416881,105.0,8.0,360.67,9.94,5.55,62.25,25.03,12.71,90.406,48.411,20.797,29.878,100.0,32.63,53.97,7.0,1.04,3.15,35.38,13.3,8.75,34.69,11.11,2.21,99.6,1143.7,9.4,36.39,41.04,77.42,27.06,34.95,False,102.9,95.24,98.62
SYN_00728,SYNTHETIC_SIMULATED,True,,,True,VERIFIED,Almond Shells,nut_shells,51.0,6.0,39.5,0.5,0.05,2.95,26.139919212008206,73.5,23.55,2.0,480.0,20.725,13.702,252.57582172368745,105.0,8.0,364.35,48.11,0.42,59.91,27.22,12.87,112.027,64.8,26.67,49.801,100.0,32.96,53.41,7.15,1.09,3.19,35.26,16.97,8.87,33.31,12.39,2.21,101.3,1146.7,10.6,57.38,52.1,109.47,35.0,31.97,False,101.85,93.56,96.51
SYN_00729,SYNTHETIC_SIMULATED,True,,,True,VERIFIED,Pine Sawdust,woody_biomass,51.5,6.3,41.6,0.2,0.05,0.35,25.43869343871571,82.5,17.15,2.0,420.0,21.095,14.082,87.00232592553029,105.0,8.0,379.07,93.2,24.64,53.19,33.49,13.32,33.738,26.518,9.614,16.491,100.0,33.63,52.28,7.44,1.18,3.27,35.03,6.23,9.11,30.14,13.32,2.2,105.2,1153.7,13.9,19.16,18.67,37.83,13.2,34.9,False,101.68,93.62,96.54
SYN_00730,SYNTHETIC_SIMULATED,True,,,True,VERIFIED,Beech Wood,woody_biomass,49.5,6.1,43.8,0.2,0.02,0.38,11.763483946295967,84.0,15.62,2.0,460.0,19.93,16.124,448.1117336751201,105.0,8.0,362.56,8.99,0.96,60.14,26.99,12.87,231.69,135.73,56.573,18.331,100.0,32.82,53.65,7.09,1.07,3.17,35.31,35.89,8.82,33.44,11.81,2.21,101.3,1146.4,10.5,38.24,109.67,147.91,73.6,49.76,False,102.33,98.22,101.28
SYN_00731,SYNTHETIC_SIMULATED,True,,,True,VERIFIED,Olive Pomace,agricultural_residue,50.2,6.2,39.8,1.4,0.1,2.3,18.840475317218875,76.5,21.2,2.0,550.0,20.655,15.205,445.7986976102466,105.0,8.0,519.86,8.39,18.18,24.25,47.42,28.32,87.182,194.039,110.892,52.529,100.0,45.72,28.44,13.32,5.9,4.41,29.3,84.6,13.99,25.64,14.01,2.21,99.3,1163.6,20.4,69.17,158.93,228.1,275.17,120.63,True,79.95,79.52,80.33
SYN_00732,SYNTHETIC_SIMULATED,True,,,True,VERIFIED,Wheat Straw,agricultural_residue,46.5,5.9,41.2,0.7,0.1,5.6,25.762976882304418,75.0,19.4,2.0,220.0,18.806,12.376,253.7536850696528,105.0,8.0,475.42,14.82,13.13,34.22,45.28,20.5,62.735,97.033,42.706,48.994,100.0,42.51,36.06,11.53,3.52,4.13,31.35,30.52,12.5,26.18,12.55,2.21,101.3,1162.4,19.5,56.7,73.11,129.81,88.77,68.38,False,84.17,78.85,81.5
SYN_00733,SYNTHETIC_SIMULATED,True,,,True,VERIFIED,Rice Husk,agricultural_residue,39.5,5.1,36.5,0.4,0.1,18.4,14.589284423769278,63.5,18.1,2.0,340.0,15.64,12.051,332.78925560451677,105.0,8.0,593.26,49.14,12.36,30.43,28.06,41.52,86.156,100.11,121.877,23.835,100.0,47.44,20.24,14.92,10.77,4.57,26.55,103.15,15.4,32.82,9.28,2.25,86.2,1147.8,11.1,37.68,149.32,187.0,369.38,197.53,True,71.25,70.67,71.54
SYN_00734,SYNTHETIC_SIMULATED,True,,,True,VERIFIED,Sugarcane Bagasse,agricultural_residue,48.0,5.8,43.5,0.3,0.05,2.35,6.53936056731762,81.0,16.65,2.0,180.0,19.044,16.456,430.17496026746056,105.0,6.53936056731762,640.07,80.84,3.15,14.94,35.11,49.95,59.336,162.119,207.134,0.0,100.0,47.26,17.24,15.33,13.62,4.57,25.29,183.98,15.84,26.62,12.66,2.23,91.5,1161.4,18.7,0.0,234.32,234.32,677.55,289.16,True,67.92,67.84,68.07
SYN_00735,SYNTHETIC_SIMULATED,True,,,True,VERIFIED,Miscanthus,energy_crop,48.5,5.7,42.6,0.6,0.1,2.5,14.132340811037565,79.5,18.0,2.0,200.0,19.191,15.066,362.3165597301801,105.0,8.0,741.27,33.02,0.13,14.73,26.15,59.11,45.353,103.607,187.086,24.151,100.0,46.7,14.76,15.64,16.42,4.59,24.14,174.81,16.18,33.96,11.26,2.27,77.5,1145.3,10.0,39.39,226.36,265.74,658.02,247.62,True,65.73,65.27,65.22
SYN_00736,SYNTHETIC_SIMULATED,True,,,True,VERIFIED,Almond Shells,nut_shells,51.0,6.0,39.5,0.5,0.05,2.95,21.22001674266768,73.5,23.55,2.0,480.0,20.725,14.778,57.403737893421884,105.0,8.0,604.27,231.53,20.78,16.88,35.18,47.93,7.338,18.957,22.264,8.249,100.0,47.44,19.39,15.05,11.5,4.57,26.21,19.22,15.53,29.44,13.26,2.24,89.9,1155.2,14.7,10.25,24.4,34.65,69.39,200.23,True,70.32,69.31,69.5
SYN_00737,SYNTHETIC_SIMULATED,True,,,True,VERIFIED,Pine Sawdust,woody_biomass,51.5,6.3,41.6,0.2,0.05,0.35,19.430539416020874,82.5,17.15,2.0,420.0,21.095,15.414,114.91578709450476,105.0,8.0,604.53,102.69,10.54,14.15,39.76,46.09,12.858,42.874,44.453,14.278,100.0,47.45,19.45,15.04,11.45,4.57,26.24,37.99,15.52,27.79,13.85,2.23,92.1,1158.9,17.0,18.5,49.85,68.35,137.1,200.59,True,72.62,71.97,72.18
SYN_00738,SYNTHETIC_SIMULATED,True,,,True,VERIFIED,Beech Wood,woody_biomass,49.5,6.1,43.8,0.2,0.02,0.38,24.467666409116497,84.0,15.62,2.0,460.0,19.93,13.451,112.9883993747759,105.0,8.0,635.18,164.91,0.61,13.14,39.19,47.67,11.013,39.262,42.173,20.225,100.0,47.29,17.49,15.3,13.35,4.57,25.4,37.34,15.8,27.98,12.98,2.24,90.1,1158.4,16.7,23.8,49.61,73.42,137.22,186.91,True,72.51,71.75,72.19
SYN_00739,SYNTHETIC_SIMULATED,True,,,True,VERIFIED,Olive Pomace,agricultural_residue,50.2,6.2,39.8,1.4,0.1,2.3,14.3040945721021,76.5,21.2,2.0,550.0,20.655,16.192,149.98000374841135,105.0,8.0,357.21,19.63,5.24,62.33,25.03,12.64,78.266,41.233,17.99,10.277,100.0,32.48,54.22,6.94,1.02,3.13,35.43,11.37,8.69,34.69,12.01,2.21,99.8,1143.7,9.4,16.56,35.06,51.61,22.99,44.55,False,101.41,96.61,99.21
SYN_00740,SYNTHETIC_SIMULATED,True,,,True,VERIFIED,Wheat Straw,agricultural_residue,46.5,5.9,41.2,0.7,0.1,5.6,17.199120987517233,75.0,19.4,2.0,220.0,18.806,14.086,384.52826603528973,105.0,8.0,587.04,155.31,1.08,19.49,41.97,38.54,60.43,155.802,129.948,38.449,100.0,47.42,20.71,14.84,10.38,4.56,26.74,108.28,15.32,27.1,12.36,2.23,93.8,1160.4,18.0,53.44,164.99,218.43,385.93,176.69,True,70.37,69.89,70.45
SYN_00741,SYNTHETIC_SIMULATED,True,,,True,VERIFIED,Rice Husk,agricultural_residue,39.5,5.1,36.5,0.4,0.1,18.4,14.205021613105298,63.5,18.1,2.0,340.0,15.64,12.117,91.97456147932597,105.0,8.0,512.71,25.0,13.34,36.76,38.33,24.9,28.643,35.808,21.505,6.203,100.0,45.22,29.83,13.01,5.36,4.37,29.7,15.95,13.73,28.27,10.07,2.22,96.3,1157.8,16.3,10.06,33.85,43.91,50.91,115.94,True,76.85,75.92,77.55
SYN_00742,SYNTHETIC_SIMULATED,True,,,True,VERIFIED,Sugarcane Bagasse,agricultural_residue,48.0,5.8,43.5,0.3,0.05,2.35,7.154847575382911,81.0,16.65,2.0,180.0,19.044,16.331,56.43244533867568,105.0,7.154847575382911,731.9,15.31,16.63,14.88,8.4,76.72,7.617,8.0,41.103,0.0,100.0,46.73,14.87,15.62,16.3,4.58,24.19,37.56,16.17,54.11,7.0,2.35,54.2,1101.0,5.0,0.0,37.23,37.23,141.23,379.32,True,60.28,59.69,59.21
SYN_00743,SYNTHETIC_SIMULATED,True,,,True,VERIFIED,Miscanthus,energy_crop,48.5,5.7,42.6,0.6,0.1,2.5,25.136580231765954,79.5,18.0,2.0,200.0,19.191,12.822,416.5866987859302,105.0,8.0,488.71,13.22,5.6,29.4,48.44,22.16,89.646,170.055,76.053,77.596,100.0,43.48,33.99,12.03,4.04,4.22,30.82,55.45,12.92,25.39,13.04,2.21,101.5,1164.1,20.8,90.51,125.04,215.56,166.6,77.29,False,85.2,81.38,83.69
SYN_00744,SYNTHETIC_SIMULATED,True,,,True,VERIFIED,Almond Shells,nut_shells,51.0,6.0,39.5,0.5,0.05,2.95,8.291069202496496,73.5,23.55,2.0,480.0,20.725,17.604,294.5637488528215,105.0,8.0,401.2,386.83,20.22,50.09,35.46,14.44,131.918,112.721,44.548,0.932,100.0,35.64,48.83,8.32,1.5,3.48,34.29,28.63,9.86,29.33,13.28,2.2,104.0,1155.5,14.9,15.05,84.19,99.23,65.64,66.14,False,93.49,90.75,93.02
SYN_00745,SYNTHETIC_SIMULATED,True,,,True,VERIFIED,Pine Sawdust,woody_biomass,51.5,6.3,41.6,0.2,0.05,0.35,10.062167074825402,82.5,17.15,2.0,420.0,21.095,17.49,470.06746811693984,105.0,8.0,490.11,148.49,0.23,25.03,52.3,22.67,104.6,247.151,106.56,10.536,100.0,43.76,33.37,12.18,4.21,4.24,30.66,77.61,13.04,24.55,14.58,2.21,102.4,1166.0,22.3,32.22,171.17,203.39,235.37,115.72,True,83.15,82.77,83.99
SYN_00746,SYNTHETIC_SIMULATED,True,,,True,VERIFIED,Beech Wood,woody_biomass,49.5,6.1,43.8,0.2,0.02,0.38,26.980130549103567,84.0,15.62,2.0,460.0,19.93,12.922,194.77471065993447,105.0,8.0,698.29,68.19,8.84,12.55,22.61,64.84,17.466,42.775,92.292,40.183,100.0,46.87,15.4,15.55,15.69,4.58,24.44,86.22,16.09,36.45,11.17,2.27,76.5,1139.8,8.1,45.86,95.14,141.0,322.66,228.83,True,67.6,66.97,66.77
SYN_00747,SYNTHETIC_SIMULATED,True,,,True,VERIFIED,Olive Pomace,agricultural_residue,50.2,6.2,39.8,1.4,0.1,2.3,19.4124298466326,76.5,21.2,2.0,550.0,20.655,15.081,155.95176099079782,105.0,8.0,554.37,443.34,17.06,18.79,45.38,35.83,23.197,65.086,47.533,19.346,100.0,47.0,23.88,14.28,8.18,4.52,27.88,38.39,14.8,26.15,13.9,2.22,96.8,1162.5,19.5,25.08,60.27,85.35,132.17,154.86,True,75.31,74.72,75.17
SYN_00748,SYNTHETIC_SIMULATED,True,,,True,VERIFIED,Wheat Straw,agricultural_residue,46.5,5.9,41.2,0.7,0.1,5.6,26.773441112017874,75.0,19.4,2.0,220.0,18.806,12.175,269.41995114155475,105.0,8.0,582.98,98.57,16.91,19.6,37.67,42.73,37.526,87.924,87.748,54.978,100.0,47.41,20.9,14.81,10.24,4.56,26.8,73.55,15.3,28.5,12.08,2.23,92.1,1157.3,16.0,62.89,101.72,164.61,261.66,158.96,True,70.81,70.21,70.67
SYN_00749,SYNTHETIC_SIMULATED,True,,,True,VERIFIED,Rice Husk,agricultural_residue,39.5,5.1,36.5,0.4,0.1,18.4,17.484462965370064,63.5,18.1,2.0,340.0,15.64,11.56,78.57776667003827,105.0,8.0,746.11,140.66,7.02,28.2,7.12,64.68,18.022,9.819,42.191,8.101,100.0,46.68,14.69,15.65,16.51,4.59,24.1,39.38,16.2,60.39,4.47,2.38,46.3,1087.1,5.0,11.14,47.82,58.96,148.34,251.61,True,64.59,63.53,63.76
SYN_00750,SYNTHETIC_SIMULATED,True,,,True,VERIFIED,Sugarcane Bagasse,agricultural_residue,48.0,5.8,43.5,0.3,0.05,2.35,11.215199957343666,81.0,16.65,2.0,180.0,19.044,15.51,323.6944704408921,105.0,8.0,434.89,5.94,0.27,41.77,41.11,17.12,118.888,136.059,54.952,11.312,100.0,39.2,42.48,9.93,2.3,3.83,32.88,37.45,11.19,27.36,12.5,2.21,103.1,1159.8,17.6,25.87,100.65,126.52,97.48,77.05,False,90.08,87.54,90.12
SYN_00751,SYNTHETIC_SIMULATED,True,,,True,VERIFIED,Miscanthus,energy_crop,48.5,5.7,42.6,0.6,0.1,2.5,18.525194433671583,79.5,18.0,2.0,200.0,19.191,14.17,125.19631909570788,105.0,8.0,638.43,208.76,34.06,15.11,27.76,57.13,15.13,36.029,60.02,14.323,100.0,47.27,17.32,15.32,13.53,4.57,25.33,52.89,15.82,32.99,11.46,2.25,83.7,1147.4,10.9,19.04,59.78,78.81,194.66,246.99,True,67.06,66.37,66.48
SYN_00752,SYNTHETIC_SIMULATED,True,,,True,VERIFIED,Almond Shells,nut_shells,51.0,6.0,39.5,0.5,0.05,2.95,26.66610970938507,73.5,23.55,2.0,480.0,20.725,13.587,93.41327039634157,105.0,8.0,512.81,643.94,5.63,24.37,49.73,25.89,16.489,38.548,19.063,18.953,100.0,45.21,29.85,13.01,5.35,4.37,29.71,14.59,13.72,25.1,14.22,2.21,100.5,1164.8,21.3,21.71,29.37,51.08,46.56,91.16,False,81.27,79.17,80.47
SYN_00753,SYNTHETIC_SIMULATED,True,,,True,VERIFIED,Pine Sawdust,woody_biomass,51.5,6.3,41.6,0.2,0.05,0.35,12.016619480282156,82.5,17.15,2.0,420.0,21.095,17.057,330.5165223922402,105.0,8.0,661.63,12.07,0.46,13.85,34.62,51.53,39.587,122.114,154.267,14.43,100.0,47.11,16.43,15.43,14.51,4.57,24.92,139.32,15.95,29.67,13.42,2.24,86.7,1154.7,14.5,29.03,179.12,208.15,516.74,248.25,True,69.96,69.55,69.51
SYN_00754,SYNTHETIC_SIMULATED,True,,,True,VERIFIED,Beech Wood,woody_biomass,49.5,6.1,43.8,0.2,0.02,0.38,19.04719768940268,84.0,15.62,2.0,460.0,19.93,14.591,166.25526259407917,105.0,8.0,696.04,5.18,23.97,13.8,16.04,70.16,18.324,32.261,95.656,19.964,100.0,46.89,15.5,15.54,15.57,4.57,24.48,87.66,16.08,42.93,9.78,2.29,68.9,1125.6,5.0,26.13,89.1,115.24,327.73,284.39,True,65.41,64.81,64.48
SYN_00755,SYNTHETIC_SIMULATED,True,,,True,VERIFIED,Olive Pomace,agricultural_residue,50.2,6.2,39.8,1.4,0.1,2.3,15.929565980300229,76.5,21.2,2.0,550.0,20.655,15.838,205.10681752654085,105.0,8.0,602.66,66.82,22.34,16.43,36.12,47.45,27.527,73.235,83.352,17.678,100.0,47.45,19.55,15.02,11.36,4.57,26.28,72.43,15.5,29.07,13.25,2.23,90.5,1156.0,15.2,25.93,92.56,118.49,261.14,220.39,True,70.35,69.84,69.84
SYN_00756,SYNTHETIC_SIMULATED,True,,,True,VERIFIED,Wheat Straw,agricultural_residue,46.5,5.9,41.2,0.7,0.1,5.6,18.17649679901414,75.0,19.4,2.0,220.0,18.806,13.891,252.21313349681168,105.0,8.0,578.53,78.7,0.24,20.08,43.35,36.58,41.029,103.844,79.348,27.898,100.0,47.36,21.54,14.71,9.75,4.55,27.05,66.12,15.19,26.7,12.45,2.22,94.8,1161.3,18.6,37.48,104.59,142.07,233.64,164.45,True,71.36,70.82,71.48
SYN_00757,SYNTHETIC_SIMULATED,True,,,True,VERIFIED,Rice Husk,agricultural_residue,39.5,5.1,36.5,0.4,0.1,18.4,24.216398918310116,63.5,18.1,2.0,340.0,15.64,10.418,75.02546744406928,105.0,8.0,605.88,125.76,2.02,29.65,29.86,40.49,16.59,21.289,24.22,13.224,100.0,47.44,19.18,15.08,11.7,4.57,26.12,20.5,15.56,31.85,9.45,2.24,86.7,1149.9,12.0,15.62,30.9,46.52,74.19,159.48,True,73.35,72.14,73.21
SYN_00758,SYNTHETIC_SIMULATED,True,,,True,VERIFIED,Sugarcane Bagasse,agricultural_residue,48.0,5.8,43.5,0.3,0.05,2.35,22.470558705507763,81.0,16.65,2.0,180.0,19.044,13.234,473.2613049508292,105.0,8.0,463.66,102.3,0.14,31.97,48.63,19.39,115.866,204.083,79.414,74.439,100.0,41.48,38.15,11.01,3.06,4.04,31.86,55.99,12.08,25.35,12.92,2.21,103.6,1164.2,20.9,90.38,137.8,228.18,157.33,68.95,False,86.89,82.32,84.98
SYN_00759,SYNTHETIC_SIMULATED,True,,,True,VERIFIED,Miscanthus,energy_crop,48.5,5.7,42.6,0.6,0.1,2.5,27.414782899954456,79.5,18.0,2.0,200.0,19.191,12.357,237.62501638534525,105.0,8.0,406.84,737.33,1.37,46.25,38.83,14.92,78.49,78.074,28.981,50.146,100.0,36.35,47.59,8.64,1.63,3.56,34.02,19.12,10.12,28.1,12.48,2.2,105.0,1158.2,16.5,56.97,55.11,112.08,45.01,40.16,False,95.92,87.08,90.57
SYN_00760,SYNTHETIC_SIMULATED,True,,,True,VERIFIED,Almond Shells,nut_shells,51.0,6.0,39.5,0.5,0.05,2.95,23.53520201838528,73.5,23.55,2.0,480.0,20.725,14.272,224.06841582246636,105.0,8.0,743.14,700.68,3.57,15.01,21.22,63.77,25.532,49.422,112.587,37.836,100.0,46.69,14.72,15.64,16.47,4.59,24.12,103.45,16.19,37.58,11.44,2.28,73.1,1137.3,7.4,45.14,125.51,170.66,389.53,228.26,True,65.13,64.58,64.06
SYN_00761,SYNTHETIC_SIMULATED,True,,,True,VERIFIED,Pine Sawdust,woody_biomass,51.5,6.3,41.6,0.2,0.05,0.35,19.483736416567048,82.5,17.15,2.0,420.0,21.095,15.402,179.412093380715,105.0,8.0,638.38,5.73,4.01,14.57,34.8,50.62,21.054,59.561,74.918,22.395,100.0,47.26,17.27,15.33,13.59,4.57,25.3,67.01,15.83,29.59,13.44,2.24,87.8,1154.9,14.5,28.98,84.88,113.85,246.73,216.71,True,71.51,70.96,71.01
SYN_00762,SYNTHETIC_SIMULATED,True,,,True,VERIFIED,Beech Wood,woody_biomass,49.5,6.1,43.8,0.2,0.02,0.38,27.29227937944581,84.0,15.62,2.0,460.0,19.93,12.856,266.1340436791894,105.0,8.0,369.47,192.93,0.49,53.42,33.42,13.16,102.881,78.379,28.666,55.808,100.0,33.34,52.76,7.32,1.14,3.23,35.13,18.33,9.01,30.17,12.51,2.2,105.5,1153.6,13.9,63.48,55.0,118.49,38.4,32.41,False,102.47,93.46,96.81
SYN_00763,SYNTHETIC_SIMULATED,True,,,True,VERIFIED,Olive Pomace,agricultural_residue,50.2,6.2,39.8,1.4,0.1,2.3,21.83115776130046,76.5,21.2,2.0,550.0,20.655,14.555,236.77831850583675,105.0,8.0,672.81,299.44,2.37,14.69,30.78,54.53,26.478,70.777,104.522,35.597,100.0,47.03,16.05,15.47,14.94,4.57,24.74,94.08,16.0,31.38,12.74,2.25,83.9,1151.0,12.5,43.72,117.0,160.72,350.07,217.81,True,68.28,67.76,67.47
SYN_00764,SYNTHETIC_SIMULATED,True,,,True,VERIFIED,Wheat Straw,agricultural_residue,46.5,5.9,41.2,0.7,0.1,5.6,22.102160501029292,75.0,19.4,2.0,220.0,18.806,13.107,168.83891788831045,105.0,8.0,376.62,10.85,4.94,60.52,26.32,13.16,78.653,43.279,18.956,25.88,100.0,33.65,52.24,7.45,1.18,3.27,35.02,12.26,9.12,33.85,10.99,2.21,99.6,1145.5,10.1,31.63,37.9,69.52,26.0,37.4,False,97.98,90.24,93.63
SYN_00765,SYNTHETIC_SIMULATED,True,,,True,VERIFIED,Rice Husk,agricultural_residue,39.5,5.1,36.5,0.4,0.1,18.4,22.94130155622295,63.5,18.1,2.0,340.0,15.64,10.634,459.8477582758138,105.0,8.0,356.47,197.12,1.07,65.0,23.18,11.83,226.195,107.933,46.017,74.682,100.0,32.35,54.45,6.88,1.01,3.12,35.48,29.33,8.64,36.01,8.72,2.22,98.0,1140.8,8.4,89.95,95.99,185.94,58.95,31.7,False,86.0,76.03,80.65
SYN_00766,SYNTHETIC_SIMULATED,True,,,True,VERIFIED,Sugarcane Bagasse,agricultural_residue,48.0,5.8,43.5,0.3,0.05,2.35,6.4748257497693285,81.0,16.65,2.0,180.0,19.044,16.469,380.05836198443995,105.0,6.4748257497693285,731.63,75.0,0.9,14.17,26.58,59.25,49.783,114.785,214.284,0.0,100.0,46.74,14.9,15.62,16.27,4.58,24.2,199.46,16.16,30.18,11.92,2.26,82.5,1153.6,13.8,0.0,250.44,250.44,749.8,299.4,True,64.92,64.84,64.72
SYN_00767,SYNTHETIC_SIMULATED,True,,,True,VERIFIED,Miscanthus,energy_crop,48.5,5.7,42.6,0.6,0.1,2.5,10.61800072956349,79.5,18.0,2.0,200.0,19.191,15.782,404.80802391212615,105.0,8.0,652.8,113.81,4.59,14.89,32.26,52.85,52.501,142.115,193.161,11.519,100.0,47.18,16.77,15.39,14.12,4.57,25.08,176.19,15.9,30.68,11.94,2.25,85.9,1152.5,13.3,29.97,218.22,248.19,651.52,262.51,True,67.18,66.75,66.91
SYN_00768,SYNTHETIC_SIMULATED,True,,,True,VERIFIED,Almond Shells,nut_shells,51.0,6.0,39.5,0.5,0.05,2.95,10.940346785501221,73.5,23.55,2.0,480.0,20.725,17.025,340.29374568700325,105.0,8.0,475.63,10.21,22.45,32.64,46.27,21.09,97.196,162.943,69.564,10.876,100.0,42.83,35.4,11.69,3.68,4.16,31.18,50.74,12.64,25.92,14.04,2.21,101.3,1163.0,19.9,26.28,118.85,145.13,149.14,102.77,True,83.95,83.54,84.86
SYN_00769,SYNTHETIC_SIMULATED,True,,,True,VERIFIED,Pine Sawdust,woody_biomass,51.5,6.3,41.6,0.2,0.05,0.35,7.108959542664402,82.5,17.15,2.0,420.0,21.095,18.145,345.9587213770914,105.0,7.108959542664402,586.25,5.03,1.17,16.43,44.21,39.37,52.087,162.254,133.396,0.0,100.0,47.43,20.58,14.86,10.49,4.56,26.69,111.86,15.34,24.99,14.48,2.22,96.5,1165.0,21.5,0.0,166.17,166.17,399.21,240.25,True,74.18,74.09,74.43
SYN_00770,SYNTHETIC_SIMULATED,True,,,True,VERIFIED,Beech Wood,woody_biomass,49.5,6.1,43.8,0.2,0.02,0.38,12.208618230393128,84.0,15.62,2.0,460.0,19.93,16.03,321.9883388496665,105.0,8.0,589.73,44.05,0.84,15.07,45.58,39.36,41.835,146.678,117.469,14.73,100.0,47.43,20.54,14.87,10.53,4.56,26.67,98.67,15.35,26.1,13.38,2.22,95.0,1162.6,19.6,28.89,147.22,176.11,352.3,200.04,True,73.99,73.55,74.23
SYN_00771,SYNTHETIC_SIMULATED,True,,,True,VERIFIED,Olive Pomace,agricultural_residue,50.2,6.2,39.8,1.4,0.1,2.3,25.94945476305076,76.5,21.2,2.0,550.0,20.655,13.66,77.92419861930586,105.0,8.0,692.36,424.58,4.37,14.52,26.45,59.04,8.298,19.217,35.126,15.203,100.0,46.91,15.55,15.53,15.51,4.57,24.51,31.9,16.07,33.77,12.21,2.26,80.1,1145.7,10.2,17.56,38.02,55.57,119.2,214.49,True,67.51,66.61,66.31
SYN_00772,SYNTHETIC_SIMULATED,True,,,True,VERIFIED,Wheat Straw,agricultural_residue,46.5,5.9,41.2,0.7,0.1,5.6,20.186819541172014,75.0,19.4,2.0,220.0,18.806,13.49,409.91935071966856,105.0,8.0,406.66,37.3,0.21,50.18,35.07,14.75,161.438,135.643,53.568,54.3,100.0,36.28,47.72,8.6,1.62,3.55,34.05,35.54,10.09,29.49,11.88,2.21,103.0,1155.1,14.7,69.05,104.26,173.31,83.44,48.14,False,92.21,85.86,88.99
SYN_00773,SYNTHETIC_SIMULATED,True,,,True,VERIFIED,Rice Husk,agricultural_residue,39.5,5.1,36.5,0.4,0.1,18.4,26.81899097173587,63.5,18.1,2.0,340.0,15.64,9.976,356.2757339705152,105.0,8.0,541.05,410.45,0.79,33.05,38.56,28.39,84.731,118.549,78.391,72.878,100.0,46.54,25.8,13.89,7.11,4.48,28.5,62.09,14.47,28.19,10.08,2.22,94.9,1158.0,16.4,83.32,120.24,203.56,208.92,102.63,True,78.09,77.4,78.81
SYN_00774,SYNTHETIC_SIMULATED,True,,,True,VERIFIED,Sugarcane Bagasse,agricultural_residue,48.0,5.8,43.5,0.3,0.05,2.35,11.385531618254497,81.0,16.65,2.0,180.0,19.044,15.476,400.5933770693615,105.0,8.0,392.54,278.69,0.14,49.55,36.35,14.1,171.353,153.62,56.628,14.742,100.0,35.07,49.82,8.07,1.4,3.42,34.5,36.68,9.65,28.99,12.17,2.2,105.1,1156.2,15.3,32.69,108.31,141.0,82.29,58.36,False,94.56,90.71,93.69
SYN_00775,SYNTHETIC_SIMULATED,True,,,True,VERIFIED,Miscanthus,energy_crop,48.5,5.7,42.6,0.6,0.1,2.5,7.371437882789347,79.5,18.0,2.0,200.0,19.191,16.444,180.0812374391522,105.0,7.371437882789347,536.76,12.93,6.61,21.71,47.84,30.46,35.409,89.101,54.76,0.0,100.0,46.44,26.19,13.81,6.92,4.47,28.62,42.7,14.4,24.55,13.21,2.21,99.9,1166.0,22.3,0.0,76.03,76.03,142.97,188.06,True,76.38,76.2,77.26
SYN_00776,SYNTHETIC_SIMULATED,True,,,True,VERIFIED,Almond Shells,nut_shells,51.0,6.0,39.5,0.5,0.05,2.95,16.1784923391898,73.5,23.55,2.0,480.0,20.725,15.88,172.36455372622328,105.0,8.0,497.02,9.2,2.96,28.75,47.59,23.66,40.823,79.258,37.147,15.323,100.0,44.32,32.07,12.49,4.6,4.29,30.32,27.67,13.29,25.59,14.11,2.21,100.6,1163.7,20.4,22.22,59.72,81.94,85.56,104.42,True,82.16,81.62,82.77
SYN_00777,SYNTHETIC_SIMULATED,True,,,True,VERIFIED,Pine Sawdust,woody_biomass,51.5,6.3,41.6,0.2,0.05,0.35,20.648382499840626,82.5,17.15,2.0,420.0,21.095,15.144,100.99931568136597,105.0,8.0,527.12,201.78,1.19,19.63,52.34,28.03,15.353,47.205,24.561,13.886,100.0,45.98,27.69,13.49,6.22,4.43,29.08,18.82,14.13,24.54,14.58,2.21,100.5,1166.0,22.4,17.47,35.68,53.15,61.84,116.35,True,80.64,79.93,80.89
SYN_00778,SYNTHETIC_SIMULATED,True,,,True,VERIFIED,Beech Wood,woody_biomass,49.5,6.1,43.8,0.2,0.02,0.38,7.465952089567892,84.0,15.62,2.0,460.0,19.93,17.028,160.04930877593182,105.0,7.465952089567892,459.76,617.18,0.12,30.86,49.86,19.28,44.579,81.065,31.826,0.0,100.0,41.3,38.5,10.93,3.0,4.03,31.94,22.44,12.01,24.26,13.78,2.2,105.3,1166.6,22.9,0.0,55.12,55.12,62.7,113.75,True,86.44,86.24,88.05
SYN_00779,SYNTHETIC_SIMULATED,True,,,True,VERIFIED,Olive Pomace,agricultural_residue,50.2,6.2,39.8,1.4,0.1,2.3,15.811031653925484,76.5,21.2,2.0,550.0,20.655,15.864,69.27256586622046,105.0,8.0,405.57,48.39,12.48,48.98,36.25,14.77,27.891,25.183,9.551,5.881,100.0,36.12,48.0,8.53,1.58,3.53,34.11,6.35,10.03,29.03,13.26,2.21,103.9,1156.1,15.3,8.68,18.48,27.16,14.82,54.57,False,94.88,90.01,92.44
SYN_00780,SYNTHETIC_SIMULATED,True,,,True,VERIFIED,Wheat Straw,agricultural_residue,46.5,5.9,41.2,0.7,0.1,5.6,18.23359701137912,75.0,19.4,2.0,220.0,18.806,13.879,211.76084526326383,105.0,8.0,540.22,32.8,17.79,23.3,44.42,32.29,39.366,88.229,59.347,23.555,100.0,46.59,25.63,13.93,7.2,4.48,28.45,46.95,14.5,26.41,12.51,2.22,97.2,1161.9,19.1,31.59,80.12,111.71,158.32,141.73,True,74.13,73.55,74.47
SYN_00781,SYNTHETIC_SIMULATED,True,,,True,VERIFIED,Rice Husk,agricultural_residue,39.5,5.1,36.5,0.4,0.1,18.4,27.26387821383322,63.5,18.1,2.0,340.0,15.64,9.901,417.25374482365083,105.0,8.0,390.13,96.36,2.34,58.39,28.37,13.24,173.626,107.195,44.209,87.369,100.0,35.01,49.91,8.05,1.39,3.42,34.52,29.01,9.63,32.64,9.31,2.21,99.8,1148.2,11.2,99.42,92.41,191.82,64.94,33.86,False,85.95,74.21,79.2
SYN_00782,SYNTHETIC_SIMULATED,True,,,True,VERIFIED,Sugarcane Bagasse,agricultural_residue,48.0,5.8,43.5,0.3,0.05,2.35,8.537799278435925,81.0,16.65,2.0,180.0,19.044,16.052,483.7769475823423,105.0,8.0,618.35,52.29,0.39,15.72,40.21,44.07,68.338,204.067,202.628,2.828,100.0,47.4,18.53,15.17,12.3,4.57,25.85,176.54,15.65,27.65,12.44,2.23,91.5,1159.2,17.2,25.89,246.12,272.0,642.67,236.27,True,70.01,69.6,70.15
SYN_00783,SYNTHETIC_SIMULATED,True,,,True,VERIFIED,Miscanthus,energy_crop,48.5,5.7,42.6,0.6,0.1,2.5,17.331200959098382,79.5,18.0,2.0,200.0,19.191,14.413,361.3792901820202,105.0,8.0,492.8,19.14,0.51,28.0,49.2,22.8,81.888,168.028,74.529,36.653,100.0,43.89,33.07,12.25,4.3,4.25,30.58,55.0,13.1,25.22,13.07,2.21,101.4,1164.5,21.1,50.69,121.54,172.23,167.57,97.29,False,82.86,82.06,83.72
SYN_00784,SYNTHETIC_SIMULATED,True,,,True,VERIFIED,Almond Shells,nut_shells,51.0,6.0,39.5,0.5,0.05,2.95,11.991420005390363,73.5,23.55,2.0,480.0,20.725,16.795,220.59133160723601,105.0,8.0,599.07,42.26,0.56,17.56,41.65,40.8,33.852,94.162,82.198,9.57,100.0,47.45,19.78,14.99,11.16,4.57,26.37,70.65,15.47,27.2,13.75,2.23,93.1,1160.2,17.8,19.32,103.44,122.77,254.17,207.04,True,71.48,71.01,71.27
SYN_00785,SYNTHETIC_SIMULATED,True,,,True,VERIFIED,Pine Sawdust,woody_biomass,51.5,6.3,41.6,0.2,0.05,0.35,27.611356569018053,82.5,17.15,2.0,420.0,21.095,13.601,447.1950229620995,105.0,8.0,561.27,42.86,0.46,16.71,48.86,34.42,53.79,177.727,119.814,95.327,100.0,47.16,23.01,14.44,8.73,4.53,27.58,96.63,14.95,25.29,14.41,2.22,97.5,1164.4,21.0,108.08,158.3,266.38,336.05,126.15,True,78.62,78.14,78.76
SYN_00786,SYNTHETIC_SIMULATED,True,,,True,VERIFIED,Beech Wood,woody_biomass,49.5,6.1,43.8,0.2,0.02,0.38,25.29284936307224,84.0,15.62,2.0,460.0,19.93,13.277,255.41063842165502,105.0,8.0,555.88,6.53,8.61,18.23,46.74,35.03,34.299,100.426,70.722,48.008,100.0,47.04,23.69,14.31,8.3,4.52,27.81,57.28,14.84,25.8,13.45,2.22,97.1,1163.2,20.1,55.89,91.9,147.78,197.66,133.75,True,78.8,78.23,79.2
SYN_00787,SYNTHETIC_SIMULATED,True,,,True,VERIFIED,Olive Pomace,agricultural_residue,50.2,6.2,39.8,1.4,0.1,2.3,22.154459008812513,76.5,21.2,2.0,550.0,20.655,14.485,431.809192005736,105.0,8.0,531.67,20.6,0.18,21.96,49.01,29.03,72.842,186.359,105.725,66.435,100.0,46.31,26.64,13.72,6.7,4.46,28.76,82.09,14.32,25.26,14.1,2.22,99.1,1164.4,21.0,81.12,152.56,233.68,273.34,116.97,True,79.22,78.76,79.48
SYN_00788,SYNTHETIC_SIMULATED,True,,,True,VERIFIED,Wheat Straw,agricultural_residue,46.5,5.9,41.2,0.7,0.1,5.6,14.454807018621956,75.0,19.4,2.0,220.0,18.806,14.634,84.86498851490883,105.0,8.0,388.1,591.47,7.73,52.89,33.31,13.8,37.542,29.319,11.143,5.954,100.0,34.76,50.35,7.93,1.35,3.39,34.61,7.28,9.53,30.22,11.73,2.21,103.7,1153.5,13.8,9.5,21.89,31.39,16.13,51.39,False,92.64,87.41,90.42
SYN_00789,SYNTHETIC_SIMULATED,True,,,True,VERIFIED,Rice Husk,agricultural_residue,39.5,5.1,36.5,0.4,0.1,18.4,11.619998158019612,63.5,18.1,2.0,340.0,15.64,12.555,171.77102368490654,105.0,8.0,572.08,14.69,0.34,31.97,34.47,33.56,47.77,62.743,53.761,6.759,100.0,47.28,22.2,14.59,9.27,4.55,27.29,43.99,15.09,29.73,9.81,2.23,91.3,1154.6,14.4,14.41,75.66,90.08,154.36,171.36,True,73.29,72.61,73.8
SYN_00790,SYNTHETIC_SIMULATED,True,,,True,VERIFIED,Sugarcane Bagasse,agricultural_residue,48.0,5.8,43.5,0.3,0.05,2.35,16.289742995692357,81.0,16.65,2.0,180.0,19.044,14.484,297.3004499820745,105.0,8.0,350.2,32.66,15.27,61.09,26.52,12.39,147.768,83.414,34.639,26.789,100.0,32.01,55.02,6.73,0.97,3.08,35.6,21.63,8.52,33.73,11.19,2.21,102.0,1145.8,10.2,38.65,66.19,104.83,42.83,40.85,False,101.32,95.64,98.97
SYN_00791,SYNTHETIC_SIMULATED,True,,,True,VERIFIED,Miscanthus,energy_crop,48.5,5.7,42.6,0.6,0.1,2.5,25.423512485724558,79.5,18.0,2.0,200.0,19.191,12.763,334.74619848178315,105.0,8.0,352.83,73.62,0.94,59.39,28.14,12.46,144.079,88.535,34.64,63.396,100.0,32.16,54.77,6.8,0.99,3.1,35.55,21.94,8.57,32.77,11.51,2.21,103.3,1147.9,11.1,73.68,66.93,140.61,43.73,31.1,False,102.4,93.69,97.15
SYN_00792,SYNTHETIC_SIMULATED,True,,,True,VERIFIED,Almond Shells,nut_shells,51.0,6.0,39.5,0.5,0.05,2.95,7.3883280565595,73.5,23.55,2.0,480.0,20.725,17.801,405.92360478967123,105.0,7.3883280565595,371.0,74.09,2.8,57.35,29.49,13.16,210.415,136.31,54.235,0.0,100.0,33.48,52.53,7.38,1.16,3.25,35.08,35.21,9.06,30.74,12.97,2.2,104.5,1152.4,13.2,0.0,107.09,107.09,74.2,69.29,False,97.12,95.4,97.78
SYN_00793,SYNTHETIC_SIMULATED,True,,,True,VERIFIED,Pine Sawdust,woody_biomass,51.5,6.3,41.6,0.2,0.05,0.35,27.812072528256856,82.5,17.15,2.0,420.0,21.095,13.556,358.12380874761317,105.0,8.0,723.52,40.72,8.91,12.75,18.72,68.53,32.508,68.893,180.794,77.121,100.0,46.76,14.98,15.61,16.18,4.58,24.24,166.45,16.15,39.91,11.11,2.29,71.3,1132.2,6.1,87.26,181.84,269.11,625.26,232.35,True,66.66,66.15,65.54
SYN_00794,SYNTHETIC_SIMULATED,True,,,True,VERIFIED,Beech Wood,woody_biomass,49.5,6.1,43.8,0.2,0.02,0.38,8.83091319045842,84.0,15.62,2.0,460.0,19.93,16.741,454.8384789634018,105.0,8.0,546.65,16.83,0.11,18.37,49.93,31.7,75.961,230.833,141.482,4.108,100.0,46.82,24.7,14.12,7.7,4.5,28.15,112.42,14.66,25.05,13.61,2.22,98.6,1164.9,21.4,25.65,195.46,221.11,383.35,173.37,True,77.28,76.89,77.91
SYN_00795,SYNTHETIC_SIMULATED,True,,,True,VERIFIED,Olive Pomace,agricultural_residue,50.2,6.2,39.8,1.4,0.1,2.3,17.38783601161586,76.5,21.2,2.0,550.0,20.655,15.521,257.079219493952,105.0,8.0,488.64,52.56,1.76,28.04,49.58,22.37,58.254,119.48,52.253,26.233,100.0,43.62,33.67,12.11,4.13,4.23,30.74,38.26,12.98,25.13,14.13,2.21,101.7,1164.7,21.3,36.2,85.59,121.79,115.51,94.85,False,83.22,82.17,83.39
SYN_00796,SYNTHETIC_SIMULATED,True,,,True,VERIFIED,Wheat Straw,agricultural_residue,46.5,5.9,41.2,0.7,0.1,5.6,24.743659545174857,75.0,19.4,2.0,220.0,18.806,12.58,265.888474280089,105.0,8.0,729.73,48.83,1.67,17.41,23.06,59.53,33.818,61.156,121.258,48.391,100.0,46.74,14.92,15.61,16.24,4.58,24.21,112.63,16.16,36.1,10.54,2.27,75.6,1140.6,8.4,56.74,141.88,198.62,423.29,213.12,True,64.45,63.86,63.69
SYN_00797,SYNTHETIC_SIMULATED,True,,,True,VERIFIED,Rice Husk,agricultural_residue,39.5,5.1,36.5,0.4,0.1,18.4,14.791219606983184,63.5,18.1,2.0,340.0,15.64,12.017,403.3997711880418,105.0,8.0,655.51,539.29,40.06,28.76,14.23,57.01,97.342,76.404,199.923,29.778,100.0,47.17,16.73,15.39,14.17,4.57,25.06,178.11,15.91,45.38,7.08,2.3,67.6,1120.2,5.0,46.47,207.89,254.36,658.87,259.03,True,66.5,65.94,66.25
SYN_00798,SYNTHETIC_SIMULATED,True,,,True,VERIFIED,Sugarcane Bagasse,agricultural_residue,48.0,5.8,43.5,0.3,0.05,2.35,17.790097938263767,81.0,16.65,2.0,180.0,19.044,14.181,442.7948538116388,105.0,8.0,401.64,44.92,4.4,48.64,36.76,14.6,175.504,159.848,60.001,47.12,100.0,35.86,48.45,8.42,1.54,3.5,34.21,39.17,9.94,28.84,12.2,2.2,104.5,1156.6,15.5,64.11,114.32,178.43,90.53,50.74,False,95.17,89.66,92.8
SYN_00799,SYNTHETIC_SIMULATED,True,,,True,VERIFIED,Miscanthus,energy_crop,48.5,5.7,42.6,0.6,0.1,2.5,11.896592586838993,79.5,18.0,2.0,200.0,19.191,15.521,72.5741177632209,105.0,8.0,448.26,334.24,7.07,34.85,46.83,18.32,21.779,34.459,13.0,3.074,100.0,40.48,40.08,10.53,2.7,3.95,32.32,9.11,11.69,25.78,12.96,2.2,104.0,1163.3,20.1,6.29,23.29,29.58,24.76,83.71,False,86.46,84.09,86.35
SYN_00800,SYNTHETIC_SIMULATED,True,,,True,VERIFIED,Almond Shells,nut_shells,51.0,6.0,39.5,0.5,0.05,2.95,14.838163476755792,73.5,23.55,2.0,480.0,20.725,16.173,221.5418848878389,105.0,8.0,379.89,319.91,0.32,55.28,31.3,13.42,103.311,72.021,27.887,16.467,100.0,33.95,51.73,7.58,1.22,3.3,34.91,18.2,9.23,31.13,12.88,2.21,103.3,1151.5,12.8,25.63,55.06,80.69,39.07,48.43,False,97.2,92.53,95.11
SYN_00801,SYNTHETIC_SIMULATED,True,,,True,VERIFIED,Pine Sawdust,woody_biomass,51.5,6.3,41.6,0.2,0.05,0.35,26.16897536720233,82.5,17.15,2.0,420.0,21.095,13.92,288.47776477282207,105.0,8.0,723.23,5.1,41.02,13.73,10.66,75.61,29.283,39.305,161.652,56.971,100.0,46.76,14.99,15.6,16.17,4.58,24.24,150.41,16.15,51.53,8.49,2.33,57.5,1106.6,5.0,65.62,149.6,215.22,564.96,262.51,True,64.76,64.24,63.44
SYN_00802,SYNTHETIC_SIMULATED,True,,,True,VERIFIED,Beech Wood,woody_biomass,49.5,6.1,43.8,0.2,0.02,0.38,25.661505102828933,84.0,15.62,2.0,460.0,19.93,13.2,88.84353631666218,105.0,8.0,537.09,66.13,1.45,18.34,51.37,30.29,12.05,38.009,21.481,17.056,100.0,46.52,25.89,13.87,7.07,4.48,28.53,16.96,14.45,24.74,13.67,2.21,99.5,1165.6,22.0,19.76,30.41,50.17,57.02,113.65,True,80.32,79.46,80.65
SYN_00803,SYNTHETIC_SIMULATED,True,,,True,VERIFIED,Olive Pomace,agricultural_residue,50.2,6.2,39.8,1.4,0.1,2.3,14.278976808840245,76.5,21.2,2.0,550.0,20.655,16.197,181.28693188379708,105.0,8.0,514.63,134.06,1.95,23.37,50.73,25.91,35.934,87.997,43.522,12.373,100.0,45.3,29.63,13.06,5.43,4.37,29.65,33.23,13.76,24.88,14.18,2.21,100.7,1165.3,21.7,19.97,66.88,86.85,106.37,122.47,True,79.57,79.05,79.92
SYN_00804,SYNTHETIC_SIMULATED,True,,,True,VERIFIED,Wheat Straw,agricultural_residue,46.5,5.9,41.2,0.7,0.1,5.6,8.493144646162616,75.0,19.4,2.0,220.0,18.806,15.824,76.07122138415068,105.0,8.0,385.35,25.93,1.64,56.67,29.78,13.55,38.864,25.391,10.353,0.408,100.0,34.34,51.07,7.75,1.28,3.34,34.77,6.77,9.38,31.89,11.39,2.21,101.7,1149.8,12.0,4.04,20.65,24.68,14.77,59.83,False,93.45,89.7,92.57
SYN_00805,SYNTHETIC_SIMULATED,True,,,True,VERIFIED,Rice Husk,agricultural_residue,39.5,5.1,36.5,0.4,0.1,18.4,13.490556578568302,63.5,18.1,2.0,340.0,15.64,12.238,251.99370458175042,105.0,8.0,533.5,147.29,1.12,33.39,38.84,27.78,70.984,97.845,64.126,15.039,100.0,46.39,26.34,13.78,6.84,4.47,28.67,50.58,14.37,28.1,10.1,2.22,95.2,1158.2,16.5,25.8,99.5,125.29,169.06,134.93,True,75.47,74.86,76.25
SYN_00806,SYNTHETIC_SIMULATED,True,,,True,VERIFIED,Sugarcane Bagasse,agricultural_residue,48.0,5.8,43.5,0.3,0.05,2.35,11.577628637459167,81.0,16.65,2.0,180.0,19.044,15.437,233.62484100494365,105.0,8.0,417.23,59.03,0.37,43.74,40.61,15.65,88.668,99.113,36.321,9.085,100.0,37.37,45.8,9.09,1.84,3.66,33.62,24.26,10.5,27.52,12.47,2.2,104.7,1159.5,17.4,19.51,68.28,87.79,59.25,67.49,False,91.46,88.12,90.89
SYN_00807,SYNTHETIC_SIMULATED,True,,,True,VERIFIED,Miscanthus,energy_crop,48.5,5.7,42.6,0.6,0.1,2.5,18.938907145321988,79.5,18.0,2.0,200.0,19.191,14.086,320.80975960209213,105.0,8.0,420.32,18.06,0.41,45.5,38.72,15.78,117.034,118.145,46.108,38.145,100.0,37.55,45.48,9.17,1.88,3.67,33.55,30.7,10.57,28.14,12.47,2.21,103.7,1158.1,16.5,50.09,86.46,136.55,75.46,55.26,False,93.38,88.01,90.98
SYN_00808,SYNTHETIC_SIMULATED,True,,,True,VERIFIED,Almond Shells,nut_shells,51.0,6.0,39.5,0.5,0.05,2.95,27.678726826844194,73.5,23.55,2.0,480.0,20.725,13.366,450.1688862484559,105.0,8.0,666.99,372.83,0.56,15.51,32.57,51.92,49.782,131.833,175.68,96.291,100.0,47.08,16.28,15.45,14.68,4.57,24.85,157.31,15.97,30.54,13.01,2.25,85.3,1152.8,13.4,109.1,202.5,311.6,584.2,187.48,True,69.53,69.04,68.88
SYN_00809,SYNTHETIC_SIMULATED,True,,,True,VERIFIED,Pine Sawdust,woody_biomass,51.5,6.3,41.6,0.2,0.05,0.35,19.89033655705246,82.5,17.15,2.0,420.0,21.095,15.312,451.5657669871671,105.0,8.0,472.94,66.93,3.09,28.43,50.75,20.81,101.616,205.139,84.198,58.362,100.0,42.54,36.0,11.54,3.54,4.14,31.33,60.02,12.52,24.87,14.5,2.21,103.0,1165.3,21.7,74.74,140.53,215.27,174.75,81.17,False,86.73,84.19,85.94
SYN_00810,SYNTHETIC_SIMULATED,True,,,True,VERIFIED,Beech Wood,woody_biomass,49.5,6.1,43.8,0.2,0.02,0.38,18.110038841551315,84.0,15.62,2.0,460.0,19.93,14.788,254.34551444599742,105.0,8.0,424.79,173.93,12.96,39.31,44.38,16.3,79.936,106.426,38.689,27.95,100.0,38.14,44.43,9.44,2.02,3.73,33.32,25.82,10.79,26.42,13.31,2.2,105.5,1161.9,19.1,37.63,70.56,108.19,64.79,59.89,False,92.83,88.17,90.89
SYN_00811,SYNTHETIC_SIMULATED,True,,,True,VERIFIED,Olive Pomace,agricultural_residue,50.2,6.2,39.8,1.4,0.1,2.3,22.348378819602534,76.5,21.2,2.0,550.0,20.655,14.443,328.9567058186351,105.0,8.0,587.12,310.29,6.67,16.84,42.41,40.75,42.667,125.695,109.46,51.304,100.0,47.42,20.73,14.84,10.37,4.56,26.74,91.62,15.32,26.97,13.72,2.23,94.0,1160.7,18.2,62.42,132.3,194.73,326.47,167.66,True,73.41,72.93,73.13
SYN_00812,SYNTHETIC_SIMULATED,True,,,True,VERIFIED,Wheat Straw,agricultural_residue,46.5,5.9,41.2,0.7,0.1,5.6,7.582601920123587,75.0,19.4,2.0,220.0,18.806,16.005,168.0830986819617,105.0,7.582601920123587,460.79,40.95,0.28,35.95,44.92,19.13,55.363,79.868,33.005,0.0,100.0,41.39,38.32,10.97,3.03,4.03,31.9,23.2,12.05,25.59,12.67,2.21,103.3,1163.7,20.4,0.0,58.03,58.03,65.02,112.06,True,82.26,82.06,83.72
SYN_00813,SYNTHETIC_SIMULATED,True,,,True,VERIFIED,Rice Husk,agricultural_residue,39.5,5.1,36.5,0.4,0.1,18.4,23.480117330639278,63.5,18.1,2.0,340.0,15.64,10.543,359.90602738494357,105.0,8.0,668.23,72.26,1.66,28.73,21.26,50.0,78.936,79.195,141.094,60.559,100.0,47.06,16.22,15.45,14.74,4.57,24.82,127.33,15.98,37.54,8.45,2.27,76.7,1137.4,7.4,72.32,171.99,244.3,473.08,193.65,True,70.19,69.54,70.1
SYN_00814,SYNTHETIC_SIMULATED,True,,,True,VERIFIED,Sugarcane Bagasse,agricultural_residue,48.0,5.8,43.5,0.3,0.05,2.35,8.143185885190427,81.0,16.65,2.0,180.0,19.044,16.131,348.3951481930303,105.0,8.0,474.03,9.16,0.15,32.17,47.25,20.58,101.332,170.754,73.237,0.542,100.0,42.43,36.22,11.49,3.48,4.13,31.39,52.14,12.47,25.68,12.85,2.21,102.1,1163.5,20.3,17.29,123.89,141.18,151.27,107.15,True,84.21,83.78,85.66
SYN_00815,SYNTHETIC_SIMULATED,True,,,True,VERIFIED,Miscanthus,energy_crop,48.5,5.7,42.6,0.6,0.1,2.5,27.885309130854644,79.5,18.0,2.0,200.0,19.191,12.261,254.1161694533358,105.0,8.0,724.79,20.92,2.32,15.01,24.55,60.45,27.486,58.854,112.667,54.926,100.0,46.76,14.98,15.61,16.18,4.58,24.24,104.69,16.15,35.02,11.04,2.27,77.1,1143.0,9.2,62.1,128.92,191.02,393.26,205.87,True,67.56,66.95,66.9
SYN_00816,SYNTHETIC_SIMULATED,True,,,True,VERIFIED,Almond Shells,nut_shells,51.0,6.0,39.5,0.5,0.05,2.95,17.320373451596744,73.5,23.55,2.0,480.0,20.725,15.63,139.01181520027285,105.0,8.0,592.25,403.99,1.73,17.38,42.71,39.91,19.723,57.314,48.033,14.083,100.0,47.44,20.33,14.9,10.69,4.56,26.59,40.66,15.38,26.89,13.82,2.23,93.9,1160.9,18.3,19.48,60.21,79.7,145.48,182.54,True,72.33,71.74,72.06
SYN_00817,SYNTHETIC_SIMULATED,True,,,True,VERIFIED,Pine Sawdust,woody_biomass,51.5,6.3,41.6,0.2,0.05,0.35,19.357107708469933,82.5,17.15,2.0,420.0,21.095,15.43,467.30144465414935,105.0,8.0,356.37,402.77,1.74,56.87,30.5,12.64,210.917,141.857,53.146,57.687,100.0,32.37,54.41,6.89,1.01,3.12,35.47,33.82,8.65,31.52,13.0,2.2,104.9,1150.6,12.3,74.89,102.18,177.07,68.03,38.42,False,102.28,96.41,99.17
SYN_00818,SYNTHETIC_SIMULATED,True,,,True,VERIFIED,Beech Wood,woody_biomass,49.5,6.1,43.8,0.2,0.02,0.38,22.025340232824863,84.0,15.62,2.0,460.0,19.93,13.965,385.5223599623679,105.0,8.0,672.51,13.37,1.56,13.58,32.68,53.75,40.332,120.624,166.53,58.773,100.0,47.04,16.12,15.47,14.86,4.57,24.78,150.67,15.99,30.5,12.44,2.25,85.1,1152.9,13.5,71.93,189.06,260.99,560.28,214.68,True,70.52,70.04,70.2
SYN_00819,SYNTHETIC_SIMULATED,True,,,True,VERIFIED,Olive Pomace,agricultural_residue,50.2,6.2,39.8,1.4,0.1,2.3,9.071820244370421,76.5,21.2,2.0,550.0,20.655,17.329,246.30671428843598,105.0,8.0,410.8,523.53,32.51,45.93,38.89,15.18,101.956,101.671,38.589,2.87,100.0,36.71,46.97,8.8,1.7,3.59,33.88,25.31,10.25,28.08,13.47,2.2,104.6,1158.2,16.5,14.48,72.43,86.91,60.36,69.45,False,92.3,89.62,91.72
SYN_00820,SYNTHETIC_SIMULATED,True,,,True,VERIFIED,Wheat Straw,agricultural_residue,46.5,5.9,41.2,0.7,0.1,5.6,26.063812698529492,75.0,19.4,2.0,220.0,18.806,12.316,306.32346297923834,105.0,8.0,629.59,394.49,5.34,18.15,33.49,48.36,40.886,91.998,112.919,60.145,100.0,47.35,17.9,15.25,12.93,4.57,25.58,99.33,15.74,30.14,11.75,2.24,87.8,1153.7,13.9,69.36,129.26,198.62,363.69,183.11,True,68.32,67.74,67.96
SYN_00821,SYNTHETIC_SIMULATED,True,,,True,VERIFIED,Rice Husk,agricultural_residue,39.5,5.1,36.5,0.4,0.1,18.4,18.644075587954834,63.5,18.1,2.0,340.0,15.64,11.363,104.45192726478481,105.0,8.0,666.0,19.25,0.13,29.29,22.2,48.51,24.589,25.094,42.723,12.085,100.0,47.08,16.3,15.44,14.65,4.57,24.86,38.11,15.96,36.76,8.59,2.27,77.7,1139.1,7.9,16.0,52.77,68.78,141.5,205.74,True,69.75,68.82,69.54
SYN_00822,SYNTHETIC_SIMULATED,True,,,True,VERIFIED,Sugarcane Bagasse,agricultural_residue,48.0,5.8,43.5,0.3,0.05,2.35,14.271950660913122,81.0,16.65,2.0,180.0,19.044,14.892,233.4829746034318,105.0,8.0,457.73,18.58,9.64,35.3,45.88,18.82,69.095,106.445,42.081,15.917,100.0,40.96,39.16,10.76,2.87,4.0,32.1,29.36,11.88,26.02,12.78,2.21,103.2,1162.8,19.7,25.7,73.99,99.69,81.11,81.36,False,87.09,84.65,87.01
SYN_00823,SYNTHETIC_SIMULATED,True,,,True,VERIFIED,Miscanthus,energy_crop,48.5,5.7,42.6,0.6,0.1,2.5,18.924741541586187,79.5,18.0,2.0,200.0,19.191,14.088,144.6475464143509,105.0,8.0,741.09,6.64,0.13,15.47,25.33,59.2,17.746,38.765,72.062,17.176,100.0,46.7,14.75,15.64,16.44,4.59,24.13,65.98,16.19,34.49,11.15,2.27,76.8,1144.1,9.6,22.56,85.55,108.11,248.37,229.74,True,66.68,66.03,66.07
SYN_00824,SYNTHETIC_SIMULATED,True,,,True,VERIFIED,Almond Shells,nut_shells,51.0,6.0,39.5,0.5,0.05,2.95,7.856815840166049,73.5,23.55,2.0,480.0,20.725,17.699,332.4128217599323,105.0,7.856815840166049,563.24,24.27,23.33,19.94,42.66,37.41,60.783,151.964,121.388,0.0,100.0,47.14,23.11,14.42,8.66,4.53,27.61,98.1,14.94,26.66,13.87,2.22,95.7,1161.3,18.7,0.0,149.28,149.28,340.75,228.26,True,73.09,73.0,73.33
SYN_00825,SYNTHETIC_SIMULATED,True,,,True,VERIFIED,Pine Sawdust,woody_biomass,51.5,6.3,41.6,0.2,0.05,0.35,18.54104460571112,82.5,17.15,2.0,420.0,21.095,15.611,82.81251278513841,105.0,8.0,685.2,18.47,0.66,13.38,31.96,54.65,8.932,26.485,37.74,9.488,100.0,46.96,15.76,15.51,15.27,4.57,24.61,34.58,16.04,30.82,13.16,2.25,84.1,1152.2,13.1,12.6,43.63,56.24,129.01,229.39,True,69.65,68.89,68.85
SYN_00826,SYNTHETIC_SIMULATED,True,,,True,VERIFIED,Beech Wood,woody_biomass,49.5,6.1,43.8,0.2,0.02,0.38,23.636768169435793,84.0,15.62,2.0,460.0,19.93,13.626,255.79720051520954,105.0,8.0,688.46,71.37,4.98,12.63,28.35,59.02,24.578,69.354,117.892,43.477,100.0,46.94,15.69,15.52,15.35,4.57,24.58,107.79,16.05,32.66,11.98,2.26,81.7,1148.2,11.2,51.79,127.07,178.86,402.34,224.94,True,68.79,68.24,68.21
SYN_00827,SYNTHETIC_SIMULATED,True,,,True,VERIFIED,Olive Pomace,agricultural_residue,50.2,6.2,39.8,1.4,0.1,2.3,17.848633972338234,76.5,21.2,2.0,550.0,20.655,15.421,66.09148890811667,105.0,8.0,593.46,5.41,0.38,18.18,42.05,39.77,9.673,26.17,22.905,7.075,100.0,47.44,20.21,14.92,10.8,4.57,26.54,19.17,15.4,27.08,13.7,2.23,93.5,1160.4,18.0,9.61,28.55,38.16,68.67,179.95,True,73.65,72.77,73.16
SYN_00828,SYNTHETIC_SIMULATED,True,,,True,VERIFIED,Wheat Straw,agricultural_residue,46.5,5.9,41.2,0.7,0.1,5.6,14.980247830564139,75.0,19.4,2.0,220.0,18.806,14.529,308.48957310224824,105.0,8.0,646.52,18.97,1.36,18.57,32.13,49.3,47.984,102.288,134.951,23.406,100.0,47.22,16.99,15.36,13.89,4.57,25.18,118.92,15.87,30.74,11.62,2.25,86.1,1152.4,13.2,36.12,156.32,192.44,438.94,228.09,True,66.53,66.03,66.22
SYN_00829,SYNTHETIC_SIMULATED,True,,,True,VERIFIED,Rice Husk,agricultural_residue,39.5,5.1,36.5,0.4,0.1,18.4,8.519625897679058,63.5,18.1,2.0,340.0,15.64,13.081,186.71858547848632,105.0,8.0,574.28,216.52,0.82,30.9,34.98,34.12,51.894,70.942,61.09,1.055,100.0,47.31,21.95,14.63,9.45,4.55,27.2,50.48,15.13,29.52,9.85,2.23,91.4,1155.1,14.6,9.96,85.66,95.62,177.61,185.75,True,72.53,71.89,73.02
SYN_00830,SYNTHETIC_SIMULATED,True,,,True,VERIFIED,Sugarcane Bagasse,agricultural_residue,48.0,5.8,43.5,0.3,0.05,2.35,6.42662201288666,81.0,16.65,2.0,180.0,19.044,16.479,175.26101451458692,105.0,6.42662201288666,363.64,5.12,0.38,62.52,24.67,12.81,101.138,49.699,23.121,0.0,100.0,32.81,53.67,7.08,1.07,3.17,35.32,14.65,8.81,31.16,11.72,2.2,104.8,1151.4,12.7,0.0,45.0,45.0,30.03,66.72,False,100.26,98.21,101.37
SYN_00831,SYNTHETIC_SIMULATED,True,,,True,VERIFIED,Miscanthus,energy_crop,48.5,5.7,42.6,0.6,0.1,2.5,12.967833075739307,79.5,18.0,2.0,200.0,19.191,15.303,274.9455517481612,105.0,8.0,610.75,8.93,1.7,17.1,39.49,43.41,40.296,111.092,107.625,14.847,100.0,47.43,18.98,15.11,11.88,4.57,26.04,93.36,15.59,27.88,12.52,2.23,91.6,1158.7,16.8,26.73,130.92,157.65,338.45,214.68,True,71.19,70.71,71.27
SYN_00832,SYNTHETIC_SIMULATED,True,,,True,VERIFIED,Almond Shells,nut_shells,51.0,6.0,39.5,0.5,0.05,2.95,6.653903945243228,73.5,23.55,2.0,480.0,20.725,17.962,257.965512211446,105.0,6.653903945243228,462.3,188.32,0.59,34.58,46.46,18.96,81.844,124.077,51.041,0.0,100.0,41.11,38.87,10.84,2.92,4.01,32.03,35.56,11.94,23.71,14.53,2.2,106.2,1167.8,24.0,0.0,88.62,88.62,98.71,111.39,True,85.03,84.92,86.31
SYN_00833,SYNTHETIC_SIMULATED,True,,,True,VERIFIED,Pine Sawdust,woody_biomass,51.5,6.3,41.6,0.2,0.05,0.35,17.56665054694775,82.5,17.15,2.0,420.0,21.095,15.827,318.8121718371485,105.0,8.0,743.75,13.18,22.96,13.21,7.72,79.07,34.193,41.422,207.993,33.152,100.0,46.69,14.73,15.64,16.46,4.59,24.12,194.7,16.19,58.61,6.89,2.37,48.5,1091.1,5.0,45.46,192.35,237.81,733.1,308.28,True,62.35,61.9,60.97
SYN_00834,SYNTHETIC_SIMULATED,True,,,True,VERIFIED,Beech Wood,woody_biomass,49.5,6.1,43.8,0.2,0.02,0.38,10.327917767445724,84.0,15.62,2.0,460.0,19.93,16.426,64.980711650493,105.0,8.0,449.3,119.88,0.69,33.71,48.17,18.12,19.093,32.257,11.958,1.644,100.0,40.2,40.63,10.4,2.6,3.93,32.45,8.21,11.58,25.46,13.52,2.2,104.7,1164.0,20.7,4.62,21.04,25.66,22.1,86.12,False,88.42,86.38,88.58
SYN_00835,SYNTHETIC_SIMULATED,True,,,True,VERIFIED,Olive Pomace,agricultural_residue,50.2,6.2,39.8,1.4,0.1,2.3,15.63958505940732,76.5,21.2,2.0,550.0,20.655,15.901,206.21594253765215,105.0,8.0,626.78,449.62,17.15,15.48,30.83,53.7,26.15,65.588,97.233,17.124,100.0,47.36,18.01,15.24,12.82,4.57,25.63,84.1,15.73,31.36,12.75,2.25,86.4,1151.0,12.5,25.48,98.8,124.29,307.6,247.49,True,68.06,67.56,67.33
SYN_00836,SYNTHETIC_SIMULATED,True,,,True,VERIFIED,Wheat Straw,agricultural_residue,46.5,5.9,41.2,0.7,0.1,5.6,17.982215941709423,75.0,19.4,2.0,220.0,18.806,13.93,121.28213446190207,105.0,8.0,586.43,6.81,0.61,21.29,41.5,37.21,21.056,48.335,39.175,13.159,100.0,47.38,21.27,14.75,9.95,4.56,26.95,32.45,15.24,27.24,12.34,2.23,94.0,1160.1,17.8,17.79,50.76,68.55,114.98,167.72,True,71.71,71.01,71.74
SYN_00837,SYNTHETIC_SIMULATED,True,,,True,VERIFIED,Rice Husk,agricultural_residue,39.5,5.1,36.5,0.4,0.1,18.4,13.661168419950112,63.5,18.1,2.0,340.0,15.64,12.209,381.06081716585953,105.0,8.0,682.62,29.54,1.84,28.96,18.92,52.12,94.586,86.463,173.417,23.448,100.0,46.96,15.78,15.51,15.25,4.57,24.62,159.45,16.04,39.71,8.07,2.28,73.3,1132.6,6.2,39.65,212.44,252.09,594.69,235.9,True,67.79,67.23,67.71
SYN_00838,SYNTHETIC_SIMULATED,True,,,True,VERIFIED,Sugarcane Bagasse,agricultural_residue,48.0,5.8,43.5,0.3,0.05,2.35,8.274970956074592,81.0,16.65,2.0,180.0,19.044,16.105,330.23949403740215,105.0,8.0,513.65,58.27,32.92,22.85,49.76,27.39,68.701,169.908,90.132,0.987,100.0,45.47,29.16,13.16,5.61,4.39,29.51,68.4,13.85,25.09,12.97,2.21,100.3,1164.8,21.3,16.82,131.42,148.23,220.34,148.65,True,78.0,77.56,78.91
SYN_00839,SYNTHETIC_SIMULATED,True,,,True,VERIFIED,Miscanthus,energy_crop,48.5,5.7,42.6,0.6,0.1,2.5,27.591639562486385,79.5,18.0,2.0,200.0,19.191,12.321,488.46587977896917,105.0,8.0,489.41,7.07,1.35,29.32,48.12,22.56,101.24,191.875,87.384,104.02,100.0,43.74,33.41,12.17,4.2,4.24,30.67,64.18,13.03,25.47,13.02,2.21,101.2,1164.0,20.7,117.96,143.12,261.08,194.54,74.51,False,85.6,81.1,83.53
SYN_00840,SYNTHETIC_SIMULATED,True,,,True,VERIFIED,Almond Shells,nut_shells,51.0,6.0,39.5,0.5,0.05,2.95,20.453106801875975,73.5,23.55,2.0,480.0,20.725,14.945,396.80902588980115,105.0,8.0,657.49,388.41,0.27,15.6,33.67,50.73,48.298,127.266,166.253,53.712,100.0,47.13,16.51,15.42,14.41,4.57,24.96,148.61,15.94,30.06,13.12,2.25,86.3,1153.9,14.0,67.88,193.37,261.25,550.77,210.83,True,68.79,68.34,68.21
SYN_00841,SYNTHETIC_SIMULATED,True,,,True,VERIFIED,Pine Sawdust,woody_biomass,51.5,6.3,41.6,0.2,0.05,0.35,7.539319908007176,82.5,17.15,2.0,420.0,21.095,18.049,427.0313077800886,105.0,7.539319908007176,559.85,146.02,34.73,16.46,46.6,36.94,63.355,207.043,156.798,0.0,100.0,47.09,23.43,14.37,8.46,4.53,27.72,124.93,14.88,25.11,14.45,2.22,97.9,1164.8,21.3,0.0,190.68,190.68,432.4,226.77,True,74.89,74.82,75.24
SYN_00842,SYNTHETIC_SIMULATED,True,,,True,VERIFIED,Beech Wood,woody_biomass,49.5,6.1,43.8,0.2,0.02,0.38,7.795604853633982,84.0,15.62,2.0,460.0,19.93,16.959,310.8509126432795,105.0,7.795604853633982,575.23,75.71,20.51,15.37,43.31,41.32,43.53,142.551,125.465,0.0,100.0,47.35,21.6,14.7,9.71,4.55,27.07,102.99,15.18,26.37,13.32,2.22,95.3,1162.0,19.1,0.0,144.84,144.84,363.71,251.11,True,73.06,72.95,73.48
SYN_00843,SYNTHETIC_SIMULATED,True,,,True,VERIFIED,Olive Pomace,agricultural_residue,50.2,6.2,39.8,1.4,0.1,2.3,26.588356888983697,76.5,21.2,2.0,550.0,20.655,13.521,452.95508332885976,105.0,8.0,736.64,104.85,0.12,14.3,26.94,58.76,46.662,113.827,200.264,91.518,100.0,46.72,14.82,15.63,16.35,4.58,24.17,185.63,16.18,33.47,12.28,2.27,78.3,1146.4,10.5,104.9,239.39,344.3,698.3,202.82,True,67.6,67.11,66.66
SYN_00844,SYNTHETIC_SIMULATED,True,,,True,VERIFIED,Wheat Straw,agricultural_residue,46.5,5.9,41.2,0.7,0.1,5.6,25.56620466103794,75.0,19.4,2.0,220.0,18.806,12.416,223.61534424976435,105.0,8.0,748.66,562.09,1.21,17.03,22.44,60.53,27.626,50.241,103.705,42.696,100.0,46.68,14.68,15.65,16.52,4.59,24.1,95.64,16.2,36.58,10.44,2.28,74.1,1139.5,8.0,49.53,122.91,172.44,360.28,208.93,True,64.1,63.47,63.28
SYN_00845,SYNTHETIC_SIMULATED,True,,,True,VERIFIED,Rice Husk,agricultural_residue,39.5,5.1,36.5,0.4,0.1,18.4,16.687202796051018,63.5,18.1,2.0,340.0,15.64,11.695,485.97738671065486,105.0,8.0,401.47,138.18,0.36,55.98,30.21,13.8,222.736,150.949,61.619,45.889,100.0,35.96,48.27,8.46,1.56,3.52,34.17,40.8,9.98,31.67,9.48,2.21,100.2,1150.3,12.2,65.08,127.62,192.7,94.67,49.13,False,82.89,76.12,79.82
SYN_00846,SYNTHETIC_SIMULATED,True,,,True,VERIFIED,Sugarcane Bagasse,agricultural_residue,48.0,5.8,43.5,0.3,0.05,2.35,10.998328677340217,81.0,16.65,2.0,180.0,19.044,15.554,370.55820172413706,105.0,8.0,515.16,26.36,0.74,23.14,50.2,26.66,74.765,185.948,94.586,12.077,100.0,45.6,28.8,13.24,5.76,4.4,29.41,72.94,13.92,24.99,12.99,2.21,100.3,1165.0,21.5,28.82,143.98,172.81,236.12,136.63,True,78.71,78.27,79.66
SYN_00847,SYNTHETIC_SIMULATED,True,,,True,VERIFIED,Miscanthus,energy_crop,48.5,5.7,42.6,0.6,0.1,2.5,6.8766177389950744,79.5,18.0,2.0,200.0,19.191,16.545,67.5476704280364,105.0,6.8766177389950744,737.95,122.19,41.33,14.24,8.17,77.59,8.904,9.456,49.149,0.0,100.0,46.71,14.81,15.63,16.37,4.58,24.16,45.65,16.18,53.78,7.15,2.35,54.4,1101.7,5.0,0.0,45.11,45.11,171.75,380.76,True,59.56,59.07,58.42
SYN_00848,SYNTHETIC_SIMULATED,True,,,True,VERIFIED,Almond Shells,nut_shells,51.0,6.0,39.5,0.5,0.05,2.95,18.90613237653774,73.5,23.55,2.0,480.0,20.725,15.283,243.4606621464638,105.0,8.0,670.64,112.28,0.51,15.43,31.78,52.79,30.182,76.8,107.787,28.861,100.0,47.03,16.07,15.47,14.92,4.57,24.75,97.28,16.0,30.91,12.93,2.25,84.6,1152.0,13.0,37.93,124.64,162.57,361.91,222.62,True,67.9,67.4,67.22
SYN_00849,SYNTHETIC_SIMULATED,True,,,True,VERIFIED,Pine Sawdust,woody_biomass,51.5,6.3,41.6,0.2,0.05,0.35,21.3421273342646,82.5,17.15,2.0,420.0,21.095,14.99,275.5997971814363,105.0,8.0,444.36,314.12,0.4,35.83,46.69,17.48,75.999,112.62,42.332,39.968,100.0,39.52,41.9,10.08,2.39,3.86,32.74,29.23,11.31,25.82,14.29,2.2,104.9,1163.2,20.1,49.56,76.66,126.22,76.91,60.93,False,91.42,86.64,88.97
SYN_00850,SYNTHETIC_SIMULATED,True,,,True,VERIFIED,Beech Wood,woody_biomass,49.5,6.1,43.8,0.2,0.02,0.38,26.750945404241097,84.0,15.62,2.0,460.0,19.93,12.97,198.40059668243046,105.0,8.0,685.92,7.01,1.11,13.74,31.13,55.13,19.677,55.022,81.494,40.437,100.0,46.95,15.74,15.51,15.29,4.57,24.6,75.1,16.04,31.21,12.29,2.25,83.6,1151.3,12.7,46.27,94.1,140.37,280.19,199.61,True,71.0,70.38,70.54
SYN_00851,SYNTHETIC_SIMULATED,True,,,True,VERIFIED,Olive Pomace,agricultural_residue,50.2,6.2,39.8,1.4,0.1,2.3,21.961470364541704,76.5,21.2,2.0,550.0,20.655,14.527,113.6050271832549,105.0,8.0,544.06,566.6,12.62,19.66,47.27,33.07,16.998,47.827,31.203,17.24,100.0,46.72,25.12,14.03,7.47,4.49,28.28,24.81,14.59,25.67,14.01,2.22,97.9,1163.5,20.3,21.12,41.44,62.57,84.19,134.56,True,76.92,76.22,76.81
SYN_00852,SYNTHETIC_SIMULATED,True,,,True,VERIFIED,Wheat Straw,agricultural_residue,46.5,5.9,41.2,0.7,0.1,5.6,12.99484244165744,75.0,19.4,2.0,220.0,18.806,14.925,404.4053329585911,105.0,8.0,618.54,35.28,25.84,18.87,29.5,51.63,64.997,129.295,187.1,21.956,100.0,47.39,18.37,15.19,12.46,4.57,25.78,162.59,15.68,32.03,11.36,2.25,85.9,1149.5,11.8,39.42,196.96,236.38,592.76,250.77,True,65.74,65.29,65.4
SYN_00853,SYNTHETIC_SIMULATED,True,,,True,VERIFIED,Rice Husk,agricultural_residue,39.5,5.1,36.5,0.4,0.1,18.4,27.94818155266272,63.5,18.1,2.0,340.0,15.64,9.784,350.9602024155433,105.0,8.0,360.89,36.92,1.54,66.0,22.02,11.98,164.626,74.52,33.13,76.098,100.0,32.66,53.92,7.02,1.05,3.16,35.37,21.17,8.76,36.91,8.56,2.22,96.2,1138.8,7.8,85.99,69.6,155.59,43.12,27.72,False,87.47,74.97,80.23
SYN_00854,SYNTHETIC_SIMULATED,True,,,True,VERIFIED,Sugarcane Bagasse,agricultural_residue,48.0,5.8,43.5,0.3,0.05,2.35,23.40082402177997,81.0,16.65,2.0,180.0,19.044,13.046,53.21521137058625,105.0,8.0,570.47,725.77,13.46,17.26,43.29,39.44,6.91,20.68,16.743,8.908,100.0,47.29,22.09,14.61,9.35,4.55,27.25,13.92,15.1,26.72,12.64,2.22,95.1,1161.2,18.6,10.65,20.37,31.02,48.91,157.65,True,74.23,73.03,74.02
SYN_00855,SYNTHETIC_SIMULATED,True,,,True,VERIFIED,Miscanthus,energy_crop,48.5,5.7,42.6,0.6,0.1,2.5,14.950827784844744,79.5,18.0,2.0,200.0,19.191,14.899,365.0642913283434,105.0,8.0,650.76,62.45,23.83,15.14,24.87,59.99,46.326,99.804,192.078,27.582,100.0,47.19,16.82,15.38,14.07,4.57,25.1,170.06,15.89,34.8,11.09,2.26,80.8,1143.4,9.3,42.63,186.79,229.42,628.6,274.0,True,65.76,65.3,65.24
SYN_00856,SYNTHETIC_SIMULATED,True,,,True,VERIFIED,Almond Shells,nut_shells,51.0,6.0,39.5,0.5,0.05,2.95,18.41485052086857,73.5,23.55,2.0,480.0,20.725,15.391,329.710127343434,105.0,8.0,550.29,78.07,0.17,20.06,47.92,32.02,53.046,147.147,93.572,37.325,100.0,46.9,24.36,14.18,7.9,4.51,28.04,73.74,14.72,25.52,14.13,2.22,97.8,1163.9,20.6,49.77,127.7,177.47,252.48,142.27,True,76.03,75.57,76.18
SYN_00857,SYNTHETIC_SIMULATED,True,,,True,VERIFIED,Pine Sawdust,woody_biomass,51.5,6.3,41.6,0.2,0.05,0.35,9.555261260476243,82.5,17.15,2.0,420.0,21.095,17.602,236.58465704890372,105.0,8.0,512.88,10.08,3.4,23.47,50.69,25.84,49.417,121.931,60.404,3.999,100.0,45.19,29.9,12.99,5.33,4.36,29.72,45.53,13.71,24.89,14.5,2.21,100.8,1165.2,21.7,15.03,91.67,106.7,145.2,136.08,True,81.46,81.03,82.11
SYN_00858,SYNTHETIC_SIMULATED,True,,,True,VERIFIED,Beech Wood,woody_biomass,49.5,6.1,43.8,0.2,0.02,0.38,22.82375940960285,84.0,15.62,2.0,460.0,19.93,13.797,258.60658686741453,105.0,8.0,384.91,152.23,0.62,50.15,36.07,13.78,97.929,86.41,31.122,41.669,100.0,34.43,50.92,7.79,1.29,3.35,34.74,20.05,9.41,29.09,12.74,2.2,105.7,1156.0,15.2,50.29,59.4,109.68,43.88,40.0,False,99.63,92.44,95.61
SYN_00859,SYNTHETIC_SIMULATED,True,,,True,VERIFIED,Olive Pomace,agricultural_residue,50.2,6.2,39.8,1.4,0.1,2.3,23.57815776431115,76.5,21.2,2.0,550.0,20.655,14.175,202.7352399425995,105.0,8.0,567.53,303.82,0.27,17.88,46.99,35.12,27.015,82.869,56.994,34.329,100.0,47.24,22.49,14.54,9.07,4.54,27.39,47.35,15.04,25.74,13.99,2.22,96.6,1163.4,20.2,40.93,76.68,117.61,165.61,140.81,True,75.76,75.19,75.63
SYN_00860,SYNTHETIC_SIMULATED,True,,,True,VERIFIED,Wheat Straw,agricultural_residue,46.5,5.9,41.2,0.7,0.1,5.6,27.631300360571508,75.0,19.4,2.0,220.0,18.806,12.004,408.2106638309534,105.0,8.0,710.52,65.29,22.59,17.36,10.32,72.31,50.29,54.065,219.124,87.106,100.0,46.81,15.19,15.58,15.93,4.58,24.34,198.8,16.12,52.23,7.26,2.33,57.1,1105.1,5.0,98.74,202.14,300.88,745.32,247.71,True,61.13,60.57,59.95
SYN_00861,SYNTHETIC_SIMULATED,True,,,True,VERIFIED,Rice Husk,agricultural_residue,39.5,5.1,36.5,0.4,0.1,18.4,19.616104283968838,63.5,18.1,2.0,340.0,15.64,11.198,347.89854050291495,105.0,8.0,613.78,42.4,1.58,29.86,28.76,41.38,83.207,101.077,120.987,43.926,100.0,47.42,18.77,15.14,12.08,4.57,25.95,103.55,15.62,32.43,9.34,2.25,85.7,1148.7,11.4,56.64,154.19,210.83,376.14,178.41,True,72.14,71.52,72.39
SYN_00862,SYNTHETIC_SIMULATED,True,,,True,VERIFIED,Sugarcane Bagasse,agricultural_residue,48.0,5.8,43.5,0.3,0.05,2.35,22.07106367100254,81.0,16.65,2.0,180.0,19.044,13.315,342.23654661084066,105.0,8.0,526.4,117.65,0.42,21.41,51.07,27.52,55.908,152.041,80.209,52.344,100.0,45.89,27.96,13.43,6.1,4.42,29.16,61.32,14.08,24.8,13.03,2.21,100.2,1165.4,21.9,64.01,118.16,182.17,200.74,110.2,True,79.43,78.91,80.25
SYN_00863,SYNTHETIC_SIMULATED,True,,,True,VERIFIED,Miscanthus,energy_crop,48.5,5.7,42.6,0.6,0.1,2.5,24.85543405807509,79.5,18.0,2.0,200.0,19.191,12.879,402.1130124559389,105.0,8.0,678.63,5.07,5.09,15.99,26.48,57.54,47.667,101.827,177.255,73.672,100.0,47.0,15.92,15.49,15.09,4.57,24.68,161.74,16.02,33.76,11.3,2.26,80.8,1145.7,10.2,86.25,192.92,279.18,602.51,215.82,True,68.35,67.82,67.88
SYN_00864,SYNTHETIC_SIMULATED,True,,,True,VERIFIED,Almond Shells,nut_shells,51.0,6.0,39.5,0.5,0.05,2.95,21.509028022532384,73.5,23.55,2.0,480.0,20.725,14.715,82.0462181696565,105.0,8.0,520.69,19.72,2.56,24.67,48.51,26.82,15.514,35.558,18.824,12.047,100.0,45.62,28.75,13.25,5.77,4.4,29.39,14.29,13.93,25.38,14.16,2.21,99.8,1164.2,20.8,14.89,28.14,43.03,46.3,107.62,True,80.19,79.37,80.37
SYN_00865,SYNTHETIC_SIMULATED,True,,,True,VERIFIED,Pine Sawdust,woody_biomass,51.5,6.3,41.6,0.2,0.05,0.35,7.174351013806788,82.5,17.15,2.0,420.0,21.095,18.13,494.59850016716393,105.0,7.174351013806788,579.37,54.95,3.54,15.4,45.68,38.93,69.165,234.14,189.374,0.0,100.0,47.39,21.14,14.77,10.05,4.56,26.9,157.11,15.26,24.74,14.54,2.22,97.1,1165.6,22.0,0.0,233.89,233.89,557.52,238.37,True,73.83,73.77,74.09
SYN_00866,SYNTHETIC_SIMULATED,True,,,True,VERIFIED,Beech Wood,woody_biomass,49.5,6.1,43.8,0.2,0.02,0.38,8.693633878813365,84.0,15.62,2.0,460.0,19.93,16.77,434.7325275759035,105.0,8.0,497.96,6.59,0.3,25.72,50.42,23.87,100.481,222.624,106.061,3.278,100.0,44.4,31.88,12.53,4.66,4.3,30.27,77.11,13.33,24.95,13.63,2.21,101.4,1165.1,21.6,23.93,164.6,188.53,239.09,126.82,True,82.87,82.48,84.0
SYN_00867,SYNTHETIC_SIMULATED,True,,,True,VERIFIED,Olive Pomace,agricultural_residue,50.2,6.2,39.8,1.4,0.1,2.3,27.76769113145368,76.5,21.2,2.0,550.0,20.655,13.264,360.0804377995264,105.0,8.0,508.84,176.63,0.4,23.92,50.85,25.23,61.519,148.037,71.448,77.369,100.0,45.07,30.22,12.92,5.22,4.35,29.81,54.0,13.65,24.85,14.19,2.21,101.0,1165.3,21.8,87.58,110.83,198.41,171.43,86.4,False,82.33,79.78,81.13
SYN_00868,SYNTHETIC_SIMULATED,True,,,True,VERIFIED,Wheat Straw,agricultural_residue,46.5,5.9,41.2,0.7,0.1,5.6,15.2077601428858,75.0,19.4,2.0,220.0,18.806,14.483,246.79553866608236,105.0,8.0,485.35,794.39,6.33,30.6,47.89,21.51,62.115,113.929,49.259,19.335,100.0,43.2,34.61,11.88,3.88,4.19,30.98,35.99,12.8,25.52,12.69,2.21,101.5,1163.8,20.6,29.45,83.09,112.53,107.1,95.17,False,80.18,79.1,80.71
SYN_00869,SYNTHETIC_SIMULATED,True,,,True,VERIFIED,Rice Husk,agricultural_residue,39.5,5.1,36.5,0.4,0.1,18.4,23.14179201639486,63.5,18.1,2.0,340.0,15.64,10.6,457.3200180006879,105.0,8.0,546.72,427.05,37.93,32.43,35.5,32.07,111.708,147.937,118.982,75.268,100.0,46.8,24.78,14.1,7.66,4.5,28.17,94.63,14.65,29.32,9.89,2.23,93.0,1155.5,14.9,90.36,165.43,255.8,322.43,126.05,True,76.0,75.38,76.62
SYN_00870,SYNTHETIC_SIMULATED,True,,,True,VERIFIED,Sugarcane Bagasse,agricultural_residue,48.0,5.8,43.5,0.3,0.05,2.35,9.578665304878866,81.0,16.65,2.0,180.0,19.044,15.841,420.22062347466345,105.0,8.0,567.77,44.52,10.48,17.73,43.62,38.64,66.199,190.71,153.102,7.211,100.0,47.3,22.09,14.61,9.35,4.55,27.25,127.33,15.11,26.63,12.66,2.22,95.2,1161.4,18.7,26.8,189.92,216.72,447.3,206.4,True,72.6,72.18,72.98
SYN_00871,SYNTHETIC_SIMULATED,True,,,True,VERIFIED,Miscanthus,energy_crop,48.5,5.7,42.6,0.6,0.1,2.5,13.41997443815197,79.5,18.0,2.0,200.0,19.191,15.211,384.98626931367926,105.0,8.0,651.78,17.72,19.84,15.78,24.68,59.54,51.555,106.594,201.957,22.681,100.0,47.2,16.89,15.37,13.99,4.57,25.13,180.96,15.88,34.93,11.06,2.26,80.8,1143.2,9.2,39.14,199.69,238.83,668.44,279.88,True,66.0,65.55,65.52
SYN_00872,SYNTHETIC_SIMULATED,True,,,True,VERIFIED,Almond Shells,nut_shells,51.0,6.0,39.5,0.5,0.05,2.95,27.458649887122892,73.5,23.55,2.0,480.0,20.725,13.414,182.71094722632884,105.0,8.0,444.46,544.22,2.14,38.04,44.31,17.65,50.184,68.779,26.357,38.645,100.0,39.82,41.35,10.22,2.48,3.89,32.61,18.01,11.43,26.44,13.92,2.21,103.8,1161.8,19.0,43.88,47.3,91.18,47.86,52.49,False,90.37,83.39,86.09
SYN_00873,SYNTHETIC_SIMULATED,True,,,True,VERIFIED,Pine Sawdust,woody_biomass,51.5,6.3,41.6,0.2,0.05,0.35,8.943640150804086,82.5,17.15,2.0,420.0,21.095,17.738,140.64030767046114,105.0,8.0,681.57,46.29,0.13,12.99,33.42,53.59,16.61,51.878,71.678,1.443,100.0,46.99,15.88,15.49,15.13,4.57,24.67,64.33,16.02,30.17,13.31,2.25,85.1,1153.6,13.9,8.09,81.99,90.08,239.71,266.1,True,68.64,68.12,68.03
SYN_00874,SYNTHETIC_SIMULATED,True,,,True,VERIFIED,Beech Wood,woody_biomass,49.5,6.1,43.8,0.2,0.02,0.38,9.659685076855194,84.0,15.62,2.0,460.0,19.93,16.567,165.9371930323607,105.0,8.0,438.04,5.38,36.32,40.85,42.07,17.09,60.382,73.256,28.244,2.994,100.0,39.08,42.71,9.88,2.27,3.82,32.93,19.51,11.15,27.07,13.17,2.21,103.6,1160.4,18.0,10.72,52.31,63.02,50.58,80.26,False,91.89,89.74,92.16
SYN_00875,SYNTHETIC_SIMULATED,True,,,True,VERIFIED,Olive Pomace,agricultural_residue,50.2,6.2,39.8,1.4,0.1,2.3,17.033306648904748,76.5,21.2,2.0,550.0,20.655,15.598,384.19681566059205,105.0,8.0,577.26,621.42,8.18,17.33,43.51,39.16,53.749,157.676,131.673,37.724,100.0,47.35,21.59,14.7,9.71,4.55,27.06,108.88,15.19,26.66,13.79,2.22,94.9,1161.4,18.7,52.76,161.35,214.11,384.56,179.61,True,73.32,72.88,73.14
SYN_00876,SYNTHETIC_SIMULATED,True,,,True,VERIFIED,Wheat Straw,agricultural_residue,46.5,5.9,41.2,0.7,0.1,5.6,22.000040848058575,75.0,19.4,2.0,220.0,18.806,13.128,159.01803102232347,105.0,8.0,435.9,56.86,0.25,41.41,41.66,16.93,50.588,60.032,23.528,24.198,100.0,39.15,42.58,9.91,2.29,3.83,32.9,16.01,11.17,27.19,12.35,2.21,103.4,1160.2,17.8,29.63,43.37,73.0,41.59,56.98,False,87.81,81.73,84.7
SYN_00877,SYNTHETIC_SIMULATED,True,,,True,VERIFIED,Rice Husk,agricultural_residue,39.5,5.1,36.5,0.4,0.1,18.4,27.738021078111508,63.5,18.1,2.0,340.0,15.64,9.82,486.5682585277024,105.0,8.0,601.01,5.94,8.39,31.03,26.72,42.25,108.243,119.468,154.059,104.39,100.0,47.45,19.48,15.03,11.42,4.57,26.25,131.1,15.51,33.6,9.14,2.25,84.7,1146.1,10.3,118.21,189.15,307.35,472.99,153.89,True,73.83,73.17,74.05
SYN_00878,SYNTHETIC_SIMULATED,True,,,True,VERIFIED,Sugarcane Bagasse,agricultural_residue,48.0,5.8,43.5,0.3,0.05,2.35,22.142913980451812,81.0,16.65,2.0,180.0,19.044,13.301,215.05344981005038,105.0,8.0,741.87,78.64,1.05,14.1,25.42,60.48,23.223,55.32,104.349,33.06,100.0,46.69,14.74,15.64,16.45,4.59,24.12,96.2,16.19,34.43,11.05,2.27,76.9,1144.3,9.6,40.37,122.37,162.74,362.21,222.56,True,66.35,65.75,65.75
SYN_00879,SYNTHETIC_SIMULATED,True,,,True,VERIFIED,Miscanthus,energy_crop,48.5,5.7,42.6,0.6,0.1,2.5,13.066775018669482,79.5,18.0,2.0,200.0,19.191,15.283,369.23598162452873,105.0,8.0,622.66,15.64,0.68,16.38,38.18,45.44,51.577,143.305,151.064,20.335,100.0,47.37,18.12,15.22,12.71,4.57,25.68,132.56,15.71,28.32,12.43,2.24,90.3,1157.7,16.2,36.26,181.49,217.75,484.4,222.46,True,70.29,69.84,70.3
SYN_00880,SYNTHETIC_SIMULATED,True,,,True,VERIFIED,Almond Shells,nut_shells,51.0,6.0,39.5,0.5,0.05,2.95,22.672662062056094,73.5,23.55,2.0,480.0,20.725,14.46,463.097934077695,105.0,8.0,747.5,20.08,0.49,15.75,24.18,60.07,55.486,113.597,218.442,73.857,100.0,46.68,14.67,15.65,16.52,4.59,24.1,204.48,16.2,35.27,11.96,2.27,75.6,1142.4,9.0,89.36,264.85,354.21,770.38,217.49,True,66.45,65.99,65.57
SYN_00881,SYNTHETIC_SIMULATED,True,,,True,VERIFIED,Pine Sawdust,woody_biomass,51.5,6.3,41.6,0.2,0.05,0.35,11.764121025828876,82.5,17.15,2.0,420.0,21.095,17.113,96.48579618433378,105.0,8.0,484.3,129.48,0.15,26.01,51.99,22.01,21.77,50.016,20.699,3.948,100.0,43.35,34.27,11.96,3.97,4.21,30.89,15.09,12.86,24.61,14.56,2.21,102.6,1165.9,22.2,8.23,33.98,42.22,45.15,106.94,True,84.01,83.37,84.69
SYN_00882,SYNTHETIC_SIMULATED,True,,,True,VERIFIED,Beech Wood,woody_biomass,49.5,6.1,43.8,0.2,0.02,0.38,21.982563134314233,84.0,15.62,2.0,460.0,19.93,13.974,426.0148311994811,105.0,8.0,357.68,8.33,1.28,61.27,26.02,12.72,199.214,109.746,47.085,64.748,100.0,32.53,54.14,6.96,1.03,3.14,35.42,29.67,8.71,34.05,11.68,2.21,100.8,1145.1,10.0,79.31,90.86,170.17,60.1,35.32,False,104.98,97.84,101.05
SYN_00883,SYNTHETIC_SIMULATED,True,,,True,VERIFIED,Olive Pomace,agricultural_residue,50.2,6.2,39.8,1.4,0.1,2.3,17.141862663134688,76.5,21.2,2.0,550.0,20.655,15.575,402.4392977014845,105.0,8.0,569.99,496.13,2.19,17.72,46.17,36.11,58.23,177.423,129.088,39.99,100.0,47.28,22.23,14.59,9.25,4.55,27.3,104.87,15.08,25.95,13.95,2.22,96.2,1162.9,19.8,55.7,166.08,221.78,367.84,165.86,True,74.4,73.96,74.33
SYN_00884,SYNTHETIC_SIMULATED,True,,,True,VERIFIED,Wheat Straw,agricultural_residue,46.5,5.9,41.2,0.7,0.1,5.6,19.924789930213674,75.0,19.4,2.0,220.0,18.806,13.542,490.5473407113952,105.0,8.0,718.67,6.95,7.67,18.32,15.96,65.72,71.264,93.143,261.045,63.583,100.0,46.77,15.03,15.6,16.12,4.58,24.26,242.04,16.14,43.04,9.13,2.3,67.7,1125.3,5.0,81.36,274.24,355.6,908.74,255.55,True,62.33,61.85,61.47
SYN_00885,SYNTHETIC_SIMULATED,True,,,True,VERIFIED,Rice Husk,agricultural_residue,39.5,5.1,36.5,0.4,0.1,18.4,27.902821201848642,63.5,18.1,2.0,340.0,15.64,9.792,412.9907052757869,105.0,8.0,563.95,75.43,10.39,31.54,33.85,34.61,91.238,123.031,108.559,89.344,100.0,47.17,22.93,14.46,8.78,4.54,27.55,87.97,14.97,29.99,9.77,2.23,91.3,1154.0,14.1,101.0,145.88,246.88,306.2,124.03,True,76.29,75.6,76.76
SYN_00886,SYNTHETIC_SIMULATED,True,,,True,VERIFIED,Sugarcane Bagasse,agricultural_residue,48.0,5.8,43.5,0.3,0.05,2.35,20.996253562436593,81.0,16.65,2.0,180.0,19.044,13.533,361.8358927130198,105.0,8.0,456.31,16.14,16.6,35.28,45.82,18.9,98.878,147.569,60.107,51.114,100.0,41.03,39.02,10.8,2.89,4.0,32.07,42.12,11.91,26.04,12.78,2.21,103.1,1162.7,19.7,63.84,105.89,169.73,116.62,68.71,False,88.29,83.87,86.57
SYN_00887,SYNTHETIC_SIMULATED,True,,,True,VERIFIED,Miscanthus,energy_crop,48.5,5.7,42.6,0.6,0.1,2.5,6.71757341148629,79.5,18.0,2.0,200.0,19.191,16.577,464.9721226160824,105.0,6.71757341148629,554.59,15.07,0.64,19.8,47.24,32.97,83.692,228.077,153.984,0.0,100.0,47.01,23.83,14.29,8.21,4.52,27.86,122.64,14.81,23.64,13.4,2.21,100.0,1168.0,24.1,0.0,206.5,206.5,422.54,204.62,True,74.79,74.72,75.6
SYN_00888,SYNTHETIC_SIMULATED,True,,,True,VERIFIED,Almond Shells,nut_shells,51.0,6.0,39.5,0.5,0.05,2.95,19.680487510316297,73.5,23.55,2.0,480.0,20.725,15.114,101.62239492909016,105.0,8.0,553.99,14.07,0.1,20.9,46.51,32.59,16.765,43.405,28.399,12.902,100.0,46.98,23.98,14.26,8.12,4.52,27.91,22.81,14.79,25.86,14.05,2.22,97.2,1163.1,20.0,16.61,39.07,55.68,78.46,140.93,True,76.45,75.74,76.42
SYN_00889,SYNTHETIC_SIMULATED,True,,,True,VERIFIED,Pine Sawdust,woody_biomass,51.5,6.3,41.6,0.2,0.05,0.35,25.147037482995554,82.5,17.15,2.0,420.0,21.095,14.147,184.9677382098937,105.0,8.0,456.4,7.45,10.87,34.9,46.08,19.02,47.347,72.627,29.432,34.474,100.0,41.07,38.95,10.82,2.91,4.01,32.05,20.54,11.92,25.97,14.26,2.21,103.1,1162.9,19.8,40.21,51.35,91.56,56.95,62.2,False,91.29,85.94,88.32
SYN_00890,SYNTHETIC_SIMULATED,True,,,True,VERIFIED,Beech Wood,woody_biomass,49.5,6.1,43.8,0.2,0.02,0.38,24.05430287318456,84.0,15.62,2.0,460.0,19.93,13.538,442.870671648698,105.0,8.0,622.49,9.85,2.4,14.63,39.03,46.33,48.563,152.228,163.124,77.282,100.0,47.38,18.2,15.21,12.63,4.57,25.71,141.46,15.7,28.03,12.97,2.23,90.7,1158.3,16.6,91.5,189.57,281.07,516.54,183.78,True,73.54,73.05,73.5
SYN_00891,SYNTHETIC_SIMULATED,True,,,True,VERIFIED,Olive Pomace,agricultural_residue,50.2,6.2,39.8,1.4,0.1,2.3,17.42587150401971,76.5,21.2,2.0,550.0,20.655,15.513,256.99150037102913,105.0,8.0,573.44,33.2,26.77,18.18,41.49,40.33,38.781,101.912,90.082,26.33,100.0,47.32,21.91,14.64,9.48,4.55,27.18,74.09,15.13,27.25,13.66,2.23,94.3,1160.1,17.8,36.29,106.54,142.82,260.76,182.58,True,73.43,72.94,73.2
SYN_00892,SYNTHETIC_SIMULATED,True,,,True,VERIFIED,Wheat Straw,agricultural_residue,46.5,5.9,41.2,0.7,0.1,5.6,23.794793295954264,75.0,19.4,2.0,220.0,18.806,12.769,458.91247235618914,105.0,8.0,566.52,9.76,0.11,22.22,43.95,33.82,76.672,176.666,124.653,78.787,100.0,47.15,23.05,14.44,8.7,4.53,27.59,102.07,14.95,26.53,12.48,2.22,95.9,1161.6,18.9,93.63,170.84,264.47,354.78,134.15,True,74.13,73.62,74.44
SYN_00893,SYNTHETIC_SIMULATED,True,,,True,VERIFIED,Rice Husk,agricultural_residue,39.5,5.1,36.5,0.4,0.1,18.4,16.83947891965792,63.5,18.1,2.0,340.0,15.64,11.67,351.44670343993903,105.0,8.0,680.0,22.72,18.02,29.11,8.73,62.16,83.023,49.051,183.023,33.767,100.0,47.0,15.94,15.49,15.06,4.57,24.69,166.76,16.01,55.92,5.25,2.35,53.8,1097.0,5.0,47.59,186.23,233.82,621.06,265.61,True,65.34,64.74,64.9
SYN_00894,SYNTHETIC_SIMULATED,True,,,True,VERIFIED,Sugarcane Bagasse,agricultural_residue,48.0,5.8,43.5,0.3,0.05,2.35,10.538340584502052,81.0,16.65,2.0,180.0,19.044,15.647,79.08018335333635,105.0,8.0,376.64,45.18,0.23,54.82,31.81,13.37,37.766,27.806,10.581,2.182,100.0,33.83,51.95,7.53,1.2,3.29,34.95,6.8,9.19,30.89,11.78,2.21,103.8,1152.0,13.0,5.79,20.54,26.33,14.53,55.18,False,97.06,92.85,95.97
SYN_00895,SYNTHETIC_SIMULATED,True,,,True,VERIFIED,Miscanthus,energy_crop,48.5,5.7,42.6,0.6,0.1,2.5,24.300632510099337,79.5,18.0,2.0,200.0,19.191,12.992,105.12689463575549,105.0,8.0,429.78,101.46,0.19,39.92,43.49,16.59,31.606,39.708,14.903,18.626,100.0,38.59,43.61,9.65,2.13,3.78,33.13,10.05,10.96,26.66,12.77,2.2,104.7,1161.3,18.7,21.97,27.34,49.32,25.62,51.96,False,91.66,84.6,87.78
SYN_00896,SYNTHETIC_SIMULATED,True,,,True,VERIFIED,Almond Shells,nut_shells,51.0,6.0,39.5,0.5,0.05,2.95,11.55717059639407,73.5,23.55,2.0,480.0,20.725,16.89,73.07963693282105,105.0,8.0,714.11,71.99,0.53,15.29,27.51,57.21,9.77,22.067,38.121,2.826,100.0,46.81,15.17,15.58,15.96,4.58,24.33,34.93,16.12,33.14,12.43,2.26,79.9,1147.1,10.8,6.09,44.36,50.45,130.98,259.64,True,65.67,64.92,64.7
SYN_00897,SYNTHETIC_SIMULATED,True,,,True,VERIFIED,Pine Sawdust,woody_biomass,51.5,6.3,41.6,0.2,0.05,0.35,8.160440006858387,82.5,17.15,2.0,420.0,21.095,17.911,383.858267805882,105.0,8.0,467.02,646.69,0.22,29.61,50.41,19.98,102.537,199.859,77.767,0.669,100.0,41.9,37.31,11.22,3.24,4.08,31.65,55.78,12.25,24.95,14.49,2.21,103.7,1165.1,21.6,19.11,134.16,153.27,158.97,103.72,True,85.77,85.39,86.84
SYN_00898,SYNTHETIC_SIMULATED,True,,,True,VERIFIED,Beech Wood,woody_biomass,49.5,6.1,43.8,0.2,0.02,0.38,21.304385532872807,84.0,15.62,2.0,460.0,19.93,14.116,103.57182256202239,105.0,8.0,642.41,206.6,1.11,13.03,38.0,48.97,10.345,36.458,41.486,14.978,100.0,47.25,17.21,15.34,13.65,4.57,25.28,36.74,15.84,28.39,12.89,2.24,89.3,1157.6,16.1,18.59,48.03,66.62,135.36,203.18,True,71.56,70.8,71.19
SYN_00899,SYNTHETIC_SIMULATED,True,,,True,VERIFIED,Olive Pomace,agricultural_residue,50.2,6.2,39.8,1.4,0.1,2.3,9.965312517874738,76.5,21.2,2.0,550.0,20.655,17.135,95.71528876754155,105.0,8.0,395.79,34.81,18.23,52.42,33.39,14.19,44.204,35.224,13.781,2.045,100.0,35.2,49.59,8.13,1.42,3.44,34.45,8.9,9.7,30.18,13.01,2.21,103.2,1153.6,13.8,6.47,26.43,32.9,20.07,61.0,False,95.69,92.23,94.56
SYN_00900,SYNTHETIC_SIMULATED,True,,,True,VERIFIED,Wheat Straw,agricultural_residue,46.5,5.9,41.2,0.7,0.1,5.6,18.27878105836012,75.0,19.4,2.0,220.0,18.806,13.87,285.2828107843767,105.0,8.0,551.88,22.51,8.21,22.47,43.87,33.66,51.14,116.281,83.567,31.873,100.0,46.94,24.15,14.23,8.02,4.51,27.97,66.83,14.76,26.56,12.48,2.22,96.3,1161.6,18.8,42.68,111.17,153.85,229.39,149.1,True,73.35,72.82,73.65
SYN_00901,SYNTHETIC_SIMULATED,True,,,True,VERIFIED,Rice Husk,agricultural_residue,39.5,5.1,36.5,0.4,0.1,18.4,24.11390412361192,63.5,18.1,2.0,340.0,15.64,10.435,443.74660641939874,105.0,8.0,487.67,476.72,1.85,38.86,39.99,21.16,130.116,156.518,77.248,77.723,100.0,43.69,33.52,12.14,4.17,4.24,30.7,56.81,13.01,27.72,10.17,2.22,98.2,1159.0,17.1,91.94,136.02,227.96,171.9,75.41,False,80.32,75.32,78.12
SYN_00902,SYNTHETIC_SIMULATED,True,,,True,VERIFIED,Sugarcane Bagasse,agricultural_residue,48.0,5.8,43.5,0.3,0.05,2.35,17.809543069931134,81.0,16.65,2.0,180.0,19.044,14.177,309.68200829112146,105.0,8.0,493.75,324.03,0.18,25.8,51.14,23.07,64.324,146.209,65.31,33.02,100.0,44.04,32.73,12.33,4.4,4.27,30.49,47.63,13.16,24.79,13.03,2.21,101.9,1165.5,21.9,44.9,104.11,149.01,145.84,97.87,False,82.03,81.27,82.94
SYN_00903,SYNTHETIC_SIMULATED,True,,,True,VERIFIED,Miscanthus,energy_crop,48.5,5.7,42.6,0.6,0.1,2.5,20.622480262397257,79.5,18.0,2.0,200.0,19.191,13.742,199.03584242861,105.0,8.0,399.01,40.6,2.3,50.07,35.5,14.43,77.995,67.141,25.244,27.308,100.0,35.6,48.9,8.3,1.49,3.48,34.3,16.72,9.84,29.31,12.22,2.2,104.0,1155.5,14.9,34.38,49.16,83.54,38.27,45.82,False,96.27,89.72,92.92
SYN_00904,SYNTHETIC_SIMULATED,True,,,True,VERIFIED,Almond Shells,nut_shells,51.0,6.0,39.5,0.5,0.05,2.95,7.754383205726275,73.5,23.55,2.0,480.0,20.725,17.721,392.1351116488832,105.0,7.754383205726275,513.72,292.16,41.83,24.08,49.03,26.89,85.914,200.865,106.096,0.0,100.0,45.33,29.53,13.08,5.47,4.38,29.62,79.9,13.78,24.88,14.27,2.21,100.7,1165.3,21.7,0.0,155.68,155.68,256.1,164.5,True,77.99,77.91,78.71
SYN_00905,SYNTHETIC_SIMULATED,True,,,True,VERIFIED,Pine Sawdust,woody_biomass,51.5,6.3,41.6,0.2,0.05,0.35,20.59908987618972,82.5,17.15,2.0,420.0,21.095,15.155,487.002556322498,105.0,8.0,711.96,27.3,2.57,13.0,27.26,59.74,49.933,133.155,237.031,66.693,100.0,46.81,15.18,15.58,15.95,4.58,24.33,217.92,16.12,33.28,12.61,2.26,79.7,1146.8,10.6,84.01,265.07,349.08,817.09,234.07,True,68.27,67.84,67.51
SYN_00906,SYNTHETIC_SIMULATED,True,,,True,VERIFIED,Beech Wood,woody_biomass,49.5,6.1,43.8,0.2,0.02,0.38,16.72777136156094,84.0,15.62,2.0,460.0,19.93,15.079,272.42953763022086,105.0,8.0,551.34,260.15,1.81,16.88,50.41,32.72,37.851,128.326,80.635,25.845,100.0,46.93,24.24,14.21,7.97,4.51,27.99,63.72,14.74,24.95,13.63,2.22,98.5,1165.1,21.6,36.59,107.98,144.57,218.5,151.13,True,77.38,76.89,77.86
SYN_00907,SYNTHETIC_SIMULATED,True,,,True,VERIFIED,Olive Pomace,agricultural_residue,50.2,6.2,39.8,1.4,0.1,2.3,12.251654226680216,76.5,21.2,2.0,550.0,20.655,16.638,366.836008741487,105.0,8.0,684.73,86.61,0.23,14.68,31.65,53.67,46.87,126.218,175.758,16.953,100.0,46.98,15.83,15.5,15.18,4.57,24.64,161.85,16.03,30.97,12.84,2.25,84.1,1151.9,12.9,33.07,206.88,239.95,603.36,251.45,True,67.3,66.89,66.61
SYN_00908,SYNTHETIC_SIMULATED,True,,,True,VERIFIED,Wheat Straw,agricultural_residue,46.5,5.9,41.2,0.7,0.1,5.6,7.002221503956329,75.0,19.4,2.0,220.0,18.806,16.121,216.01961242310122,105.0,7.002221503956329,566.7,385.02,15.18,20.42,40.73,38.85,40.305,93.094,81.802,0.0,100.0,47.26,22.37,14.56,9.16,4.54,27.35,67.15,15.06,25.73,12.64,2.22,96.6,1163.4,20.2,0.0,99.07,99.07,235.18,237.38,True,69.52,69.36,69.84
SYN_00909,SYNTHETIC_SIMULATED,True,,,True,VERIFIED,Rice Husk,agricultural_residue,39.5,5.1,36.5,0.4,0.1,18.4,13.408405087426237,63.5,18.1,2.0,340.0,15.64,12.252,249.46470540671118,105.0,8.0,519.91,131.46,1.98,34.59,39.55,25.85,74.283,101.783,60.63,14.665,100.0,45.83,28.14,13.39,6.03,4.42,29.22,46.04,14.04,27.86,10.14,2.22,96.2,1158.7,16.9,25.34,95.4,120.73,150.37,124.54,True,76.17,75.55,77.03
SYN_00910,SYNTHETIC_SIMULATED,True,,,True,VERIFIED,Sugarcane Bagasse,agricultural_residue,48.0,5.8,43.5,0.3,0.05,2.35,24.664897850332622,81.0,16.65,2.0,180.0,19.044,12.791,271.7019146122493,105.0,8.0,607.57,229.63,5.73,15.72,39.76,44.52,31.754,94.573,95.146,49.216,100.0,47.44,19.23,15.07,11.65,4.57,26.15,81.52,15.55,27.79,12.42,2.23,91.9,1158.9,17.0,57.77,111.04,168.81,294.83,174.66,True,72.23,71.65,72.24
SYN_00911,SYNTHETIC_SIMULATED,True,,,True,VERIFIED,Miscanthus,energy_crop,48.5,5.7,42.6,0.6,0.1,2.5,10.413098641147752,79.5,18.0,2.0,200.0,19.191,15.824,130.42061657769193,105.0,8.0,743.74,39.46,30.57,14.66,7.27,78.07,16.819,17.845,92.781,3.421,100.0,46.7,14.77,15.63,16.41,4.59,24.14,85.39,16.18,59.92,5.87,2.38,47.1,1088.2,5.0,9.39,84.87,94.26,321.38,340.96,True,59.83,59.23,58.62
SYN_00912,SYNTHETIC_SIMULATED,True,,,True,VERIFIED,Almond Shells,nut_shells,51.0,6.0,39.5,0.5,0.05,2.95,24.48816480624416,73.5,23.55,2.0,480.0,20.725,14.063,432.78594317275594,105.0,8.0,648.21,268.12,0.43,15.8,35.29,48.91,50.507,137.711,164.932,77.564,100.0,47.22,17.02,15.36,13.85,4.57,25.19,147.34,15.87,29.4,13.26,2.24,87.8,1155.3,14.8,91.26,194.45,285.72,543.66,190.28,True,70.03,69.55,69.49
SYN_00913,SYNTHETIC_SIMULATED,True,,,True,VERIFIED,Pine Sawdust,woody_biomass,51.5,6.3,41.6,0.2,0.05,0.35,22.38777680012732,82.5,17.15,2.0,420.0,21.095,14.758,66.35465029187638,105.0,8.0,648.3,197.39,0.35,13.02,37.57,49.41,6.661,22.726,26.631,10.377,100.0,47.21,16.95,15.37,13.93,4.57,25.16,23.52,15.88,28.54,13.68,2.24,88.8,1157.2,15.9,12.62,30.76,43.38,86.84,200.19,True,71.56,70.64,70.8
SYN_00914,SYNTHETIC_SIMULATED,True,,,True,VERIFIED,Beech Wood,woody_biomass,49.5,6.1,43.8,0.2,0.02,0.38,9.234304648211427,84.0,15.62,2.0,460.0,19.93,16.656,415.45773379531596,105.0,8.0,547.21,289.71,0.21,17.27,51.16,31.57,65.359,217.223,127.972,5.574,100.0,46.8,24.81,14.1,7.64,4.5,28.18,101.85,14.64,24.79,13.66,2.22,99.0,1165.5,21.9,25.09,177.36,202.45,346.9,171.35,True,76.87,76.46,77.46
SYN_00915,SYNTHETIC_SIMULATED,True,,,True,VERIFIED,Olive Pomace,agricultural_residue,50.2,6.2,39.8,1.4,0.1,2.3,21.326129679017853,76.5,21.2,2.0,550.0,20.655,14.665,143.54854831402042,105.0,8.0,645.34,8.79,0.12,16.3,35.21,48.48,18.088,46.923,56.627,20.793,100.0,47.24,17.1,15.35,13.76,4.57,25.23,50.41,15.85,29.43,13.18,2.24,87.9,1155.3,14.8,25.79,66.9,92.7,185.85,200.49,True,70.74,70.11,70.1
SYN_00916,SYNTHETIC_SIMULATED,True,,,True,VERIFIED,Wheat Straw,agricultural_residue,46.5,5.9,41.2,0.7,0.1,5.6,26.903520983997062,75.0,19.4,2.0,220.0,18.806,12.149,125.81623117166872,105.0,8.0,704.17,24.22,15.46,17.85,11.14,71.01,15.962,17.502,64.946,25.852,100.0,46.85,15.32,15.56,15.79,4.58,24.4,60.67,16.1,50.58,7.6,2.33,59.3,1108.7,5.0,29.53,62.04,91.57,227.18,248.1,True,61.62,60.83,60.37
SYN_00917,SYNTHETIC_SIMULATED,True,,,True,VERIFIED,Rice Husk,agricultural_residue,39.5,5.1,36.5,0.4,0.1,18.4,13.75658185119327,63.5,18.1,2.0,340.0,15.64,12.193,354.506370166622,105.0,8.0,646.62,11.66,4.61,29.72,21.41,48.86,89.69,88.437,152.575,22.182,100.0,47.22,16.99,15.36,13.88,4.57,25.18,136.27,15.87,37.42,8.47,2.27,77.8,1137.7,7.5,37.22,182.2,219.43,502.95,229.21,True,68.86,68.29,68.89
SYN_00918,SYNTHETIC_SIMULATED,True,,,True,VERIFIED,Sugarcane Bagasse,agricultural_residue,48.0,5.8,43.5,0.3,0.05,2.35,25.58068028437578,81.0,16.65,2.0,180.0,19.044,12.606,246.04845711282974,105.0,8.0,625.37,9.05,5.18,16.37,35.42,48.21,29.346,77.549,91.55,47.018,100.0,47.36,18.03,15.23,12.8,4.57,25.64,80.0,15.72,29.35,12.1,2.24,88.9,1155.4,14.9,54.54,103.92,158.46,292.57,184.63,True,71.62,71.02,71.51
SYN_00919,SYNTHETIC_SIMULATED,True,,,True,VERIFIED,Miscanthus,energy_crop,48.5,5.7,42.6,0.6,0.1,2.5,13.562918753009502,79.5,18.0,2.0,200.0,19.191,15.182,247.66272906624005,105.0,8.0,707.16,99.86,0.34,14.36,28.98,56.66,30.351,77.588,124.348,14.975,100.0,46.83,15.24,15.57,15.87,4.58,24.36,114.55,16.11,32.31,11.6,2.26,81.1,1148.9,11.5,25.53,145.6,171.13,429.26,250.83,True,66.19,65.69,65.73
SYN_00920,SYNTHETIC_SIMULATED,True,,,True,VERIFIED,Almond Shells,nut_shells,51.0,6.0,39.5,0.5,0.05,2.95,22.34076906579963,73.5,23.55,2.0,480.0,20.725,14.533,94.55167647863493,105.0,8.0,621.69,116.65,27.2,16.42,31.94,51.64,11.866,28.579,38.978,14.739,100.0,47.4,18.45,15.18,12.38,4.57,25.82,33.95,15.66,30.83,12.95,2.24,87.4,1152.2,13.1,17.94,40.97,58.9,123.68,209.97,True,69.18,68.42,68.39
SYN_00921,SYNTHETIC_SIMULATED,True,,,True,VERIFIED,Pine Sawdust,woody_biomass,51.5,6.3,41.6,0.2,0.05,0.35,13.707468163352555,82.5,17.15,2.0,420.0,21.095,16.682,136.0406554530113,105.0,8.0,628.0,789.78,0.29,13.38,40.24,46.39,15.555,54.841,56.494,8.44,100.0,47.34,17.82,15.26,13.01,4.57,25.55,49.79,15.75,27.64,13.88,2.23,90.9,1159.2,17.2,14.22,67.23,81.45,182.45,224.0,True,71.43,70.87,71.02
SYN_00922,SYNTHETIC_SIMULATED,True,,,True,VERIFIED,Beech Wood,woody_biomass,49.5,6.1,43.8,0.2,0.02,0.38,10.520498849040997,84.0,15.62,2.0,460.0,19.93,16.385,291.10600990551177,105.0,8.0,744.53,16.98,44.06,12.99,7.78,79.22,33.077,40.633,207.302,7.975,100.0,46.69,14.72,15.64,16.47,4.59,24.12,193.39,16.19,58.43,6.46,2.37,48.7,1091.4,5.0,21.27,191.02,212.29,728.25,343.05,True,61.42,60.97,60.27
SYN_00923,SYNTHETIC_SIMULATED,True,,,True,VERIFIED,Olive Pomace,agricultural_residue,50.2,6.2,39.8,1.4,0.1,2.3,26.85226554199838,76.5,21.2,2.0,550.0,20.655,13.463,498.58207954188686,105.0,8.0,711.81,25.12,22.78,15.06,12.16,72.78,54.188,73.917,270.096,102.167,100.0,46.82,15.21,15.57,15.91,4.58,24.35,247.17,16.12,48.7,8.91,2.32,61.4,1112.9,5.0,116.77,249.08,365.85,926.53,253.25,True,63.85,63.37,62.5
SYN_00924,SYNTHETIC_SIMULATED,True,,,True,VERIFIED,Wheat Straw,agricultural_residue,46.5,5.9,41.2,0.7,0.1,5.6,24.80774107892102,75.0,19.4,2.0,220.0,18.806,12.567,320.41034221220013,105.0,8.0,353.9,258.74,0.21,60.42,27.2,12.37,145.544,82.968,33.29,58.537,100.0,32.18,54.73,6.81,0.99,3.1,35.54,20.98,8.58,33.32,11.1,2.21,102.4,1146.7,10.6,68.58,64.68,133.26,41.87,31.42,False,98.82,90.09,93.6
SYN_00925,SYNTHETIC_SIMULATED,True,,,True,VERIFIED,Rice Husk,agricultural_residue,39.5,5.1,36.5,0.4,0.1,18.4,19.04331439161997,63.5,18.1,2.0,340.0,15.64,11.296,247.4871933422068,105.0,8.0,382.55,17.83,9.41,63.03,24.15,12.81,125.932,63.183,28.161,29.707,100.0,34.26,51.21,7.72,1.27,3.34,34.8,18.23,9.35,35.3,8.84,2.22,96.7,1142.4,9.0,38.89,59.23,98.12,39.64,40.4,False,84.52,76.32,80.48
SYN_00926,SYNTHETIC_SIMULATED,True,,,True,VERIFIED,Sugarcane Bagasse,agricultural_residue,48.0,5.8,43.5,0.3,0.05,2.35,13.793951431127624,81.0,16.65,2.0,180.0,19.044,14.989,240.79948845817626,105.0,8.0,410.49,39.89,1.88,46.78,38.15,15.06,95.033,93.76,35.276,15.165,100.0,36.55,47.25,8.72,1.67,3.58,33.94,23.22,10.19,28.33,12.3,2.2,104.4,1157.7,16.2,25.37,66.76,92.14,55.04,59.74,False,93.42,89.21,92.16
SYN_00927,SYNTHETIC_SIMULATED,True,,,True,VERIFIED,Miscanthus,energy_crop,48.5,5.7,42.6,0.6,0.1,2.5,26.010122764004308,79.5,18.0,2.0,200.0,19.191,12.644,100.2858268157309,105.0,8.0,504.96,180.04,0.16,24.18,51.12,24.7,17.752,42.102,20.129,19.632,100.0,44.85,30.78,12.79,5.02,4.34,29.97,15.04,13.54,24.79,13.16,2.21,101.2,1165.5,21.9,22.65,31.33,53.98,47.36,87.74,False,82.16,79.42,81.32
SYN_00928,SYNTHETIC_SIMULATED,True,,,True,VERIFIED,Almond Shells,nut_shells,51.0,6.0,39.5,0.5,0.05,2.95,17.888104446626294,73.5,23.55,2.0,480.0,20.725,15.506,212.01407476307367,105.0,8.0,399.84,301.84,0.78,49.79,35.7,14.51,87.329,74.296,28.213,22.787,100.0,35.74,48.65,8.37,1.52,3.49,34.25,18.55,9.9,29.23,13.3,2.2,104.0,1155.7,15.0,30.9,54.45,85.35,42.7,50.03,False,94.87,89.69,92.25
SYN_00929,SYNTHETIC_SIMULATED,True,,,True,VERIFIED,Pine Sawdust,woody_biomass,51.5,6.3,41.6,0.2,0.05,0.35,13.901241361209582,82.5,17.15,2.0,420.0,21.095,16.639,199.60498890778547,105.0,8.0,470.49,580.09,1.3,28.43,50.99,20.58,48.625,98.194,39.227,12.803,100.0,42.37,36.35,11.46,3.45,4.12,31.42,28.16,12.45,24.82,14.52,2.21,103.3,1165.4,21.8,21.24,66.39,87.64,81.52,93.02,False,85.84,84.69,86.21
SYN_00930,SYNTHETIC_SIMULATED,True,,,True,VERIFIED,Beech Wood,woody_biomass,49.5,6.1,43.8,0.2,0.02,0.38,18.992029971101978,84.0,15.62,2.0,460.0,19.93,14.603,228.5363776494938,105.0,8.0,690.98,511.84,0.26,12.44,32.61,54.95,22.808,73.779,104.805,27.305,100.0,46.92,15.62,15.52,15.44,4.57,24.54,95.71,16.06,30.53,12.43,2.25,84.1,1152.8,13.4,35.8,121.23,157.03,357.47,227.64,True,69.19,68.66,68.76
SYN_00931,SYNTHETIC_SIMULATED,True,,,True,VERIFIED,Olive Pomace,agricultural_residue,50.2,6.2,39.8,1.4,0.1,2.3,20.220578108718158,76.5,21.2,2.0,550.0,20.655,14.905,64.1373410699293,105.0,8.0,729.97,171.33,2.88,14.32,24.06,61.62,7.23,16.134,32.31,8.52,100.0,46.74,14.91,15.62,16.26,4.58,24.21,29.82,16.16,35.36,11.86,2.27,76.4,1142.2,8.9,10.82,36.36,47.18,112.08,237.55,True,65.82,64.89,64.53
SYN_00932,SYNTHETIC_SIMULATED,True,,,True,VERIFIED,Wheat Straw,agricultural_residue,46.5,5.9,41.2,0.7,0.1,5.6,23.41043814173255,75.0,19.4,2.0,220.0,18.806,12.846,298.2190777309039,105.0,8.0,683.89,128.96,1.23,17.36,28.48,54.16,39.08,80.984,126.945,49.953,100.0,46.97,15.82,15.5,15.2,4.57,24.64,115.63,16.03,32.58,11.25,2.26,82.1,1148.3,11.3,59.72,146.97,206.68,431.09,208.58,True,65.78,65.22,65.22
SYN_00933,SYNTHETIC_SIMULATED,True,,,True,VERIFIED,Rice Husk,agricultural_residue,39.5,5.1,36.5,0.4,0.1,18.4,7.498717137661464,63.5,18.1,2.0,340.0,15.64,13.255,197.0525360686253,105.0,7.498717137661464,643.55,25.86,7.32,29.47,20.81,49.72,52.155,49.88,93.417,0.0,100.0,47.25,17.19,15.34,13.66,4.57,25.27,82.25,15.84,36.67,8.6,2.26,78.9,1139.3,8.0,0.0,107.14,107.14,303.05,282.86,True,67.73,67.53,67.97
SYN_00934,SYNTHETIC_SIMULATED,True,,,True,VERIFIED,Sugarcane Bagasse,agricultural_residue,48.0,5.8,43.5,0.3,0.05,2.35,14.344701119729217,81.0,16.65,2.0,180.0,19.044,14.878,477.274400525043,105.0,8.0,683.83,24.6,17.01,14.98,18.12,66.9,59.705,105.332,276.99,32.915,100.0,46.98,15.84,15.5,15.18,4.57,24.64,252.73,16.03,40.53,9.79,2.28,72.4,1130.8,5.7,52.88,262.65,315.54,942.08,298.56,True,63.81,63.38,63.14
SYN_00935,SYNTHETIC_SIMULATED,True,,,True,VERIFIED,Miscanthus,energy_crop,48.5,5.7,42.6,0.6,0.1,2.5,10.01662587245858,79.5,18.0,2.0,200.0,19.191,15.905,102.57674459668775,105.0,8.0,558.16,12.65,0.41,19.65,46.85,33.5,17.909,48.711,32.679,2.248,100.0,47.08,23.46,14.36,8.44,4.53,27.73,26.65,14.88,25.78,12.96,2.22,97.0,1163.3,20.1,6.99,44.68,51.66,92.2,178.46,True,74.83,74.16,75.17
SYN_00936,SYNTHETIC_SIMULATED,True,,,True,VERIFIED,Almond Shells,nut_shells,51.0,6.0,39.5,0.5,0.05,2.95,23.0321652227413,73.5,23.55,2.0,480.0,20.725,14.382,475.0049643702988,105.0,8.0,574.05,147.66,6.1,18.22,43.78,37.99,65.552,182.532,147.499,77.613,100.0,47.33,21.81,14.66,9.55,4.55,27.15,121.03,15.15,26.58,13.89,2.22,95.1,1161.5,18.8,93.34,184.02,277.36,426.45,153.75,True,74.14,73.69,74.05
SYN_00937,SYNTHETIC_SIMULATED,True,,,True,VERIFIED,Pine Sawdust,woody_biomass,51.5,6.3,41.6,0.2,0.05,0.35,24.883098074155566,82.5,17.15,2.0,420.0,21.095,14.205,259.362300731912,105.0,8.0,614.61,431.9,41.11,13.74,35.04,51.22,26.288,81.979,103.088,47.596,100.0,47.41,18.62,15.16,12.21,4.57,25.89,89.33,15.64,29.5,13.46,2.24,89.3,1155.1,14.7,55.7,108.0,163.7,324.91,198.48,True,71.77,71.24,71.24
SYN_00938,SYNTHETIC_SIMULATED,True,,,True,VERIFIED,Beech Wood,woody_biomass,49.5,6.1,43.8,0.2,0.02,0.38,26.111197706710186,84.0,15.62,2.0,460.0,19.93,13.105,232.10839185908867,105.0,8.0,665.25,797.76,0.2,12.7,35.71,51.59,21.296,72.296,91.292,45.693,100.0,47.1,16.36,15.44,14.58,4.57,24.89,82.42,15.96,29.23,12.71,2.24,87.1,1155.7,15.0,52.66,106.08,158.74,305.85,192.67,True,71.44,70.85,71.08
SYN_00939,SYNTHETIC_SIMULATED,True,,,True,VERIFIED,Olive Pomace,agricultural_residue,50.2,6.2,39.8,1.4,0.1,2.3,26.314834560983673,76.5,21.2,2.0,550.0,20.655,13.58,213.5090331394039,105.0,8.0,371.56,46.53,3.87,57.47,29.38,13.15,88.178,56.872,23.11,42.504,100.0,33.42,52.63,7.35,1.15,3.24,35.1,14.74,9.04,32.1,12.59,2.21,102.5,1149.4,11.8,48.87,44.87,93.75,30.98,33.04,False,101.52,93.14,96.01
SYN_00940,SYNTHETIC_SIMULATED,True,,,True,VERIFIED,Wheat Straw,agricultural_residue,46.5,5.9,41.2,0.7,0.1,5.6,24.449595694660275,75.0,19.4,2.0,220.0,18.806,12.639,74.22650654853996,105.0,8.0,506.47,133.99,10.28,26.42,48.16,25.41,14.426,30.846,15.448,13.272,100.0,45.0,30.4,12.88,5.15,4.35,29.86,11.65,13.62,25.46,12.7,2.21,100.2,1164.0,20.7,15.62,23.83,39.45,36.91,93.55,False,78.72,76.74,78.33
SYN_00941,SYNTHETIC_SIMULATED,True,,,True,VERIFIED,Rice Husk,agricultural_residue,39.5,5.1,36.5,0.4,0.1,18.4,10.77781033590593,63.5,18.1,2.0,340.0,15.64,12.698,142.76968898514298,105.0,8.0,565.33,21.91,6.12,32.16,34.16,33.68,40.365,52.528,45.008,4.311,100.0,47.18,22.91,14.46,8.79,4.54,27.54,36.69,14.97,29.86,9.79,2.23,91.5,1154.3,14.2,10.79,62.43,73.23,127.74,174.44,True,73.15,72.42,73.62
SYN_00942,SYNTHETIC_SIMULATED,True,,,True,VERIFIED,Sugarcane Bagasse,agricultural_residue,48.0,5.8,43.5,0.3,0.05,2.35,24.5638460873441,81.0,16.65,2.0,180.0,19.044,12.811,263.4544119311796,105.0,8.0,579.98,780.23,1.2,16.6,44.97,38.43,32.209,102.284,80.87,47.433,100.0,47.41,20.94,14.81,10.21,4.56,26.82,67.38,15.29,26.26,12.73,2.22,95.1,1162.2,19.3,55.75,102.34,158.1,239.61,151.56,True,74.43,73.84,74.67
SYN_00943,SYNTHETIC_SIMULATED,True,,,True,VERIFIED,Miscanthus,energy_crop,48.5,5.7,42.6,0.6,0.1,2.5,15.533850208798476,79.5,18.0,2.0,200.0,19.191,14.78,449.6167736995969,105.0,8.0,453.28,14.76,0.25,36.17,45.1,18.73,135.264,194.353,79.45,36.819,100.0,40.88,39.32,10.72,2.84,3.99,32.14,55.31,11.85,26.23,12.86,2.21,103.0,1162.3,19.4,55.09,140.03,195.12,152.37,78.09,False,87.54,84.78,87.12
SYN_00944,SYNTHETIC_SIMULATED,True,,,True,VERIFIED,Almond Shells,nut_shells,51.0,6.0,39.5,0.5,0.05,2.95,18.72208944036744,73.5,23.55,2.0,480.0,20.725,15.324,323.20852089803816,105.0,8.0,528.76,11.49,29.98,23.69,46.31,30.0,61.66,139.914,84.892,37.668,100.0,46.13,27.22,13.59,6.43,4.44,28.94,65.51,14.21,25.91,14.04,2.22,98.5,1163.0,19.9,49.77,117.95,167.72,216.53,129.1,True,78.35,77.89,78.68
SYN_00945,SYNTHETIC_SIMULATED,True,,,True,VERIFIED,Pine Sawdust,woody_biomass,51.5,6.3,41.6,0.2,0.05,0.35,16.452311721696873,82.5,17.15,2.0,420.0,21.095,16.074,80.84864657289785,105.0,8.0,397.63,354.12,0.19,47.71,37.92,14.36,31.655,30.914,10.855,7.428,100.0,35.38,49.27,8.21,1.45,3.46,34.38,7.15,9.76,28.41,13.71,2.2,105.6,1157.5,16.1,10.64,20.85,31.49,16.23,51.52,False,96.97,91.99,94.57
SYN_00946,SYNTHETIC_SIMULATED,True,,,True,VERIFIED,Beech Wood,woody_biomass,49.5,6.1,43.8,0.2,0.02,0.38,9.506147204448595,84.0,15.62,2.0,460.0,19.93,16.599,319.22993346585787,105.0,8.0,514.82,57.67,1.46,21.16,52.38,26.46,60.645,170.387,83.835,5.226,100.0,45.47,29.15,13.16,5.62,4.39,29.51,63.43,13.85,24.53,13.72,2.21,101.0,1166.0,22.4,20.13,125.35,145.48,204.36,140.47,True,80.14,79.72,81.01
SYN_00947,SYNTHETIC_SIMULATED,True,,,True,VERIFIED,Olive Pomace,agricultural_residue,50.2,6.2,39.8,1.4,0.1,2.3,24.778624995947624,76.5,21.2,2.0,550.0,20.655,13.914,345.6423524745843,105.0,8.0,423.77,74.52,0.1,43.36,40.71,15.94,109.183,124.872,46.501,63.037,100.0,37.75,45.12,9.27,1.93,3.69,33.47,31.19,10.64,27.49,13.6,2.2,104.4,1159.5,17.4,73.88,87.01,160.89,77.21,47.99,False,93.66,86.89,89.52
SYN_00948,SYNTHETIC_SIMULATED,True,,,True,VERIFIED,Wheat Straw,agricultural_residue,46.5,5.9,41.2,0.7,0.1,5.6,14.551650276482555,75.0,19.4,2.0,220.0,18.806,14.614,196.56351771308422,105.0,8.0,497.73,157.56,0.44,28.24,48.56,23.2,45.956,92.509,42.626,13.998,100.0,44.22,32.32,12.43,4.52,4.28,30.38,31.59,13.25,25.37,12.72,2.21,101.0,1164.2,20.8,22.18,69.16,91.34,97.31,106.54,True,78.48,77.93,79.29
SYN_00949,SYNTHETIC_SIMULATED,True,,,True,VERIFIED,Rice Husk,agricultural_residue,39.5,5.1,36.5,0.4,0.1,18.4,21.388761286541236,63.5,18.1,2.0,340.0,15.64,10.898,192.91880116342014,105.0,8.0,444.3,446.88,6.42,47.2,36.26,16.54,70.689,65.648,27.568,28.075,100.0,39.71,41.55,10.17,2.45,3.88,32.66,19.08,11.39,29.02,9.94,2.21,100.2,1156.2,15.3,34.78,53.94,88.72,50.53,56.95,False,82.06,74.77,78.41
SYN_00950,SYNTHETIC_SIMULATED,True,,,True,VERIFIED,Sugarcane Bagasse,agricultural_residue,48.0,5.8,43.5,0.3,0.05,2.35,21.428911665461968,81.0,16.65,2.0,180.0,19.044,13.445,164.49143696364968,105.0,8.0,453.75,28.69,25.0,35.52,45.95,18.53,45.153,68.071,26.984,24.01,100.0,40.68,39.7,10.63,2.77,3.97,32.23,18.62,11.77,26.0,12.78,2.21,103.5,1162.8,19.7,29.72,47.37,77.09,50.96,66.1,False,88.6,83.7,86.5
SYN_00951,SYNTHETIC_SIMULATED,True,,,True,VERIFIED,Miscanthus,energy_crop,48.5,5.7,42.6,0.6,0.1,2.5,13.846111193899295,79.5,18.0,2.0,200.0,19.191,15.124,76.15251666125549,105.0,8.0,429.38,390.37,18.67,40.56,43.04,16.4,25.944,32.613,12.371,4.839,100.0,38.35,44.04,9.54,2.07,3.75,33.23,8.17,10.87,26.79,12.75,2.2,104.8,1161.1,18.5,8.06,22.38,30.44,20.66,67.88,False,89.96,86.08,88.76
SYN_00952,SYNTHETIC_SIMULATED,True,,,True,VERIFIED,Almond Shells,nut_shells,51.0,6.0,39.5,0.5,0.05,2.95,15.707958988580497,73.5,23.55,2.0,480.0,20.725,15.983,205.34054202415666,105.0,8.0,632.19,244.51,16.44,16.13,29.27,54.6,26.844,63.123,97.853,17.204,100.0,47.33,17.8,15.26,13.03,4.57,25.54,85.24,15.76,32.15,12.65,2.25,85.2,1149.3,11.7,25.51,99.18,124.7,312.36,250.5,True,67.29,66.79,66.58
SYN_00953,SYNTHETIC_SIMULATED,True,,,True,VERIFIED,Pine Sawdust,woody_biomass,51.5,6.3,41.6,0.2,0.05,0.35,19.20081079104957,82.5,17.15,2.0,420.0,21.095,15.465,300.0698994572283,105.0,8.0,719.14,191.79,3.82,12.36,25.72,61.92,29.401,79.93,154.155,36.533,100.0,46.78,15.06,15.59,16.09,4.58,24.28,141.71,16.14,34.24,12.39,2.27,78.3,1144.7,9.8,47.62,168.67,216.3,531.9,245.91,True,67.14,66.67,66.27
SYN_00954,SYNTHETIC_SIMULATED,True,,,True,VERIFIED,Beech Wood,woody_biomass,49.5,6.1,43.8,0.2,0.02,0.38,27.923911899132207,84.0,15.62,2.0,460.0,19.93,12.724,471.0595220732193,105.0,8.0,379.34,88.11,16.04,51.26,35.13,13.61,173.065,142.773,51.772,102.015,100.0,34.14,51.41,7.66,1.25,3.32,34.84,33.56,9.3,29.46,12.66,2.2,105.5,1155.2,14.7,115.3,99.88,215.19,72.62,33.75,False,101.47,92.39,95.74
SYN_00955,SYNTHETIC_SIMULATED,True,,,True,VERIFIED,Olive Pomace,agricultural_residue,50.2,6.2,39.8,1.4,0.1,2.3,8.610268531934016,76.5,21.2,2.0,550.0,20.655,17.43,100.4558675058098,105.0,8.0,485.93,185.53,8.29,28.11,49.94,21.95,25.108,51.446,22.202,0.666,100.0,43.34,34.3,11.96,3.96,4.21,30.9,16.18,12.86,25.05,14.14,2.21,102.0,1164.9,21.4,5.45,36.63,42.08,48.37,114.97,True,82.13,81.51,82.66
SYN_00956,SYNTHETIC_SIMULATED,True,,,True,VERIFIED,Wheat Straw,agricultural_residue,46.5,5.9,41.2,0.7,0.1,5.6,20.016827808675142,75.0,19.4,2.0,220.0,18.806,13.523,329.07421193387387,105.0,8.0,382.84,43.01,5.51,56.65,29.98,13.37,146.067,96.034,39.081,42.983,100.0,34.03,51.6,7.62,1.23,3.31,34.88,25.23,9.26,31.79,11.41,2.21,102.2,1150.1,12.1,54.88,77.08,131.95,54.36,41.2,False,95.62,88.83,92.08
SYN_00957,SYNTHETIC_SIMULATED,True,,,True,VERIFIED,Rice Husk,agricultural_residue,39.5,5.1,36.5,0.4,0.1,18.4,13.997689672571926,63.5,18.1,2.0,340.0,15.64,12.152,439.0095881217718,105.0,8.0,357.51,6.42,42.94,69.81,18.33,11.86,261.261,99.728,49.41,28.62,100.0,32.42,54.33,6.91,1.02,3.13,35.46,30.89,8.67,40.32,7.97,2.23,91.3,1131.3,5.8,47.14,102.63,149.77,62.26,41.57,False,85.11,78.66,82.49
SYN_00958,SYNTHETIC_SIMULATED,True,,,True,VERIFIED,Sugarcane Bagasse,agricultural_residue,48.0,5.8,43.5,0.3,0.05,2.35,23.438264934825863,81.0,16.65,2.0,180.0,19.044,13.039,210.73492964945433,105.0,8.0,502.5,116.11,26.49,24.35,50.71,24.94,38.421,93.204,43.948,35.363,100.0,44.65,31.27,12.68,4.86,4.32,30.1,32.82,13.45,24.88,13.01,2.21,101.3,1165.3,21.7,42.26,67.57,109.83,102.67,93.48,False,81.84,80.3,82.03
SYN_00959,SYNTHETIC_SIMULATED,True,,,True,VERIFIED,Miscanthus,energy_crop,48.5,5.7,42.6,0.6,0.1,2.5,24.995135804691913,79.5,18.0,2.0,200.0,19.191,12.851,232.7477978517694,105.0,8.0,429.32,7.86,0.7,44.01,39.5,16.49,75.426,79.962,32.031,42.995,100.0,38.46,43.84,9.59,2.1,3.76,33.18,21.72,10.91,27.88,12.52,2.21,103.1,1158.7,16.8,50.25,59.75,110.0,55.11,50.1,False,93.79,86.58,89.79
SYN_00960,SYNTHETIC_SIMULATED,True,,,True,VERIFIED,Almond Shells,nut_shells,51.0,6.0,39.5,0.5,0.05,2.95,27.474593260356652,73.5,23.55,2.0,480.0,20.725,13.411,241.8576651926217,105.0,8.0,631.2,47.85,19.64,16.47,28.48,55.06,28.616,62.401,98.177,51.197,100.0,47.32,17.71,15.28,13.12,4.57,25.5,87.18,15.77,32.59,12.56,2.25,84.6,1148.3,11.3,58.13,100.93,159.06,319.75,201.03,True,69.02,68.45,68.25
SYN_00961,SYNTHETIC_SIMULATED,True,,,True,VERIFIED,Pine Sawdust,woody_biomass,51.5,6.3,41.6,0.2,0.05,0.35,10.259124770018367,82.5,17.15,2.0,420.0,21.095,17.446,51.37496869393594,105.0,8.0,641.22,6.16,9.29,14.48,30.9,54.62,6.588,17.535,25.796,1.262,100.0,47.24,17.14,15.34,13.72,4.57,25.25,23.0,15.85,31.33,13.05,2.25,85.5,1151.1,12.6,3.62,27.26,30.88,84.79,274.57,True,69.17,68.26,68.32
SYN_00962,SYNTHETIC_SIMULATED,True,,,True,VERIFIED,Beech Wood,woody_biomass,49.5,6.1,43.8,0.2,0.02,0.38,14.90579179317877,84.0,15.62,2.0,460.0,19.93,15.463,435.77265586587566,105.0,8.0,424.14,226.19,29.6,39.84,44.0,16.16,145.977,189.681,67.305,32.71,100.0,37.95,44.77,9.36,1.97,3.71,33.39,45.46,10.72,26.52,13.29,2.2,105.6,1161.7,18.9,50.7,124.88,175.57,113.31,64.54,False,92.54,88.78,91.4
SYN_00963,SYNTHETIC_SIMULATED,True,,,True,VERIFIED,Olive Pomace,agricultural_residue,50.2,6.2,39.8,1.4,0.1,2.3,9.019815198934051,76.5,21.2,2.0,550.0,20.655,17.341,437.79973076727407,105.0,8.0,523.21,25.51,2.26,23.01,49.36,27.62,90.987,220.626,119.258,4.853,100.0,45.86,28.04,13.41,6.07,4.42,29.18,91.6,14.06,25.18,14.12,2.21,99.8,1164.6,21.2,25.51,176.22,201.73,299.56,148.49,True,78.22,77.84,78.61
SYN_00964,SYNTHETIC_SIMULATED,True,,,True,VERIFIED,Wheat Straw,agricultural_residue,46.5,5.9,41.2,0.7,0.1,5.6,18.977842166582747,75.0,19.4,2.0,220.0,18.806,13.731,113.19937339971126,105.0,8.0,424.21,167.48,1.41,44.01,40.08,15.91,39.344,43.006,16.382,13.507,100.0,37.89,44.86,9.33,1.96,3.71,33.41,10.99,10.7,27.69,12.25,2.2,104.0,1159.1,17.1,17.72,30.83,48.55,27.33,56.3,False,88.73,83.07,86.02
SYN_00965,SYNTHETIC_SIMULATED,True,,,True,VERIFIED,Rice Husk,agricultural_residue,39.5,5.1,36.5,0.4,0.1,18.4,20.816920927698114,63.5,18.1,2.0,340.0,15.64,10.995,215.1527406258538,105.0,8.0,718.65,39.05,0.28,28.66,17.27,54.07,47.635,42.465,94.931,29.974,100.0,46.79,15.08,15.59,16.06,4.58,24.29,86.65,16.14,41.47,7.77,2.29,69.7,1128.8,5.3,37.58,118.13,155.71,325.17,208.83,True,68.41,67.69,68.15
SYN_00966,SYNTHETIC_SIMULATED,True,,,True,VERIFIED,Sugarcane Bagasse,agricultural_residue,48.0,5.8,43.5,0.3,0.05,2.35,23.84844939257615,81.0,16.65,2.0,180.0,19.044,12.956,149.77385780078313,105.0,8.0,561.46,27.98,1.03,18.91,47.48,33.61,21.464,60.929,41.042,25.801,100.0,47.08,23.48,14.35,8.42,4.53,27.74,33.04,14.87,25.62,12.86,2.22,97.3,1163.6,20.4,30.64,55.18,85.82,114.29,133.18,True,76.8,76.11,77.2
SYN_00967,SYNTHETIC_SIMULATED,True,,,True,VERIFIED,Miscanthus,energy_crop,48.5,5.7,42.6,0.6,0.1,2.5,19.38207485708836,79.5,18.0,2.0,200.0,19.191,13.995,311.92164883760745,105.0,8.0,608.28,6.55,0.77,17.29,39.84,42.87,42.912,116.456,111.141,38.59,100.0,47.43,19.02,15.1,11.84,4.57,26.06,96.92,15.58,27.76,12.55,2.23,91.8,1158.9,17.0,50.06,137.39,187.46,351.21,187.36,True,72.35,71.84,72.43
SYN_00968,SYNTHETIC_SIMULATED,True,,,True,VERIFIED,Almond Shells,nut_shells,51.0,6.0,39.5,0.5,0.05,2.95,23.18391684486504,73.5,23.55,2.0,480.0,20.725,14.348,83.2894609955555,105.0,8.0,412.0,33.44,7.95,48.47,36.31,15.22,30.722,27.705,10.927,13.746,100.0,36.81,46.79,8.84,1.72,3.6,33.84,7.21,10.29,29.0,13.35,2.21,103.2,1156.2,15.3,16.49,20.76,37.25,17.27,46.35,False,95.09,88.24,91.0
SYN_00969,SYNTHETIC_SIMULATED,True,,,True,VERIFIED,Pine Sawdust,woody_biomass,51.5,6.3,41.6,0.2,0.05,0.35,24.039486748069734,82.5,17.15,2.0,420.0,21.095,14.392,347.3718105295398,105.0,8.0,584.58,328.38,0.54,14.93,46.64,38.43,38.922,140.771,107.011,60.562,100.0,47.41,20.91,14.81,10.22,4.56,26.81,89.66,15.29,25.83,14.29,2.22,95.6,1163.2,20.0,71.71,135.97,207.69,318.88,153.54,True,75.95,75.47,75.9
SYN_00970,SYNTHETIC_SIMULATED,True,,,True,VERIFIED,Beech Wood,woody_biomass,49.5,6.1,43.8,0.2,0.02,0.38,16.23150178832214,84.0,15.62,2.0,460.0,19.93,15.184,411.46360306641344,105.0,8.0,354.9,62.74,9.5,57.63,29.78,12.59,198.38,127.459,48.72,36.815,100.0,32.29,54.55,6.85,1.0,3.11,35.5,30.75,8.62,31.89,12.14,2.2,104.4,1149.8,12.0,53.25,93.05,146.3,61.63,42.13,False,102.08,96.76,99.85
SYN_00971,SYNTHETIC_SIMULATED,True,,,True,VERIFIED,Olive Pomace,agricultural_residue,50.2,6.2,39.8,1.4,0.1,2.3,9.150620106454163,76.5,21.2,2.0,550.0,20.655,17.312,103.17847627302038,105.0,8.0,433.23,53.16,20.36,41.07,42.22,16.71,37.856,45.654,17.604,1.29,100.0,38.72,43.36,9.71,2.17,3.79,33.08,11.91,11.01,27.03,13.71,2.2,104.0,1160.5,18.1,6.14,32.35,38.49,30.5,79.23,False,89.64,87.42,89.32
SYN_00972,SYNTHETIC_SIMULATED,True,,,True,VERIFIED,Wheat Straw,agricultural_residue,46.5,5.9,41.2,0.7,0.1,5.6,12.690751408507786,75.0,19.4,2.0,220.0,18.806,14.986,337.43726493310515,105.0,8.0,530.33,19.51,0.11,24.64,46.9,28.45,71.427,156.256,90.461,17.205,100.0,46.23,26.9,13.66,6.58,4.45,28.84,70.24,14.27,25.76,12.64,2.22,98.5,1163.3,20.1,31.88,133.06,164.95,233.11,141.33,True,75.03,74.56,75.61
SYN_00973,SYNTHETIC_SIMULATED,True,,,True,VERIFIED,Rice Husk,agricultural_residue,39.5,5.1,36.5,0.4,0.1,18.4,12.15779324053732,63.5,18.1,2.0,340.0,15.64,12.464,386.04212387810884,105.0,8.0,370.96,136.15,0.48,62.57,25.12,12.32,208.634,108.306,46.568,17.447,100.0,33.32,52.8,7.31,1.13,3.23,35.14,29.57,9.0,34.63,8.96,2.22,98.8,1143.8,9.5,34.44,96.29,130.73,61.9,47.35,False,83.21,77.52,81.08
SYN_00974,SYNTHETIC_SIMULATED,True,,,True,VERIFIED,Sugarcane Bagasse,agricultural_residue,48.0,5.8,43.5,0.3,0.05,2.35,24.958329127562536,81.0,16.65,2.0,180.0,19.044,12.731,214.4702434546663,105.0,8.0,566.11,45.78,0.31,18.08,47.1,34.83,28.426,86.736,58.976,39.533,100.0,47.22,22.66,14.51,8.95,4.54,27.45,48.69,15.01,25.72,12.84,2.22,96.7,1163.4,20.2,46.22,79.33,125.55,169.98,135.39,True,76.26,75.64,76.65
SYN_00975,SYNTHETIC_SIMULATED,True,,,True,VERIFIED,Miscanthus,energy_crop,48.5,5.7,42.6,0.6,0.1,2.5,16.39552320819988,79.5,18.0,2.0,200.0,19.191,14.604,195.89860250333808,105.0,8.0,641.58,123.86,1.78,15.1,36.08,48.82,24.347,69.121,83.012,17.877,100.0,47.27,17.3,15.33,13.55,4.57,25.32,73.39,15.83,29.09,12.27,2.24,88.5,1156.0,15.2,25.67,96.06,121.73,270.12,221.9,True,69.16,68.61,68.94
SYN_00976,SYNTHETIC_SIMULATED,True,,,True,VERIFIED,Almond Shells,nut_shells,51.0,6.0,39.5,0.5,0.05,2.95,12.228725496466744,73.5,23.55,2.0,480.0,20.725,16.743,266.7230053318661,105.0,8.0,354.45,17.04,9.06,64.31,23.16,12.53,147.645,71.167,32.277,12.26,100.0,32.3,54.52,6.86,1.0,3.11,35.5,20.4,8.63,36.02,11.79,2.22,98.1,1140.8,8.4,23.99,63.26,87.25,40.92,46.91,False,101.18,97.01,99.68
SYN_00977,SYNTHETIC_SIMULATED,True,,,True,VERIFIED,Pine Sawdust,woody_biomass,51.5,6.3,41.6,0.2,0.05,0.35,8.991054889982117,82.5,17.15,2.0,420.0,21.095,17.727,219.49611453967287,105.0,8.0,608.74,19.39,2.6,14.79,41.21,44.0,28.671,96.67,91.71,2.364,100.0,47.43,18.99,15.1,11.87,4.57,26.05,79.07,15.59,27.33,13.95,2.23,92.3,1159.9,17.6,12.73,109.26,121.99,286.62,234.96,True,72.22,71.78,72.02
SYN_00978,SYNTHETIC_SIMULATED,True,,,True,VERIFIED,Beech Wood,woody_biomass,49.5,6.1,43.8,0.2,0.02,0.38,11.72161946166396,84.0,15.62,2.0,460.0,19.93,16.133,224.4824417389466,105.0,8.0,721.02,36.05,0.17,12.73,29.3,57.96,24.629,72.738,116.653,9.081,100.0,46.77,15.02,15.6,16.13,4.58,24.26,108.92,16.15,32.14,12.09,2.26,80.6,1149.3,11.7,19.06,138.63,157.7,409.01,259.37,True,67.52,67.03,67.04
SYN_00979,SYNTHETIC_SIMULATED,True,,,True,VERIFIED,Olive Pomace,agricultural_residue,50.2,6.2,39.8,1.4,0.1,2.3,16.442504288951227,76.5,21.2,2.0,550.0,20.655,15.727,491.4105520682078,105.0,8.0,506.65,21.72,8.79,25.57,49.07,25.36,102.943,226.748,112.606,45.095,100.0,44.93,30.59,12.84,5.09,4.34,29.91,85.13,13.58,25.25,14.1,2.21,100.6,1164.5,21.1,64.62,173.92,238.54,268.88,112.72,True,81.06,80.64,81.58
SYN_00980,SYNTHETIC_SIMULATED,True,,,True,VERIFIED,Wheat Straw,agricultural_residue,46.5,5.9,41.2,0.7,0.1,5.6,18.02711520083158,75.0,19.4,2.0,220.0,18.806,13.921,210.3490397330628,105.0,8.0,499.13,6.24,2.61,29.94,46.19,23.86,50.858,91.031,44.652,22.926,100.0,44.51,31.62,12.59,4.74,4.31,30.2,33.35,13.38,25.94,12.6,2.21,100.0,1162.9,19.8,30.95,71.8,102.75,103.8,101.02,True,79.65,79.07,80.48
SYN_00981,SYNTHETIC_SIMULATED,True,,,True,VERIFIED,Rice Husk,agricultural_residue,39.5,5.1,36.5,0.4,0.1,18.4,9.688376589834462,63.5,18.1,2.0,340.0,15.64,12.883,64.82181214471045,105.0,8.0,425.36,43.33,0.15,52.14,32.68,15.18,30.28,22.943,9.856,1.19,100.0,38.01,44.66,9.38,1.99,3.72,33.37,6.62,10.74,30.5,9.68,2.21,99.8,1152.9,13.5,4.2,19.75,23.96,16.54,69.03,False,80.72,76.45,79.46
SYN_00982,SYNTHETIC_SIMULATED,True,,,True,VERIFIED,Sugarcane Bagasse,agricultural_residue,48.0,5.8,43.5,0.3,0.05,2.35,12.085193435179061,81.0,16.65,2.0,180.0,19.044,15.334,390.50555451267627,105.0,8.0,404.09,11.98,1.34,49.94,35.24,14.82,167.465,145.111,56.65,17.34,100.0,36.18,47.89,8.56,1.6,3.54,34.08,37.42,10.06,29.42,12.08,2.21,103.3,1155.3,14.8,34.56,109.04,143.61,87.52,60.95,False,94.66,90.85,93.81
SYN_00983,SYNTHETIC_SIMULATED,True,,,True,VERIFIED,Miscanthus,energy_crop,48.5,5.7,42.6,0.6,0.1,2.5,10.809148039717115,79.5,18.0,2.0,200.0,19.191,15.743,107.62443098948656,105.0,8.0,437.24,329.49,1.01,38.0,44.81,17.19,36.31,49.668,18.27,3.286,100.0,39.29,42.32,9.97,2.33,3.84,32.84,12.67,11.23,26.3,12.85,2.2,104.5,1162.1,19.2,8.17,33.71,41.88,33.07,78.97,False,88.06,85.53,87.92
SYN_00984,SYNTHETIC_SIMULATED,True,,,True,VERIFIED,Almond Shells,nut_shells,51.0,6.0,39.5,0.5,0.05,2.95,7.809664337651028,73.5,23.55,2.0,480.0,20.725,17.709,386.4039589881271,105.0,7.809664337651028,691.6,529.72,2.2,15.25,27.85,56.89,53.766,123.944,210.344,0.0,100.0,46.9,15.54,15.53,15.53,4.57,24.5,190.12,16.07,32.52,12.57,2.26,81.6,1148.5,11.3,0.0,234.64,234.64,710.55,302.83,True,65.38,65.3,64.85
SYN_00985,SYNTHETIC_SIMULATED,True,,,True,VERIFIED,Pine Sawdust,woody_biomass,51.5,6.3,41.6,0.2,0.05,0.35,10.926926837513356,82.5,17.15,2.0,420.0,21.095,17.298,301.6520786680845,105.0,8.0,499.23,13.02,0.48,25.35,50.8,23.85,67.264,152.207,70.746,9.597,100.0,44.39,31.91,12.53,4.65,4.3,30.27,52.17,13.32,24.86,14.51,2.21,101.5,1165.3,21.8,23.25,111.36,134.61,161.68,120.11,True,83.08,82.66,83.86
SYN_00986,SYNTHETIC_SIMULATED,True,,,True,VERIFIED,Beech Wood,woody_biomass,49.5,6.1,43.8,0.2,0.02,0.38,9.093691588593671,84.0,15.62,2.0,460.0,19.93,16.686,427.8997187372332,105.0,8.0,722.0,309.4,2.76,12.25,26.59,61.16,47.431,132.205,241.791,5.087,100.0,46.76,14.99,15.6,16.16,4.58,24.24,225.03,16.15,33.69,11.76,2.27,78.7,1145.9,10.3,25.24,273.12,298.37,845.19,283.27,True,66.09,65.69,65.54
SYN_00987,SYNTHETIC_SIMULATED,True,,,True,VERIFIED,Olive Pomace,agricultural_residue,50.2,6.2,39.8,1.4,0.1,2.3,11.053513573397431,76.5,21.2,2.0,550.0,20.655,16.899,353.42397987775473,105.0,8.0,523.13,31.13,32.6,23.01,48.34,28.64,72.535,171.838,97.642,11.73,100.0,45.8,28.21,13.37,6.0,4.42,29.23,74.53,14.03,25.42,14.06,2.21,99.5,1164.1,20.8,27.68,138.66,166.35,243.19,146.2,True,78.18,77.77,78.52
SYN_00988,SYNTHETIC_SIMULATED,True,,,True,VERIFIED,Wheat Straw,agricultural_residue,46.5,5.9,41.2,0.7,0.1,5.6,22.96973956175612,75.0,19.4,2.0,220.0,18.806,12.934,203.59656266438193,105.0,8.0,612.09,10.95,18.58,19.65,30.43,49.92,30.38,58.196,80.741,33.128,100.0,47.42,18.78,15.13,12.07,4.57,25.96,69.72,15.62,31.56,11.46,2.24,86.8,1150.6,12.3,39.88,86.43,126.32,253.21,200.45,True,68.04,67.42,67.65
SYN_00989,SYNTHETIC_SIMULATED,True,,,True,VERIFIED,Rice Husk,agricultural_residue,39.5,5.1,36.5,0.4,0.1,18.4,8.091754866134682,63.5,18.1,2.0,340.0,15.64,13.154,213.97315758574805,105.0,8.0,730.96,569.81,0.16,28.25,16.79,54.96,55.51,47.419,109.847,0.213,100.0,46.73,14.89,15.62,16.28,4.58,24.2,101.98,16.16,42.03,7.67,2.3,68.5,1127.5,5.1,10.51,140.07,150.58,383.38,254.61,True,66.07,65.47,65.85
SYN_00990,SYNTHETIC_SIMULATED,True,,,True,VERIFIED,Sugarcane Bagasse,agricultural_residue,48.0,5.8,43.5,0.3,0.05,2.35,10.137492673223889,81.0,16.65,2.0,180.0,19.044,15.728,135.7292254476272,105.0,8.0,609.23,434.0,9.76,15.68,37.72,46.6,18.798,54.275,58.711,3.153,100.0,47.44,19.14,15.08,11.73,4.57,26.11,50.74,15.56,28.49,12.27,2.23,91.0,1157.3,16.0,9.41,66.37,75.78,183.68,242.39,True,69.45,68.86,69.38
SYN_00991,SYNTHETIC_SIMULATED,True,,,True,VERIFIED,Miscanthus,energy_crop,48.5,5.7,42.6,0.6,0.1,2.5,18.34816089742591,79.5,18.0,2.0,200.0,19.191,14.206,438.4818062320606,105.0,8.0,484.58,32.41,0.17,28.54,49.37,22.09,99.184,198.555,86.723,49.32,100.0,43.47,34.0,12.03,4.04,4.22,30.82,63.57,12.92,25.18,13.08,2.21,101.8,1164.6,21.2,65.9,143.52,209.42,190.94,91.17,False,83.49,81.96,83.8
SYN_00992,SYNTHETIC_SIMULATED,True,,,True,VERIFIED,Almond Shells,nut_shells,51.0,6.0,39.5,0.5,0.05,2.95,18.306680540226345,73.5,23.55,2.0,480.0,20.725,15.415,349.1435241743645,105.0,8.0,520.02,100.09,40.69,23.17,48.64,28.19,64.685,156.406,86.62,39.114,100.0,45.7,28.51,13.31,5.87,4.41,29.32,66.45,13.97,25.35,14.17,2.21,99.7,1164.2,20.9,52.33,125.13,177.47,215.92,121.67,True,78.57,78.12,78.95
SYN_00993,SYNTHETIC_SIMULATED,True,,,True,VERIFIED,Pine Sawdust,woody_biomass,51.5,6.3,41.6,0.2,0.05,0.35,14.81228658581493,82.5,17.15,2.0,420.0,21.095,16.437,372.1441300670432,105.0,8.0,567.06,501.36,28.82,15.89,45.16,38.95,49.413,162.515,130.392,27.556,100.0,47.23,22.54,14.53,9.04,4.54,27.41,106.55,15.03,26.21,14.2,2.22,96.0,1162.3,19.4,42.95,156.73,199.68,372.47,186.54,True,74.87,74.46,74.89
SYN_00994,SYNTHETIC_SIMULATED,True,,,True,VERIFIED,Beech Wood,woody_biomass,49.5,6.1,43.8,0.2,0.02,0.38,7.323694597275631,84.0,15.62,2.0,460.0,19.93,17.058,56.904640666578395,105.0,7.323694597275631,695.9,23.3,0.12,13.1,31.66,55.24,6.812,19.931,29.938,0.0,100.0,46.9,15.53,15.53,15.54,4.57,24.5,27.42,16.07,29.58,12.64,2.25,85.1,1154.9,14.6,0.0,34.67,34.67,102.48,295.61,True,68.05,67.5,67.63
SYN_00995,SYNTHETIC_SIMULATED,True,,,True,VERIFIED,Olive Pomace,agricultural_residue,50.2,6.2,39.8,1.4,0.1,2.3,15.415407334377383,76.5,21.2,2.0,550.0,20.655,15.95,410.26163313933154,105.0,8.0,463.34,20.79,2.1,33.68,46.51,19.82,114.983,183.313,75.856,33.068,100.0,41.83,37.45,11.19,3.21,4.07,31.69,54.06,12.23,25.86,13.96,2.21,102.5,1163.1,20.0,49.79,131.79,181.58,153.72,84.66,False,86.26,84.31,85.92
SYN_00996,SYNTHETIC_SIMULATED,True,,,True,VERIFIED,Wheat Straw,agricultural_residue,46.5,5.9,41.2,0.7,0.1,5.6,6.494223101189279,75.0,19.4,2.0,220.0,18.806,16.223,58.650495164672876,105.0,6.494223101189279,578.38,24.44,5.83,20.61,40.71,38.68,11.099,25.286,22.453,0.0,100.0,47.38,21.34,14.74,9.9,4.56,26.97,18.5,15.23,24.83,12.83,2.22,97.1,1165.4,21.8,0.0,27.67,27.67,65.5,236.77,True,69.65,69.09,69.71
SYN_00997,SYNTHETIC_SIMULATED,True,,,True,VERIFIED,Rice Husk,agricultural_residue,39.5,5.1,36.5,0.4,0.1,18.4,27.529200647718344,63.5,18.1,2.0,340.0,15.64,9.856,79.89424259364557,105.0,8.0,477.2,11.44,0.63,42.36,37.7,19.94,24.057,25.687,12.703,16.959,100.0,42.88,35.29,11.72,3.71,4.17,31.15,9.08,12.66,28.49,10.03,2.22,97.7,1157.3,16.0,19.24,22.74,41.99,26.74,63.68,False,82.01,73.8,77.54
SYN_00998,SYNTHETIC_SIMULATED,True,,,True,VERIFIED,Sugarcane Bagasse,agricultural_residue,48.0,5.8,43.5,0.3,0.05,2.35,6.370305504963857,81.0,16.65,2.0,180.0,19.044,16.49,70.05346525961164,105.0,6.370305504963857,597.47,57.36,0.15,16.33,43.17,40.5,10.558,31.604,27.741,0.0,100.0,47.45,19.86,14.98,11.09,4.57,26.4,23.67,15.46,23.98,13.2,2.22,97.3,1167.2,23.4,0.0,34.49,34.49,85.07,246.63,True,71.24,70.77,71.48
SYN_00999,SYNTHETIC_SIMULATED,True,,,True,VERIFIED,Miscanthus,energy_crop,48.5,5.7,42.6,0.6,0.1,2.5,22.65321798163745,79.5,18.0,2.0,200.0,19.191,13.328,398.60192267371474,105.0,8.0,571.55,95.1,7.86,17.67,44.87,37.46,53.652,157.468,121.867,63.487,100.0,47.27,22.3,14.57,9.2,4.54,27.32,100.15,15.07,26.28,12.85,2.22,95.8,1162.2,19.3,76.84,153.3,230.14,351.03,152.53,True,74.66,74.15,74.94
SYN_01000,SYNTHETIC_SIMULATED,True,,,True,VERIFIED,Almond Shells,nut_shells,51.0,6.0,39.5,0.5,0.05,2.95,12.626866870580539,73.5,23.55,2.0,480.0,20.725,16.656,485.54527223341626,105.0,8.0,503.2,670.51,0.63,25.88,49.98,24.14,107.774,240.789,111.802,24.419,100.0,44.6,31.41,12.64,4.81,4.31,30.14,83.56,13.42,25.04,14.23,2.21,101.1,1164.9,21.4,45.57,177.27,222.84,260.85,117.06,True,80.19,79.8,80.81
